,index,country,country_code,year,trade_openness
0,0,Afghanistan,AFG,1996,
1,163,Afghanistan,AFG,1997,
2,326,Afghanistan,AFG,1998,
3,489,Afghanistan,AFG,1999,
4,652,Afghanistan,AFG,2000,
5,815,Afghanistan,AFG,2001,
6,978,Afghanistan,AFG,2002,
7,1141,Afghanistan,AFG,2003,
8,1304,Afghanistan,AFG,2004,
9,1467,Afghanistan,AFG,2005,
10,1630,Afghanistan,AFG,2006,
11,1793,Afghanistan,AFG,2007,
12,1956,Afghanistan,AFG,2008,
13,2119,Afghanistan,AFG,2009,
14,2282,Afghanistan,AFG,2010,
15,2445,Afghanistan,AFG,2011,
16,2608,Afghanistan,AFG,2012,
17,2771,Afghanistan,AFG,2013,
18,2934,Afghanistan,AFG,2014,
19,3097,Afghanistan,AFG,2015,
20,3260,Afghanistan,AFG,2016,
21,3423,Afghanistan,AFG,2017,
22,3586,Afghanistan,AFG,2018,
23,3749,Afghanistan,AFG,2019,
24,3912,Afghanistan,AFG,2020,46.7098945514103
25,4075,Afghanistan,AFG,2021,51.4117163747271
26,4238,Afghanistan,AFG,2022,72.8854696086536
27,2,Albania,ALB,1996,44.4117820054663
28,165,Albania,ALB,1997,44.7293780649181
29,328,Albania,ALB,1998,47.1306266993222
30,491,Albania,ALB,1999,49.8954184095195
31,654,Albania,ALB,2000,61.6092610436407
32,817,Albania,ALB,2001,64.2474462587009
33,980,Albania,ALB,2002,65.9914650336802
34,1143,Albania,ALB,2003,64.8232150960777
35,1306,Albania,ALB,2004,65.0379383187697
36,1469,Albania,ALB,2005,69.1162926602322
37,1632,Albania,ALB,2006,72.2019089483674
38,1795,Albania,ALB,2007,79.9119008919954
39,1958,Albania,ALB,2008,75.2485472798728
40,2121,Albania,ALB,2009,73.3213575646169
41,2284,Albania,ALB,2010,75.5325329687378
42,2447,Albania,ALB,2011,80.6989985298954
43,2610,Albania,ALB,2012,76.9683583166821
44,2773,Albania,ALB,2013,75.7506185619748
45,2936,Albania,ALB,2014,75.0212023084129
46,3099,Albania,ALB,2015,71.2794476606014
47,3262,Albania,ALB,2016,74.0144504546815
48,3425,Albania,ALB,2017,76.7873817898989
49,3588,Albania,ALB,2018,75.6940783717425
50,3751,Albania,ALB,2019,75.382128932689
51,3914,Albania,ALB,2020,59.5207118897718
52,4077,Albania,ALB,2021,75.5903217283122
53,4240,Albania,ALB,2022,84.6980571024438
54,43,Algeria,DZA,1996,53.7051478767794
55,206,Algeria,DZA,1997,52.2439115059386
56,369,Algeria,DZA,1998,45.0944505585079
57,532,Algeria,DZA,1999,50.9291093379713
58,695,Algeria,DZA,2000,62.8583436360347
59,858,Algeria,DZA,2001,54.5296491177208
60,1021,Algeria,DZA,2002,56.5896052814114
61,1184,Algeria,DZA,2003,57.7691353044878
62,1347,Algeria,DZA,2004,61.3579975707176
63,1510,Algeria,DZA,2005,66.8404602203906
64,1673,Algeria,DZA,2006,65.9152919677621
65,1836,Algeria,DZA,2007,67.5454733939763
66,1999,Algeria,DZA,2008,71.0284922505261
67,2162,Algeria,DZA,2009,64.2847547238993
68,2325,Algeria,DZA,2010,63.4912159928425
69,2488,Algeria,DZA,2011,62.2200899610479
70,2651,Algeria,DZA,2012,60.7576393340605
71,2814,Algeria,DZA,2013,59.151008157244
72,2977,Algeria,DZA,2014,56.9235419669867
73,3140,Algeria,DZA,2015,53.2046225904145
74,3303,Algeria,DZA,2016,49.7609327925216
75,3466,Algeria,DZA,2017,49.8208161712587
76,3629,Algeria,DZA,2018,52.4361676779223
77,3792,Algeria,DZA,2019,46.5068426081672
78,3955,Algeria,DZA,2020,40.3897565625388
79,4118,Algeria,DZA,2021,46.8370592599607
80,4281,Algeria,DZA,2022,51.2023757404409
81,1,Angola,AGO,1996,
82,164,Angola,AGO,1997,
83,327,Angola,AGO,1998,
84,490,Angola,AGO,1999,
85,653,Angola,AGO,2000,
86,816,Angola,AGO,2001,
87,979,Angola,AGO,2002,105.301742600149
88,1142,Angola,AGO,2003,103.901229551372
89,1305,Angola,AGO,2004,103.579947051466
90,1468,Angola,AGO,2005,106.590962129525
91,1631,Angola,AGO,2006,94.6251593320477
92,1794,Angola,AGO,2007,108.060067893978
93,1957,Angola,AGO,2008,121.364708453698
94,2120,Angola,AGO,2009,122.446144139295
95,2283,Angola,AGO,2010,104.123635308845
96,2446,Angola,AGO,2011,99.9825063313368
97,2609,Angola,AGO,2012,91.8000973419114
98,2772,Angola,AGO,2013,86.8119327587926
99,2935,Angola,AGO,2014,79.3329227828897
100,3098,Angola,AGO,2015,62.8885160890192
101,3261,Angola,AGO,2016,53.3701580675988
102,3424,Angola,AGO,2017,52.2568222278462
103,3587,Angola,AGO,2018,66.3780133263399
104,3750,Angola,AGO,2019,57.8295381183036
105,3913,Angola,AGO,2020,65.9420289329872
106,4076,Angola,AGO,2021,74.4644985871074
107,4239,Angola,AGO,2022,69.6910705054094
108,4,Argentina,ARG,1996,21.5064684057215
109,167,Argentina,ARG,1997,23.3361788437439
110,330,Argentina,ARG,1998,23.3500279730689
111,493,Argentina,ARG,1999,21.3827449624898
112,656,Argentina,ARG,2000,22.6224447777343
113,819,Argentina,ARG,2001,21.8522554515453
114,982,Argentina,ARG,2002,41.7527243585642
115,1145,Argentina,ARG,2003,40.6447480311085
116,1308,Argentina,ARG,2004,40.692646108947
117,1471,Argentina,ARG,2005,40.5512709706238
118,1634,Argentina,ARG,2006,40.4334798719151
119,1797,Argentina,ARG,2007,40.945170618571
120,1960,Argentina,ARG,2008,40.4026733790382
121,2123,Argentina,ARG,2009,34.0571269054879
122,2286,Argentina,ARG,2010,34.9710132635696
123,2449,Argentina,ARG,2011,35.2061549999644
124,2612,Argentina,ARG,2012,30.5265423717108
125,2775,Argentina,ARG,2013,29.3339290021037
126,2938,Argentina,ARG,2014,28.4067936452275
127,3101,Argentina,ARG,2015,22.4862260889792
128,3264,Argentina,ARG,2016,26.0938878488799
129,3427,Argentina,ARG,2017,25.2896011376779
130,3590,Argentina,ARG,2018,30.7625359549926
131,3753,Argentina,ARG,2019,32.6306150458499
132,3916,Argentina,ARG,2020,30.203698807416
133,4079,Argentina,ARG,2021,33.078689567466
134,4242,Argentina,ARG,2022,31.5477080051071
135,5,Armenia,ARM,1996,79.2295601199241
136,168,Armenia,ARM,1997,78.5477450545048
137,331,Armenia,ARM,1998,71.8424518815414
138,494,Armenia,ARM,1999,70.5604791440404
139,657,Armenia,ARM,2000,72.2333302273367
140,820,Armenia,ARM,2001,69.8642663925336
141,983,Armenia,ARM,2002,73.9845018432309
142,1146,Armenia,ARM,2003,80.0513676022426
143,1309,Armenia,ARM,2004,73.0706339919371
144,1472,Armenia,ARM,2005,70.1397385835334
145,1635,Armenia,ARM,2006,61.0301379818566
146,1798,Armenia,ARM,2007,56.9750470853147
147,1961,Armenia,ARM,2008,54.5423279613666
148,2124,Armenia,ARM,2009,57.2742357441995
149,2287,Armenia,ARM,2010,64.642975973633
150,2450,Armenia,ARM,2011,69.4355736620453
151,2613,Armenia,ARM,2012,75.9616759606704
152,2776,Armenia,ARM,2013,77.5550481598824
153,2939,Armenia,ARM,2014,75.778866962639
154,3102,Armenia,ARM,2015,71.6820743427575
155,3265,Armenia,ARM,2016,76.0779674593548
156,3428,Armenia,ARM,2017,87.202376539837
157,3591,Armenia,ARM,2018,92.473107021212
158,3754,Armenia,ARM,2019,96.1141541288708
159,3917,Armenia,ARM,2020,69.4888075396076
160,4080,Armenia,ARM,2021,79.6698888228399
161,4243,Armenia,ARM,2022,101.41077826094
162,6,Australia,AUS,1996,38.2330533547335
163,169,Australia,AUS,1997,37.9808322779409
164,332,Australia,AUS,1998,39.9927024641912
165,495,Australia,AUS,1999,39.0297954188357
166,658,Australia,AUS,2000,40.9352109785505
167,821,Australia,AUS,2001,44.2187044989977
168,984,Australia,AUS,2002,41.4490922022193
169,1147,Australia,AUS,2003,40.2015669125448
170,1310,Australia,AUS,2004,37.0096135930442
171,1473,Australia,AUS,2005,39.1607469727979
172,1636,Australia,AUS,2006,41.5594471705758
173,1799,Australia,AUS,2007,42.0080200326348
174,1962,Australia,AUS,2008,42.8467764017331
175,2125,Australia,AUS,2009,45.7408630288694
176,2288,Australia,AUS,2010,40.5215889941287
177,2451,Australia,AUS,2011,41.851132029052
178,2614,Australia,AUS,2012,43.1642964994556
179,2777,Australia,AUS,2013,41.2728790174276
180,2940,Australia,AUS,2014,42.4840230270994
181,3103,Australia,AUS,2015,41.6639319280984
182,3266,Australia,AUS,2016,40.974079475775
183,3429,Australia,AUS,2017,42.2037316765804
184,3592,Australia,AUS,2018,43.7360650798433
185,3755,Australia,AUS,2019,46.1875018936291
186,3918,Australia,AUS,2020,44.6644560654359
187,4081,Australia,AUS,2021,40.3024802691697
188,4244,Australia,AUS,2022,45.8217702307271
189,7,Austria,AUT,1996,70.4693162982812
190,170,Austria,AUT,1997,75.2444760305554
191,333,Austria,AUT,1998,77.3495216604118
192,496,Austria,AUT,1999,78.5629329772961
193,659,Austria,AUT,2000,85.8426077336549
194,822,Austria,AUT,2001,87.9962567186047
195,985,Austria,AUT,2002,87.5844937054619
196,1148,Austria,AUT,2003,86.8822263228608
197,1311,Austria,AUT,2004,91.4742201880009
198,1474,Austria,AUT,2005,94.6747547827805
199,1637,Austria,AUT,2006,98.7857253161241
200,1800,Austria,AUT,2007,101.36495843546
201,1963,Austria,AUT,2008,102.7437043613
202,2126,Austria,AUT,2009,87.6004931021953
203,2289,Austria,AUT,2010,99.6448825546716
204,2452,Austria,AUT,2011,105.775098372378
205,2615,Austria,AUT,2012,105.840791389706
206,2778,Austria,AUT,2013,104.985374015367
207,2941,Austria,AUT,2014,104.49673998926
208,3104,Austria,AUT,2015,103.11758174626
209,3267,Austria,AUT,2016,101.573494597172
210,3430,Austria,AUT,2017,105.556066755438
211,3593,Austria,AUT,2018,108.377969971828
212,3756,Austria,AUT,2019,108.207284904426
213,3919,Austria,AUT,2020,99.9482141095975
214,4082,Austria,AUT,2021,111.032268737901
215,4245,Austria,AUT,2022,124.38345148483
216,8,Azerbaijan,AZE,1996,80.8497401741931
217,171,Azerbaijan,AZE,1997,82.0789665326283
218,334,Azerbaijan,AZE,1998,77.2278091030634
219,497,Azerbaijan,AZE,1999,69.8259648751026
220,660,Azerbaijan,AZE,2000,78.5485682796041
221,823,Azerbaijan,AZE,2001,78.8151854917601
222,986,Azerbaijan,AZE,2002,92.8181443298969
223,1149,Azerbaijan,AZE,2003,107.551948506262
224,1312,Azerbaijan,AZE,2004,121.507115894117
225,1475,Azerbaijan,AZE,2005,115.841884607706
226,1638,Azerbaijan,AZE,2006,105.262399846369
227,1801,Azerbaijan,AZE,2007,96.6418081486575
228,1964,Azerbaijan,AZE,2008,89.2428968637573
229,2127,Azerbaijan,AZE,2009,74.7440416836369
230,2290,Azerbaijan,AZE,2010,74.9859884610856
231,2453,Azerbaijan,AZE,2011,80.5080450059522
232,2616,Azerbaijan,AZE,2012,78.263069540422
233,2779,Azerbaijan,AZE,2013,74.6758447629851
234,2942,Azerbaijan,AZE,2014,69.4832251953347
235,3105,Azerbaijan,AZE,2015,72.6015079073189
236,3268,Azerbaijan,AZE,2016,90.0773187345677
237,3431,Azerbaijan,AZE,2017,90.4023156823216
238,3594,Azerbaijan,AZE,2018,91.6725765369825
239,3757,Azerbaijan,AZE,2019,85.8181454084561
240,3920,Azerbaijan,AZE,2020,72.0178676487811
241,4083,Azerbaijan,AZE,2021,76.286865687015
242,4246,Azerbaijan,AZE,2022,86.9822732541779
243,15,Bahrain,BHR,1996,144.333450490306
244,178,Bahrain,BHR,1997,130.672449001883
245,341,Bahrain,BHR,1998,113.001418957352
246,504,Bahrain,BHR,1999,124.735737154328
247,667,Bahrain,BHR,2000,135.809135327865
248,830,Bahrain,BHR,2001,127.026266277537
249,993,Bahrain,BHR,2002,131.133634216392
250,1156,Bahrain,BHR,2003,128.091582155216
251,1319,Bahrain,BHR,2004,140.737310039923
252,1482,Bahrain,BHR,2005,148.313525108923
253,1645,Bahrain,BHR,2006,147.104181068989
254,1808,Bahrain,BHR,2007,137.785050572304
255,1971,Bahrain,BHR,2008,145.882511145821
256,2134,Bahrain,BHR,2009,117.963725409489
257,2297,Bahrain,BHR,2010,115.561486449616
258,2460,Bahrain,BHR,2011,167.529641035854
259,2623,Bahrain,BHR,2012,178.824020821684
260,2786,Bahrain,BHR,2013,184.58950884485
261,2949,Bahrain,BHR,2014,168.57585814186
262,3112,Bahrain,BHR,2015,147.916060172904
263,3275,Bahrain,BHR,2016,132.822997902774
264,3438,Bahrain,BHR,2017,136.429239810394
265,3601,Bahrain,BHR,2018,144.075372574535
266,3764,Bahrain,BHR,2019,135.417543398211
267,3927,Bahrain,BHR,2020,135.460985012931
268,4090,Bahrain,BHR,2021,153.799316485108
269,4253,Bahrain,BHR,2022,167.141241152535
270,13,Bangladesh,BGD,1996,26.0760877233809
271,176,Bangladesh,BGD,1997,26.3255133900833
272,339,Bangladesh,BGD,1998,27.8800634028394
273,502,Bangladesh,BGD,1999,28.3879405571158
274,665,Bangladesh,BGD,2000,29.3217143619038
275,828,Bangladesh,BGD,2001,32.0980170730117
276,991,Bangladesh,BGD,2002,28.9673807211649
277,1154,Bangladesh,BGD,2003,27.657884900158
278,1317,Bangladesh,BGD,2004,26.8582341492431
279,1480,Bangladesh,BGD,2005,34.396934864465
280,1643,Bangladesh,BGD,2006,38.1119244325921
281,1806,Bangladesh,BGD,2007,39.9423826531735
282,1969,Bangladesh,BGD,2008,42.6209140325589
283,2132,Bangladesh,BGD,2009,40.092796223023
284,2295,Bangladesh,BGD,2010,37.8028426708321
285,2458,Bangladesh,BGD,2011,47.4208498356898
286,2621,Bangladesh,BGD,2012,48.1109227490467
287,2784,Bangladesh,BGD,2013,46.2964027228174
288,2947,Bangladesh,BGD,2014,44.5140801968096
289,3110,Bangladesh,BGD,2015,42.0859963070382
290,3273,Bangladesh,BGD,2016,31.3341501346142
291,3436,Bangladesh,BGD,2017,29.9997306724343
292,3599,Bangladesh,BGD,2018,32.5146317240884
293,3762,Bangladesh,BGD,2019,31.5780544912404
294,3925,Bangladesh,BGD,2020,26.271447376215
295,4088,Bangladesh,BGD,2021,27.7240047036631
296,4251,Bangladesh,BGD,2022,33.7799672705735
297,20,Barbados,BRB,1996,
298,183,Barbados,BRB,1997,
299,346,Barbados,BRB,1998,
300,509,Barbados,BRB,1999,
301,672,Barbados,BRB,2000,
302,835,Barbados,BRB,2001,
303,998,Barbados,BRB,2002,
304,1161,Barbados,BRB,2003,
305,1324,Barbados,BRB,2004,
306,1487,Barbados,BRB,2005,
307,1650,Barbados,BRB,2006,
308,1813,Barbados,BRB,2007,
309,1976,Barbados,BRB,2008,
310,2139,Barbados,BRB,2009,
311,2302,Barbados,BRB,2010,
312,2465,Barbados,BRB,2011,
313,2628,Barbados,BRB,2012,
314,2791,Barbados,BRB,2013,
315,2954,Barbados,BRB,2014,
316,3117,Barbados,BRB,2015,
317,3280,Barbados,BRB,2016,
318,3443,Barbados,BRB,2017,
319,3606,Barbados,BRB,2018,
320,3769,Barbados,BRB,2019,
321,3932,Barbados,BRB,2020,
322,4095,Barbados,BRB,2021,
323,4258,Barbados,BRB,2022,
324,17,Belarus,BLR,1996,96.7748997857579
325,180,Belarus,BLR,1997,125.516179156558
326,343,Belarus,BLR,1998,122.957697735989
327,506,Belarus,BLR,1999,120.835117829629
328,669,Belarus,BLR,2000,141.609165955024
329,832,Belarus,BLR,2001,137.044930473063
330,995,Belarus,BLR,2002,131.002058282291
331,1158,Belarus,BLR,2003,134.141852273225
332,1321,Belarus,BLR,2004,142.136510387704
333,1484,Belarus,BLR,2005,118.88435169233
334,1647,Belarus,BLR,2006,124.295103889386
335,1810,Belarus,BLR,2007,128.153877979073
336,1973,Belarus,BLR,2008,129.599478545475
337,2136,Belarus,BLR,2009,108.63564482836
338,2299,Belarus,BLR,2010,115.917972989303
339,2462,Belarus,BLR,2011,157.974255073313
340,2625,Belarus,BLR,2012,153.085269313372
341,2788,Belarus,BLR,2013,119.815965235724
342,2951,Belarus,BLR,2014,110.651424367582
343,3114,Belarus,BLR,2015,115.914826201946
344,3277,Belarus,BLR,2016,125.209322899662
345,3440,Belarus,BLR,2017,133.367754723012
346,3603,Belarus,BLR,2018,139.393736250171
347,3766,Belarus,BLR,2019,130.850406102184
348,3929,Belarus,BLR,2020,118.934176146534
349,4092,Belarus,BLR,2021,136.014167877476
350,4255,Belarus,BLR,2022,120.024207576094
351,10,Belgium,BEL,1996,119.212775757383
352,173,Belgium,BEL,1997,125.68894005618
353,336,Belgium,BEL,1998,124.709122626318
354,499,Belgium,BEL,1999,125.169990540949
355,662,Belgium,BEL,2000,142.230135067034
356,825,Belgium,BEL,2001,139.576839834619
357,988,Belgium,BEL,2002,136.085149488081
358,1151,Belgium,BEL,2003,132.715552833888
359,1314,Belgium,BEL,2004,136.918405348432
360,1477,Belgium,BEL,2005,144.529050669983
361,1640,Belgium,BEL,2006,149.567509299511
362,1803,Belgium,BEL,2007,152.468446875303
363,1966,Belgium,BEL,2008,161.088447790447
364,2129,Belgium,BEL,2009,135.13840572229
365,2292,Belgium,BEL,2010,150.162563621427
366,2455,Belgium,BEL,2011,160.765516888126
367,2618,Belgium,BEL,2012,160.383301425059
368,2781,Belgium,BEL,2013,157.573622782434
369,2944,Belgium,BEL,2014,158.571610953523
370,3107,Belgium,BEL,2015,155.068682045926
371,3270,Belgium,BEL,2016,159.057696611945
372,3433,Belgium,BEL,2017,166.904078237791
373,3596,Belgium,BEL,2018,168.277692877218
374,3759,Belgium,BEL,2019,165.46547893199
375,3922,Belgium,BEL,2020,156.950121282783
376,4085,Belgium,BEL,2021,177.381892440073
377,4248,Belgium,BEL,2022,191.939444094087
378,11,Benin,BEN,1996,56.5177914456367
379,174,Benin,BEN,1997,58.7116296113966
380,337,Benin,BEN,1998,59.5936252981433
381,500,Benin,BEN,1999,54.3917891538957
382,663,Benin,BEN,2000,47.3481515012844
383,826,Benin,BEN,2001,48.2571706392197
384,989,Benin,BEN,2002,43.7684225364311
385,1152,Benin,BEN,2003,41.6162305574334
386,1315,Benin,BEN,2004,39.9029743365096
387,1478,Benin,BEN,2005,39.0959311879142
388,1641,Benin,BEN,2006,39.7746987128551
389,1804,Benin,BEN,2007,49.1137841529705
390,1967,Benin,BEN,2008,47.7753592695169
391,2130,Benin,BEN,2009,44.7026290629806
392,2293,Benin,BEN,2010,51.4308599492924
393,2456,Benin,BEN,2011,47.2170288118403
394,2619,Benin,BEN,2012,50.7367367791134
395,2782,Benin,BEN,2013,59.2001918331875
396,2945,Benin,BEN,2014,65.2682749404551
397,3108,Benin,BEN,2015,56.7563131849476
398,3271,Benin,BEN,2016,58.9869283378276
399,3434,Benin,BEN,2017,61.4765969588474
400,3597,Benin,BEN,2018,61.7951944903448
401,3760,Benin,BEN,2019,63.68133231423
402,3923,Benin,BEN,2020,44.8332333768726
403,4086,Benin,BEN,2021,48.0548608324409
404,4249,Benin,BEN,2022,44.3815928877424
405,18,Bolivia,BOL,1996,49.8562913723023
406,181,Bolivia,BOL,1997,50.4696628058748
407,344,Bolivia,BOL,1998,52.2811629581228
408,507,Bolivia,BOL,1999,44.1682564870165
409,670,Bolivia,BOL,2000,45.5977750218555
410,833,Bolivia,BOL,2001,45.2278224315522
411,996,Bolivia,BOL,2002,49.3502603725957
412,1159,Bolivia,BOL,2003,51.967836443987
413,1322,Bolivia,BOL,2004,57.4642660901316
414,1485,Bolivia,BOL,2005,67.6419413613743
415,1648,Bolivia,BOL,2006,74.537848431547
416,1811,Bolivia,BOL,2007,76.0619114476148
417,1974,Bolivia,BOL,2008,82.8670208961798
418,2137,Bolivia,BOL,2009,68.6270739127592
419,2300,Bolivia,BOL,2010,75.5116262512877
420,2463,Bolivia,BOL,2011,82.4803954243518
421,2626,Bolivia,BOL,2012,84.9487611684942
422,2789,Bolivia,BOL,2013,81.2309075267174
423,2952,Bolivia,BOL,2014,85.2644695625131
424,3115,Bolivia,BOL,2015,67.9328451905248
425,3278,Bolivia,BOL,2016,56.4010345026573
426,3441,Bolivia,BOL,2017,56.7046527566598
427,3604,Bolivia,BOL,2018,57.1099646119643
428,3767,Bolivia,BOL,2019,56.3973067281247
429,3930,Bolivia,BOL,2020,45.5032626166675
430,4093,Bolivia,BOL,2021,59.0213965632554
431,4256,Bolivia,BOL,2022,67.7558987681252
432,16,Bosnia and Herzegovina,BIH,1996,107.500043530726
433,179,Bosnia and Herzegovina,BIH,1997,100.630964756317
434,342,Bosnia and Herzegovina,BIH,1998,125.666609057011
435,505,Bosnia and Herzegovina,BIH,1999,121.820541564193
436,668,Bosnia and Herzegovina,BIH,2000,85.3577431341788
437,831,Bosnia and Herzegovina,BIH,2001,86.0357326558687
438,994,Bosnia and Herzegovina,BIH,2002,78.727479488695
439,1157,Bosnia and Herzegovina,BIH,2003,80.5694572639365
440,1320,Bosnia and Herzegovina,BIH,2004,81.8126836247759
441,1483,Bosnia and Herzegovina,BIH,2005,84.3554628217984
442,1646,Bosnia and Herzegovina,BIH,2006,79.8299477752016
443,1809,Bosnia and Herzegovina,BIH,2007,83.551858889163
444,1972,Bosnia and Herzegovina,BIH,2008,86.1628798430504
445,2135,Bosnia and Herzegovina,BIH,2009,73.7474942255023
446,2298,Bosnia and Herzegovina,BIH,2010,80.9682159626823
447,2461,Bosnia and Herzegovina,BIH,2011,87.8363477136556
448,2624,Bosnia and Herzegovina,BIH,2012,88.1451088628529
449,2787,Bosnia and Herzegovina,BIH,2013,87.9312413116757
450,2950,Bosnia and Herzegovina,BIH,2014,90.5522806874185
451,3113,Bosnia and Herzegovina,BIH,2015,88.2919898407608
452,3276,Bosnia and Herzegovina,BIH,2016,88.2440351685547
453,3439,Bosnia and Herzegovina,BIH,2017,96.6458791411189
454,3602,Bosnia and Herzegovina,BIH,2018,98.4320911961869
455,3765,Bosnia and Herzegovina,BIH,2019,94.5161278874242
456,3928,Bosnia and Herzegovina,BIH,2020,82.1112652572898
457,4091,Bosnia and Herzegovina,BIH,2021,96.4859085777747
458,4254,Bosnia and Herzegovina,BIH,2022,110.20596766123
459,21,Botswana,BWA,1996,90.955575275056
460,184,Botswana,BWA,1997,108.604415150755
461,347,Botswana,BWA,1998,101.841039320292
462,510,Botswana,BWA,1999,98.9290812021418
463,673,Botswana,BWA,2000,91.924729689918
464,836,Botswana,BWA,2001,87.5250655680957
465,999,Botswana,BWA,2002,91.8357740585774
466,1162,Botswana,BWA,2003,85.8340425151264
467,1325,Botswana,BWA,2004,90.9978228872631
468,1488,Botswana,BWA,2005,88.5053520573505
469,1651,Botswana,BWA,2006,86.612433913524
470,1814,Botswana,BWA,2007,98.4965249407252
471,1977,Botswana,BWA,2008,99.008222007989
472,2140,Botswana,BWA,2009,88.4807886337378
473,2303,Botswana,BWA,2010,94.6390020873926
474,2466,Botswana,BWA,2011,98.9614677801469
475,2629,Botswana,BWA,2012,111.875280620952
476,2792,Botswana,BWA,2013,125.78303991122
477,2955,Botswana,BWA,2014,119.497541791464
478,3118,Botswana,BWA,2015,112.900891016005
479,3281,Botswana,BWA,2016,100.464689766026
480,3444,Botswana,BWA,2017,81.9239513763494
481,3607,Botswana,BWA,2018,87.4551039946493
482,3770,Botswana,BWA,2019,83.0929813601175
483,3933,Botswana,BWA,2020,77.6634178431966
484,4096,Botswana,BWA,2021,88.7587495945773
485,4259,Botswana,BWA,2022,85.6117077589148
486,19,Brazil,BRA,1996,15.6355914758682
487,182,Brazil,BRA,1997,16.5762092613247
488,345,Brazil,BRA,1998,16.4385849312059
489,508,Brazil,BRA,1999,20.9821664782285
490,671,Brazil,BRA,2000,22.6397613567941
491,834,Brazil,BRA,2001,26.936285022064
492,997,Brazil,BRA,2002,27.6183574022309
493,1160,Brazil,BRA,2003,28.1403847231593
494,1323,Brazil,BRA,2004,29.6782524787535
495,1486,Brazil,BRA,2005,27.0867952043315
496,1649,Brazil,BRA,2006,26.04169989179
497,1812,Brazil,BRA,2007,25.2926113755394
498,1975,Brazil,BRA,2008,27.257569417356
499,2138,Brazil,BRA,2009,22.1059756060333
500,2301,Brazil,BRA,2010,22.772178113177
501,2464,Brazil,BRA,2011,23.9344051758721
502,2627,Brazil,BRA,2012,25.1142736107398
503,2790,Brazil,BRA,2013,25.7859573274674
504,2953,Brazil,BRA,2014,24.6854058131291
505,3116,Brazil,BRA,2015,26.95362593736
506,3279,Brazil,BRA,2016,24.5336820777006
507,3442,Brazil,BRA,2017,24.3197343743057
508,3605,Brazil,BRA,2018,28.8762033763866
509,3768,Brazil,BRA,2019,28.8902578698964
510,3931,Brazil,BRA,2020,32.3020785437939
511,4094,Brazil,BRA,2021,37.6563307598082
512,4257,Brazil,BRA,2022,38.8160659763397
513,14,Bulgaria,BGR,1996,85.8207914540411
514,177,Bulgaria,BGR,1997,86.4637364673225
515,340,Bulgaria,BGR,1998,77.0452030341
516,503,Bulgaria,BGR,1999,90.0749616578503
517,666,Bulgaria,BGR,2000,77.7457041594489
518,829,Bulgaria,BGR,2001,79.0813687477668
519,992,Bulgaria,BGR,2002,75.2696110143524
520,1155,Bulgaria,BGR,2003,79.0138853713575
521,1318,Bulgaria,BGR,2004,93.063897964183
522,1481,Bulgaria,BGR,2005,99.7142112127381
523,1644,Bulgaria,BGR,2006,111.04746275381
524,1807,Bulgaria,BGR,2007,123.532557660753
525,1970,Bulgaria,BGR,2008,124.688747515359
526,2133,Bulgaria,BGR,2009,92.6926456036375
527,2296,Bulgaria,BGR,2010,103.380522321192
528,2459,Bulgaria,BGR,2011,117.41810388629
529,2622,Bulgaria,BGR,2012,123.971322714174
530,2785,Bulgaria,BGR,2013,129.688682986482
531,2948,Bulgaria,BGR,2014,130.248377115245
532,3111,Bulgaria,BGR,2015,126.73664221295
533,3274,Bulgaria,BGR,2016,122.805514356513
534,3437,Bulgaria,BGR,2017,129.634429048004
535,3600,Bulgaria,BGR,2018,128.865565279241
536,3763,Bulgaria,BGR,2019,125.029963140694
537,3926,Bulgaria,BGR,2020,110.324081132354
538,4089,Bulgaria,BGR,2021,121.157354617771
539,4252,Bulgaria,BGR,2022,138.84014681798
540,12,Burkina Faso,BFA,1996,38.1802977691941
541,175,Burkina Faso,BFA,1997,37.4164187803511
542,338,Burkina Faso,BFA,1998,40.9397835752562
543,501,Burkina Faso,BFA,1999,35.2548157814824
544,664,Burkina Faso,BFA,2000,35.1229419704263
545,827,Burkina Faso,BFA,2001,31.6581708148511
546,990,Burkina Faso,BFA,2002,31.3125228527966
547,1153,Burkina Faso,BFA,2003,30.3682364077323
548,1316,Burkina Faso,BFA,2004,35.4809436017462
549,1479,Burkina Faso,BFA,2005,34.1721697681049
550,1642,Burkina Faso,BFA,2006,35.1065423554549
551,1805,Burkina Faso,BFA,2007,33.7797172895073
552,1968,Burkina Faso,BFA,2008,35.3853169801502
553,2131,Burkina Faso,BFA,2009,40.2959836735924
554,2294,Burkina Faso,BFA,2010,49.0732385398039
555,2457,Burkina Faso,BFA,2011,57.4972531038508
556,2620,Burkina Faso,BFA,2012,61.2386079818398
557,2783,Burkina Faso,BFA,2013,64.0358513024234
558,2946,Burkina Faso,BFA,2014,58.8235624937426
559,3109,Burkina Faso,BFA,2015,59.0891813101662
560,3272,Burkina Faso,BFA,2016,57.8931727994406
561,3435,Burkina Faso,BFA,2017,59.2687802020168
562,3598,Burkina Faso,BFA,2018,60.5956256236488
563,3761,Burkina Faso,BFA,2019,60.4086928753226
564,3924,Burkina Faso,BFA,2020,60.7397786403239
565,4087,Burkina Faso,BFA,2021,62.4203586607795
566,4250,Burkina Faso,BFA,2022,64.8438739203037
567,9,Burundi,BDI,1996,21.5737222729
568,172,Burundi,BDI,1997,24.2753792298716
569,335,Burundi,BDI,1998,27.4400299850075
570,498,Burundi,BDI,1999,23.5397452788757
571,661,Burundi,BDI,2000,22.5537244890286
572,824,Burundi,BDI,2001,20.9640456147222
573,987,Burundi,BDI,2002,21.6738294069666
574,1150,Burundi,BDI,2003,27.3763120796107
575,1313,Burundi,BDI,2004,31.5761181816532
576,1476,Burundi,BDI,2005,35.0999988412936
577,1639,Burundi,BDI,2006,42.4
578,1802,Burundi,BDI,2007,38.7999987731993
579,1965,Burundi,BDI,2008,47.1999995814015
580,2128,Burundi,BDI,2009,35.8000035591914
581,2291,Burundi,BDI,2010,39.5000053977394
582,2454,Burundi,BDI,2011,43.0000028373483
583,2617,Burundi,BDI,2012,43.7053731916201
584,2780,Burundi,BDI,2013,46.6040790867655
585,2943,Burundi,BDI,2014,42.995025805263
586,3106,Burundi,BDI,2015,22.8382834157721
587,3269,Burundi,BDI,2016,23.0437252570449
588,3432,Burundi,BDI,2017,22.2402931011977
589,3595,Burundi,BDI,2018,26.5997024647774
590,3758,Burundi,BDI,2019,29.0262099997889
591,3921,Burundi,BDI,2020,26.773329999595
592,4084,Burundi,BDI,2021,28.8186599995439
593,4247,Burundi,BDI,2022,28.315320358729
594,80,Cambodia,KHM,1996,69.161566797509
595,243,Cambodia,KHM,1997,78.9346444583816
596,406,Cambodia,KHM,1998,75.6194730009492
597,569,Cambodia,KHM,1999,94.1768880770207
598,732,Cambodia,KHM,2000,110.397125303731
599,895,Cambodia,KHM,2001,111.771741244001
600,1058,Cambodia,KHM,2002,118.269562072288
601,1221,Cambodia,KHM,2003,120.074969093599
602,1384,Cambodia,KHM,2004,131.351481056276
603,1547,Cambodia,KHM,2005,133.551965265648
604,1710,Cambodia,KHM,2006,140.348734318483
605,1873,Cambodia,KHM,2007,133.700023826819
606,2036,Cambodia,KHM,2008,130.393510678736
607,2199,Cambodia,KHM,2009,102.2879490147
608,2362,Cambodia,KHM,2010,109.998400607758
609,2525,Cambodia,KHM,2011,109.790505166814
610,2688,Cambodia,KHM,2012,116.740233418212
611,2851,Cambodia,KHM,2013,124.887552768657
612,3014,Cambodia,KHM,2014,124.454908526693
613,3177,Cambodia,KHM,2015,122.109596815379
614,3340,Cambodia,KHM,2016,122.704555602667
615,3503,Cambodia,KHM,2017,121.155451298689
616,3666,Cambodia,KHM,2018,118.43765541305
617,3829,Cambodia,KHM,2019,115.736679072448
618,3992,Cambodia,KHM,2020,122.105396346568
619,4155,Cambodia,KHM,2021,146.179846509715
620,4318,Cambodia,KHM,2022,145.873632761406
621,28,Cameroon,CMR,1996,45.1156121020442
622,191,Cameroon,CMR,1997,48.4696352704455
623,354,Cameroon,CMR,1998,42.2946538344074
624,517,Cameroon,CMR,1999,37.2383798464814
625,680,Cameroon,CMR,2000,47.9279442460149
626,843,Cameroon,CMR,2001,51.5722691890366
627,1006,Cameroon,CMR,2002,48.4817227279603
628,1169,Cameroon,CMR,2003,40.2431925894529
629,1332,Cameroon,CMR,2004,41.8377424272557
630,1495,Cameroon,CMR,2005,44.9976813478478
631,1658,Cameroon,CMR,2006,47.1044341803567
632,1821,Cameroon,CMR,2007,53.2156908605178
633,1984,Cameroon,CMR,2008,56.9244171562734
634,2147,Cameroon,CMR,2009,42.1761073594765
635,2310,Cameroon,CMR,2010,47.2385853965951
636,2473,Cameroon,CMR,2011,51.521987603918
637,2636,Cameroon,CMR,2012,50.0360127271229
638,2799,Cameroon,CMR,2013,49.6745363462134
639,2962,Cameroon,CMR,2014,50.8323893087648
640,3125,Cameroon,CMR,2015,45.5401468279393
641,3288,Cameroon,CMR,2016,40.6386315268268
642,3451,Cameroon,CMR,2017,39.1990216052629
643,3614,Cameroon,CMR,2018,40.587602877028
644,3777,Cameroon,CMR,2019,43.3785132480415
645,3940,Cameroon,CMR,2020,33.7388313623871
646,4103,Cameroon,CMR,2021,36.7308347188558
647,4266,Cameroon,CMR,2022,41.2866025594679
648,23,Canada,CAN,1996,70.2600734560392
649,186,Canada,CAN,1997,74.3366100816522
650,349,Canada,CAN,1998,78.0811853628611
651,512,Canada,CAN,1999,80.1150293129295
652,675,Canada,CAN,2000,82.7653578503214
653,838,Canada,CAN,2001,78.3442183943698
654,1001,Canada,CAN,2002,75.7070320779233
655,1164,Canada,CAN,2003,69.8400946170607
656,1327,Canada,CAN,2004,70.1924199909562
657,1490,Canada,CAN,2005,69.7591330167357
658,1653,Canada,CAN,2006,68.0521644769988
659,1816,Canada,CAN,2007,66.2834197482347
660,1979,Canada,CAN,2008,67.0236083618983
661,2142,Canada,CAN,2009,58.4743918224897
662,2305,Canada,CAN,2010,60.2081215044483
663,2468,Canada,CAN,2011,62.4987387708328
664,2631,Canada,CAN,2012,62.5955489395005
665,2794,Canada,CAN,2013,62.2310749013405
666,2957,Canada,CAN,2014,64.3786621564923
667,3120,Canada,CAN,2015,66.1649020669781
668,3283,Canada,CAN,2016,65.3636845215556
669,3446,Canada,CAN,2017,65.1010608504649
670,3609,Canada,CAN,2018,66.5998858508762
671,3772,Canada,CAN,2019,66.1714852804959
672,3935,Canada,CAN,2020,61.1567709632763
673,4098,Canada,CAN,2021,62.2468367159421
674,4261,Canada,CAN,2022,67.3176215563989
675,33,Cape Verde,CPV,1996,75.4899678573908
676,196,Cape Verde,CPV,1997,85.979346154719
677,359,Cape Verde,CPV,1998,81.8814137506275
678,522,Cape Verde,CPV,1999,80.9690199640443
679,685,Cape Verde,CPV,2000,87.5206083614917
680,848,Cape Verde,CPV,2001,92.1637224974152
681,1011,Cape Verde,CPV,2002,101.089702293616
682,1174,Cape Verde,CPV,2003,98.7683808076547
683,1337,Cape Verde,CPV,2004,101.567169989502
684,1500,Cape Verde,CPV,2005,104.343839857053
685,1663,Cape Verde,CPV,2006,117.816697232822
686,1826,Cape Verde,CPV,2007,65.8209895991719
687,1989,Cape Verde,CPV,2008,78.184115830287
688,2152,Cape Verde,CPV,2009,68.479572252645
689,2315,Cape Verde,CPV,2010,85.5484498816191
690,2478,Cape Verde,CPV,2011,90.5564501122747
691,2641,Cape Verde,CPV,2012,90.649916554117
692,2804,Cape Verde,CPV,2013,86.1698600308418
693,2967,Cape Verde,CPV,2014,91.3038524117221
694,3130,Cape Verde,CPV,2015,94.0084870167993
695,3293,Cape Verde,CPV,2016,95.3781398609533
696,3456,Cape Verde,CPV,2017,100.052133904219
697,3619,Cape Verde,CPV,2018,105.867524052105
698,3782,Cape Verde,CPV,2019,103.602656463726
699,3945,Cape Verde,CPV,2020,78.3934545931901
700,4108,Cape Verde,CPV,2021,77.4550586265341
701,4271,Cape Verde,CPV,2022,96.9941368513357
702,22,Central African Republic,CAF,1996,47.0844050293092
703,185,Central African Republic,CAF,1997,55.8185083614851
704,348,Central African Republic,CAF,1998,51.0495318767161
705,511,Central African Republic,CAF,1999,43.212343897896
706,674,Central African Republic,CAF,2000,45.6597819937269
707,837,Central African Republic,CAF,2001,39.7304997372329
708,1000,Central African Republic,CAF,2002,36.1085647794782
709,1163,Central African Republic,CAF,2003,36.2312260023474
710,1326,Central African Republic,CAF,2004,33.2439549188203
711,1489,Central African Republic,CAF,2005,35.0709368656226
712,1652,Central African Republic,CAF,2006,36.3958702287378
713,1815,Central African Republic,CAF,2007,37.5808990187896
714,1978,Central African Republic,CAF,2008,34.4375218095517
715,2141,Central African Republic,CAF,2009,31.4942464896799
716,2304,Central African Republic,CAF,2010,34.4304819543042
717,2467,Central African Republic,CAF,2011,34.4756183327299
718,2630,Central African Republic,CAF,2012,33.0594485943314
719,2793,Central African Republic,CAF,2013,38.3992875721315
720,2956,Central African Republic,CAF,2014,53.0950920179825
721,3119,Central African Republic,CAF,2015,53.1451477769621
722,3282,Central African Republic,CAF,2016,50.53064402191
723,3445,Central African Republic,CAF,2017,57.1435457117119
724,3608,Central African Republic,CAF,2018,49.6602000024318
725,3771,Central African Republic,CAF,2019,50.0658000014868
726,3934,Central African Republic,CAF,2020,49.5210200011921
727,4097,Central African Republic,CAF,2021,44.159119995104
728,4260,Central African Republic,CAF,2022,45.23357000162
729,143,Chad,TCD,1996,46.6100331929446
730,306,Chad,TCD,1997,49.313101141288
731,469,Chad,TCD,1998,48.0589828951249
732,632,Chad,TCD,1999,50.5078677642823
733,795,Chad,TCD,2000,51.5711720135652
734,958,Chad,TCD,2001,64.3219080406854
735,1121,Chad,TCD,2002,126.350807849912
736,1284,Chad,TCD,2003,83.3789149599315
737,1447,Chad,TCD,2004,101.768590921564
738,1610,Chad,TCD,2005,77.577493649797
739,1773,Chad,TCD,2006,77.0815766029615
740,1936,Chad,TCD,2007,75.1059962731949
741,2099,Chad,TCD,2008,69.0677746090641
742,2262,Chad,TCD,2009,64.8597511917067
743,2425,Chad,TCD,2010,63.7311691270791
744,2588,Chad,TCD,2011,57.5437561870898
745,2751,Chad,TCD,2012,54.3851887421013
746,2914,Chad,TCD,2013,51.5308164549816
747,3077,Chad,TCD,2014,40.8116269859319
748,3240,Chad,TCD,2015,48.5114982079885
749,3403,Chad,TCD,2016,43.9580149331537
750,3566,Chad,TCD,2017,43.2900613852468
751,3729,Chad,TCD,2018,46.7384317860183
752,3892,Chad,TCD,2019,46.6777247152768
753,4055,Chad,TCD,2020,40.6428170621932
754,4218,Chad,TCD,2021,43.9465041015895
755,4381,Chad,TCD,2022,47.9883784319429
756,25,Chile,CHL,1996,53.9207498943257
757,188,Chile,CHL,1997,54.0992981792892
758,351,Chile,CHL,1998,53.8361785153282
759,514,Chile,CHL,1999,54.6956098321562
760,677,Chile,CHL,2000,58.7119230876973
761,840,Chile,CHL,2001,62.1447669687645
762,1003,Chile,CHL,2002,62.4838519016295
763,1166,Chile,CHL,2003,65.693419590905
764,1329,Chile,CHL,2004,69.8893600532458
765,1492,Chile,CHL,2005,72.0625342380294
766,1655,Chile,CHL,2006,73.7116350448521
767,1818,Chile,CHL,2007,76.9770247140928
768,1981,Chile,CHL,2008,80.6766262406468
769,2144,Chile,CHL,2009,66.6860309631418
770,2307,Chile,CHL,2010,69.7176801370338
771,2470,Chile,CHL,2011,72.4816428077334
772,2633,Chile,CHL,2012,68.156142891334
773,2796,Chile,CHL,2013,65.1432879523879
774,2959,Chile,CHL,2014,65.6346281218887
775,3122,Chile,CHL,2015,59.3491104775309
776,3285,Chile,CHL,2016,56.0578610877723
777,3448,Chile,CHL,2017,56.0261589675707
778,3611,Chile,CHL,2018,58.177050633437
779,3774,Chile,CHL,2019,57.6117545680829
780,3937,Chile,CHL,2020,58.1828635629748
781,4100,Chile,CHL,2021,64.8774063237834
782,4263,Chile,CHL,2022,75.2016177425303
783,26,China,CHN,1996,33.6287512313005
784,189,China,CHN,1997,34.3135763220021
785,352,China,CHN,1998,32.1717399357488
786,515,China,CHN,1999,33.2255380760054
787,678,China,CHN,2000,39.0109424774998
788,841,China,CHN,2001,38.0826469518334
789,1004,China,CHN,2002,42.1944423387413
790,1167,China,CHN,2003,51.0774801301803
791,1330,China,CHN,2004,58.6403340408439
792,1493,China,CHN,2005,61.3600749408237
793,1656,China,CHN,2006,63.5695798621627
794,1819,China,CHN,2007,61.2664640006176
795,1982,China,CHN,2008,56.7111330003209
796,2145,China,CHN,2009,44.4197644331119
797,2308,China,CHN,2010,49.8540722339456
798,2471,China,CHN,2011,49.9458272253443
799,2634,China,CHN,2012,47.48021307841
800,2797,China,CHN,2013,45.9160413795144
801,2960,China,CHN,2014,44.0684564812401
802,3123,China,CHN,2015,38.6971848362233
803,3286,China,CHN,2016,36.1771706929069
804,3449,China,CHN,2017,36.9508526159275
805,3612,China,CHN,2018,36.8943843914148
806,3775,China,CHN,2019,35.1994202739021
807,3938,China,CHN,2020,34.0389507864018
808,4101,China,CHN,2021,36.5206911762564
809,4264,China,CHN,2022,37.4407198763585
810,31,Colombia,COL,1996,36.0441071863282
811,194,Colombia,COL,1997,35.5970680886793
812,357,Colombia,COL,1998,35.9089230535138
813,520,Colombia,COL,1999,36.1492793141794
814,683,Colombia,COL,2000,32.6670854693067
815,846,Colombia,COL,2001,33.9011117949445
816,1009,Colombia,COL,2002,32.9826392144234
817,1172,Colombia,COL,2003,36.51618351723
818,1335,Colombia,COL,2004,35.8634269337995
819,1498,Colombia,COL,2005,37.422697494955
820,1661,Colombia,COL,2006,39.6413559606293
821,1824,Colombia,COL,2007,37.0988970982903
822,1987,Colombia,COL,2008,39.1676494164355
823,2150,Colombia,COL,2009,35.1561285074585
824,2313,Colombia,COL,2010,34.2646031687681
825,2476,Colombia,COL,2011,39.4704235545367
826,2639,Colombia,COL,2012,38.835151018669
827,2802,Colombia,COL,2013,37.9866487978457
828,2965,Colombia,COL,2014,37.4874656411103
829,3128,Colombia,COL,2015,38.3607641184453
830,3291,Colombia,COL,2016,36.202652984202
831,3454,Colombia,COL,2017,35.2829149424588
832,3617,Colombia,COL,2018,36.5347527968973
833,3780,Colombia,COL,2019,37.558533980839
834,3943,Colombia,COL,2020,34.0555709680101
835,4106,Colombia,COL,2021,40.0591463936128
836,4269,Colombia,COL,2022,48.2826551123359
837,32,Comoros,COM,1996,35.757815070747
838,195,Comoros,COM,1997,35.7570439088601
839,358,Comoros,COM,1998,35.7572500717527
840,521,Comoros,COM,1999,35.7571570936764
841,684,Comoros,COM,2000,35.7574785467961
842,847,Comoros,COM,2001,35.7572288808942
843,1010,Comoros,COM,2002,35.7571190715765
844,1173,Comoros,COM,2003,35.7569591302191
845,1336,Comoros,COM,2004,35.7570631161898
846,1499,Comoros,COM,2005,35.7574093340398
847,1662,Comoros,COM,2006,35.7572745643301
848,1825,Comoros,COM,2007,33.1561792127495
849,1988,Comoros,COM,2008,36.2185263542809
850,2151,Comoros,COM,2009,37.8969223253542
851,2314,Comoros,COM,2010,39.5501057977388
852,2477,Comoros,COM,2011,40.0009485841888
853,2640,Comoros,COM,2012,40.8104424055408
854,2803,Comoros,COM,2013,39.2433304243612
855,2966,Comoros,COM,2014,39.2358244155675
856,3129,Comoros,COM,2015,37.8049520714563
857,3292,Comoros,COM,2016,37.1328797158337
858,3455,Comoros,COM,2017,40.164358921352
859,3618,Comoros,COM,2018,42.996153341343
860,3781,Comoros,COM,2019,42.2680785350184
861,3944,Comoros,COM,2020,33.7299346157491
862,4107,Comoros,COM,2021,42.0677236496077
863,4270,Comoros,COM,2022,50.3887704882382
864,30,Congo,COG,1996,128.407663306917
865,193,Congo,COG,1997,135.758179538246
866,356,Congo,COG,1998,148.901662464134
867,519,Congo,COG,1999,131.394190298765
868,682,Congo,COG,2000,123.909884405671
869,845,Congo,COG,2001,130.732481081873
870,1008,Congo,COG,2002,135.45607107226
871,1171,Congo,COG,2003,156.861777335368
872,1334,Congo,COG,2004,131.368198717322
873,1497,Congo,COG,2005,119.552892262402
874,1660,Congo,COG,2006,125.600762974491
875,1823,Congo,COG,2007,148.586625395069
876,1986,Congo,COG,2008,133.108486659608
877,2149,Congo,COG,2009,135.552365681975
878,2312,Congo,COG,2010,124.064754399607
879,2475,Congo,COG,2011,124.591742710141
880,2638,Congo,COG,2012,97.444435145443
881,2801,Congo,COG,2013,93.0028633915235
882,2964,Congo,COG,2014,104.197620103417
883,3127,Congo,COG,2015,117.320721558581
884,3290,Congo,COG,2016,122.259818284021
885,3453,Congo,COG,2017,94.6170952583422
886,3616,Congo,COG,2018,100.583216779714
887,3779,Congo,COG,2019,91.5757547930374
888,3942,Congo,COG,2020,69.3066247188397
889,4105,Congo,COG,2021,85.5462031552188
890,4268,Congo,COG,2022,98.1613366922001
891,34,Costa Rica,CRI,1996,84.0571640061047
892,197,Costa Rica,CRI,1997,87.6131980978704
893,360,Costa Rica,CRI,1998,92.0380212366186
894,523,Costa Rica,CRI,1999,87.5386137677373
895,686,Costa Rica,CRI,2000,86.5249235130705
896,849,Costa Rica,CRI,2001,80.852758718109
897,1012,Costa Rica,CRI,2002,80.4139443360039
898,1175,Costa Rica,CRI,2003,83.3277075355642
899,1338,Costa Rica,CRI,2004,85.2564771965872
900,1501,Costa Rica,CRI,2005,89.2226638923224
901,1664,Costa Rica,CRI,2006,89.8145546136931
902,1827,Costa Rica,CRI,2007,86.4565958439349
903,1990,Costa Rica,CRI,2008,86.4015127113254
904,2153,Costa Rica,CRI,2009,69.7593177251535
905,2316,Costa Rica,CRI,2010,67.5120896837726
906,2479,Costa Rica,CRI,2011,68.639146507318
907,2642,Costa Rica,CRI,2012,67.0485392950742
908,2805,Costa Rica,CRI,2013,64.0664105879215
909,2968,Costa Rica,CRI,2014,65.1912420532231
910,3131,Costa Rica,CRI,2015,60.7535619395756
911,3294,Costa Rica,CRI,2016,62.178478176606
912,3457,Costa Rica,CRI,2017,65.0719537437267
913,3620,Costa Rica,CRI,2018,66.9453420166008
914,3783,Costa Rica,CRI,2019,65.7605300176058
915,3946,Costa Rica,CRI,2020,60.1398862509037
916,4109,Costa Rica,CRI,2021,70.781642302675
917,4272,Costa Rica,CRI,2022,82.227532535289
918,27,Cote d'Ivoire,CIV,1996,52.8042944211567
919,190,Cote d'Ivoire,CIV,1997,54.0062903380367
920,353,Cote d'Ivoire,CIV,1998,53.6538337944761
921,516,Cote d'Ivoire,CIV,1999,55.8935626908747
922,679,Cote d'Ivoire,CIV,2000,54.9639916295152
923,842,Cote d'Ivoire,CIV,2001,53.1141047180447
924,1005,Cote d'Ivoire,CIV,2002,55.9019482275388
925,1168,Cote d'Ivoire,CIV,2003,53.260060681877
926,1331,Cote d'Ivoire,CIV,2004,58.1182963035946
927,1494,Cote d'Ivoire,CIV,2005,62.8209360402806
928,1657,Cote d'Ivoire,CIV,2006,63.690377061452
929,1820,Cote d'Ivoire,CIV,2007,61.4309423484426
930,1983,Cote d'Ivoire,CIV,2008,61.9406212969499
931,2146,Cote d'Ivoire,CIV,2009,66.6729037469185
932,2309,Cote d'Ivoire,CIV,2010,67.472940081257
933,2472,Cote d'Ivoire,CIV,2011,64.7159030611345
934,2635,Cote d'Ivoire,CIV,2012,70.3010893191249
935,2798,Cote d'Ivoire,CIV,2013,58.3526792527234
936,2961,Cote d'Ivoire,CIV,2014,53.6804175610344
937,3124,Cote d'Ivoire,CIV,2015,52.7128647411445
938,3287,Cote d'Ivoire,CIV,2016,47.5655783613535
939,3450,Cote d'Ivoire,CIV,2017,48.6625074729482
940,3613,Cote d'Ivoire,CIV,2018,46.0375087102874
941,3776,Cote d'Ivoire,CIV,2019,44.6604105830795
942,3939,Cote d'Ivoire,CIV,2020,41.9426318190526
943,4102,Cote d'Ivoire,CIV,2021,45.1140327762435
944,4265,Cote d'Ivoire,CIV,2022,52.8663910413483
945,63,Croatia,HRV,1996,67.0542505897715
946,226,Croatia,HRV,1997,74.8841744957651
947,389,Croatia,HRV,1998,64.98432965861
948,552,Croatia,HRV,1999,66.2637743741722
949,715,Croatia,HRV,2000,74.6016854703406
950,878,Croatia,HRV,2001,79.4405856034588
951,1041,Croatia,HRV,2002,81.1609977960211
952,1204,Croatia,HRV,2003,81.4432514353208
953,1367,Croatia,HRV,2004,81.6444126603338
954,1530,Croatia,HRV,2005,81.4923355714118
955,1693,Croatia,HRV,2006,83.5058793177563
956,1856,Croatia,HRV,2007,83.2514767234118
957,2019,Croatia,HRV,2008,82.0719814536512
958,2182,Croatia,HRV,2009,69.6952439244403
959,2345,Croatia,HRV,2010,72.6386568634317
960,2508,Croatia,HRV,2011,77.7657386922551
961,2671,Croatia,HRV,2012,79.0022669647168
962,2834,Croatia,HRV,2013,80.9105173733355
963,2997,Croatia,HRV,2014,85.2091769480039
964,3160,Croatia,HRV,2015,90.6409410989512
965,3323,Croatia,HRV,2016,92.1307890861689
966,3486,Croatia,HRV,2017,97.2213314044204
967,3649,Croatia,HRV,2018,99.06781797397
968,3812,Croatia,HRV,2019,101.382013330328
969,3975,Croatia,HRV,2020,89.5334538008947
970,4138,Croatia,HRV,2021,102.308430815836
971,4301,Croatia,HRV,2022,125.213857590974
972,35,Cuba,CUB,1996,32.6253336147218
973,198,Cuba,CUB,1997,32.7541989320698
974,361,Cuba,CUB,1998,32.5046329835855
975,524,Cuba,CUB,1999,31.8689322462587
976,687,Cuba,CUB,2000,31.0759878817225
977,850,Cuba,CUB,2001,29.3610963815873
978,1013,Cuba,CUB,2002,24.7293133475239
979,1176,Cuba,CUB,2003,26.5871335777077
980,1339,Cuba,CUB,2004,31.3114153338743
981,1502,Cuba,CUB,2005,39.3613744331974
982,1665,Cuba,CUB,2006,37.1880142882062
983,1828,Cuba,CUB,2007,37.9676096642032
984,1991,Cuba,CUB,2008,44.917220748508
985,2154,Cuba,CUB,2009,32.9139819587629
986,2317,Cuba,CUB,2010,40.2919413008332
987,2480,Cuba,CUB,2011,46.9604290476881
988,2643,Cuba,CUB,2012,45.8662036340766
989,2806,Cuba,CUB,2013,44.3238969253902
990,2969,Cuba,CUB,2014,39.2741528539069
991,3132,Cuba,CUB,2015,31.6138124793419
992,3295,Cuba,CUB,2016,27.269113252912
993,3458,Cuba,CUB,2017,26.2224363809981
994,3621,Cuba,CUB,2018,27.0835484496642
995,3784,Cuba,CUB,2019,22.8208911354416
996,3947,Cuba,CUB,2020,15.6825502693015
997,4110,Cuba,CUB,2021,80.0239031587188
998,4273,Cuba,CUB,2022,93.8607755890525
999,36,Cyprus,CYP,1996,140.848983444568
1000,199,Cyprus,CYP,1997,139.762976603986
1001,362,Cyprus,CYP,1998,134.909736760687
1002,525,Cyprus,CYP,1999,131.209333344294
1003,688,Cyprus,CYP,2000,137.494903248556
1004,851,Cyprus,CYP,2001,131.849067868114
1005,1014,Cyprus,CYP,2002,123.64133212338
1006,1177,Cyprus,CYP,2003,114.004632981485
1007,1340,Cyprus,CYP,2004,113.903613489207
1008,1503,Cyprus,CYP,2005,111.917065271958
1009,1666,Cyprus,CYP,2006,109.806498040343
1010,1829,Cyprus,CYP,2007,111.275122844623
1011,1992,Cyprus,CYP,2008,112.925930874708
1012,2155,Cyprus,CYP,2009,102.7910918992
1013,2318,Cyprus,CYP,2010,108.901699269523
1014,2481,Cyprus,CYP,2011,110.617136857424
1015,2644,Cyprus,CYP,2012,112.344273297273
1016,2807,Cyprus,CYP,2013,120.926200639389
1017,2970,Cyprus,CYP,2014,130.84436307939
1018,3133,Cyprus,CYP,2015,137.276426477193
1019,3296,Cyprus,CYP,2016,139.022098457248
1020,3459,Cyprus,CYP,2017,148.013355558135
1021,3622,Cyprus,CYP,2018,147.623567410054
1022,3785,Cyprus,CYP,2019,150.506169561162
1023,3948,Cyprus,CYP,2020,160.66871645997
1024,4111,Cyprus,CYP,2021,176.82773681987
1025,4274,Cyprus,CYP,2022,207.632427046376
1026,37,Czechia,CZE,1996,80.59955795966
1027,200,Czechia,CZE,1997,84.1532306677233
1028,363,Czechia,CZE,1998,83.9386523207327
1029,526,Czechia,CZE,1999,85.4571236396114
1030,689,Czechia,CZE,2000,97.4983956327874
1031,852,Czechia,CZE,2001,98.5368737300189
1032,1015,Czechia,CZE,2002,90.8792715456582
1033,1178,Czechia,CZE,2003,94.6468600665608
1034,1341,Czechia,CZE,2004,113.173975970415
1035,1504,Czechia,CZE,2005,121.191287316105
1036,1667,Czechia,CZE,2006,127.051015055016
1037,1830,Czechia,CZE,2007,129.876739504889
1038,1993,Czechia,CZE,2008,123.904809929948
1039,2156,Czechia,CZE,2009,113.049254784875
1040,2319,Czechia,CZE,2010,126.756480116798
1041,2482,Czechia,CZE,2011,136.750855542438
1042,2645,Czechia,CZE,2012,145.480195396935
1043,2808,Czechia,CZE,2013,145.502230624961
1044,2971,Czechia,CZE,2014,156.415122826886
1045,3134,Czechia,CZE,2015,154.018400997633
1046,3297,Czechia,CZE,2016,148.547004664435
1047,3460,Czechia,CZE,2017,147.750834854762
1048,3623,Czechia,CZE,2018,145.141717890789
1049,3786,Czechia,CZE,2019,138.154609993871
1050,3949,Czechia,CZE,2020,128.780430305965
1051,4112,Czechia,CZE,2021,137.378116302868
1052,4275,Czechia,CZE,2022,144.011494109397
1053,29,Democratic Republic of Congo,COD,1996,60.3162567434145
1054,192,Democratic Republic of Congo,COD,1997,33.750000421875
1055,355,Democratic Republic of Congo,COD,1998,62.6793067265869
1056,518,Democratic Republic of Congo,COD,1999,41.1776608191529
1057,681,Democratic Republic of Congo,COD,2000,27.0144029227569
1058,844,Democratic Republic of Congo,COD,2001,25.0419375138391
1059,1007,Democratic Republic of Congo,COD,2002,29.3168456429821
1060,1170,Democratic Republic of Congo,COD,2003,54.0313561776419
1061,1333,Democratic Republic of Congo,COD,2004,49.3364146254994
1062,1496,Democratic Republic of Congo,COD,2005,52.3146046950079
1063,1659,Democratic Republic of Congo,COD,2006,47.9632596230374
1064,1822,Democratic Republic of Congo,COD,2007,80.1420550528087
1065,1985,Democratic Republic of Congo,COD,2008,83.7722916507983
1066,2148,Democratic Republic of Congo,COD,2009,62.9468793626564
1067,2311,Democratic Republic of Congo,COD,2010,90.7476102929543
1068,2474,Democratic Republic of Congo,COD,2011,85.1981441919418
1069,2637,Democratic Republic of Congo,COD,2012,68.3517113952036
1070,2800,Democratic Republic of Congo,COD,2013,77.4659451472265
1071,2963,Democratic Republic of Congo,COD,2014,78.690150124216
1072,3126,Democratic Republic of Congo,COD,2015,59.3324309644245
1073,3289,Democratic Republic of Congo,COD,2016,55.9252102624116
1074,3452,Democratic Republic of Congo,COD,2017,74.2913796171904
1075,3615,Democratic Republic of Congo,COD,2018,69.9197291501817
1076,3778,Democratic Republic of Congo,COD,2019,55.2351580399854
1077,3941,Democratic Republic of Congo,COD,2020,58.4917573282023
1078,4104,Democratic Republic of Congo,COD,2021,80.4813114206906
1079,4267,Democratic Republic of Congo,COD,2022,93.7286668861721
1080,41,Denmark,DNK,1996,68.5264824216641
1081,204,Denmark,DNK,1997,71.2901759751981
1082,367,Denmark,DNK,1998,71.345417498121
1083,530,Denmark,DNK,1999,72.7288566436859
1084,693,Denmark,DNK,2000,83.0420859548864
1085,856,Denmark,DNK,2001,83.922664599029
1086,1019,Denmark,DNK,2002,84.4845925538271
1087,1182,Denmark,DNK,2003,80.7613001763544
1088,1345,Denmark,DNK,2004,82.0077308240144
1089,1508,Denmark,DNK,2005,89.3987952460671
1090,1671,Denmark,DNK,2006,97.4298607727841
1091,1834,Denmark,DNK,2007,100.047674594039
1092,1997,Denmark,DNK,2008,104.470310168489
1093,2160,Denmark,DNK,2009,89.3948566562728
1094,2323,Denmark,DNK,2010,94.3877282319057
1095,2486,Denmark,DNK,2011,102.012930474308
1096,2649,Denmark,DNK,2012,104.362280505171
1097,2812,Denmark,DNK,2013,103.612813249189
1098,2975,Denmark,DNK,2014,103.210859225139
1099,3138,Denmark,DNK,2015,105.130362453899
1100,3301,Denmark,DNK,2016,101.452783808643
1101,3464,Denmark,DNK,2017,104.215676920442
1102,3627,Denmark,DNK,2018,108.813985501909
1103,3790,Denmark,DNK,2019,111.891475065653
1104,3953,Denmark,DNK,2020,104.433432671151
1105,4116,Denmark,DNK,2021,111.414043682799
1106,4279,Denmark,DNK,2022,131.54315114232
1107,39,Djibouti,DJI,1996,
1108,202,Djibouti,DJI,1997,
1109,365,Djibouti,DJI,1998,
1110,528,Djibouti,DJI,1999,
1111,691,Djibouti,DJI,2000,
1112,854,Djibouti,DJI,2001,
1113,1017,Djibouti,DJI,2002,
1114,1180,Djibouti,DJI,2003,
1115,1343,Djibouti,DJI,2004,
1116,1506,Djibouti,DJI,2005,
1117,1669,Djibouti,DJI,2006,
1118,1832,Djibouti,DJI,2007,
1119,1995,Djibouti,DJI,2008,
1120,2158,Djibouti,DJI,2009,
1121,2321,Djibouti,DJI,2010,
1122,2484,Djibouti,DJI,2011,
1123,2647,Djibouti,DJI,2012,
1124,2810,Djibouti,DJI,2013,347.720317058403
1125,2973,Djibouti,DJI,2014,298.564535821251
1126,3136,Djibouti,DJI,2015,268.363456254629
1127,3299,Djibouti,DJI,2016,213.071998607921
1128,3462,Djibouti,DJI,2017,305.967966403468
1129,3625,Djibouti,DJI,2018,300.398900523844
1130,3788,Djibouti,DJI,2019,320.93923036418
1131,3951,Djibouti,DJI,2020,225.744871323723
1132,4114,Djibouti,DJI,2021,263.477728733891
1133,4277,Djibouti,DJI,2022,302.285409231545
1134,40,Dominica,DMA,1996,
1135,203,Dominica,DMA,1997,
1136,366,Dominica,DMA,1998,
1137,529,Dominica,DMA,1999,
1138,692,Dominica,DMA,2000,
1139,855,Dominica,DMA,2001,
1140,1018,Dominica,DMA,2002,
1141,1181,Dominica,DMA,2003,
1142,1344,Dominica,DMA,2004,
1143,1507,Dominica,DMA,2005,
1144,1670,Dominica,DMA,2006,
1145,1833,Dominica,DMA,2007,
1146,1996,Dominica,DMA,2008,
1147,2159,Dominica,DMA,2009,
1148,2322,Dominica,DMA,2010,
1149,2485,Dominica,DMA,2011,
1150,2648,Dominica,DMA,2012,
1151,2811,Dominica,DMA,2013,
1152,2974,Dominica,DMA,2014,
1153,3137,Dominica,DMA,2015,
1154,3300,Dominica,DMA,2016,
1155,3463,Dominica,DMA,2017,
1156,3626,Dominica,DMA,2018,
1157,3789,Dominica,DMA,2019,
1158,3952,Dominica,DMA,2020,
1159,4115,Dominica,DMA,2021,
1160,4278,Dominica,DMA,2022,
1161,42,Dominican Republic,DOM,1996,72.6424908698332
1162,205,Dominican Republic,DOM,1997,74.2332371692166
1163,368,Dominican Republic,DOM,1998,75.9113027135939
1164,531,Dominican Republic,DOM,1999,76.3027532814337
1165,694,Dominican Republic,DOM,2000,79.3003930961432
1166,857,Dominican Republic,DOM,2001,70.5105678080061
1167,1020,Dominican Republic,DOM,2002,68.7232829028777
1168,1183,Dominican Republic,DOM,2003,84.4495031861592
1169,1346,Dominican Republic,DOM,2004,81.3514229381911
1170,1509,Dominican Republic,DOM,2005,61.6535587358027
1171,1672,Dominican Republic,DOM,2006,63.7664826351505
1172,1835,Dominican Republic,DOM,2007,61.229259153164
1173,1998,Dominican Republic,DOM,2008,61.4285058325394
1174,2161,Dominican Republic,DOM,2009,50.6509376792025
1175,2324,Dominican Republic,DOM,2010,56.0573964175321
1176,2487,Dominican Republic,DOM,2011,59.0692578401698
1177,2650,Dominican Republic,DOM,2012,58.5062536731089
1178,2813,Dominican Republic,DOM,2013,56.8137658014945
1179,2976,Dominican Republic,DOM,2014,55.6601041506633
1180,3139,Dominican Republic,DOM,2015,52.3471238667007
1181,3302,Dominican Republic,DOM,2016,51.7306571245477
1182,3465,Dominican Republic,DOM,2017,50.7595355508472
1183,3628,Dominican Republic,DOM,2018,52.3351709577013
1184,3791,Dominican Republic,DOM,2019,50.912982200697
1185,3954,Dominican Republic,DOM,2020,44.7331613466756
1186,4117,Dominican Republic,DOM,2021,51.9500227303115
1187,4280,Dominican Republic,DOM,2022,54.3781976712844
1188,44,Ecuador,ECU,1996,44.2157026832153
1189,207,Ecuador,ECU,1997,45.0171863180765
1190,370,Ecuador,ECU,1998,43.395107949805
1191,533,Ecuador,ECU,1999,49.2012507989376
1192,696,Ecuador,ECU,2000,65.4042953826391
1193,859,Ecuador,ECU,2001,56.128486744205
1194,1022,Ecuador,ECU,2002,54.7966439366136
1195,1185,Ecuador,ECU,2003,52.3575426975979
1196,1348,Ecuador,ECU,2004,56.0745467239942
1197,1511,Ecuador,ECU,2005,61.9581507902572
1198,1674,Ecuador,ECU,2006,65.8423556166562
1199,1837,Ecuador,ECU,2007,68.8505854462677
1200,2000,Ecuador,ECU,2008,74.5902963648439
1201,2163,Ecuador,ECU,2009,57.3473460627608
1202,2326,Ecuador,ECU,2010,65.7773849135062
1203,2489,Ecuador,ECU,2011,70.0356837525249
1204,2652,Ecuador,ECU,2012,67.0029290916898
1205,2815,Ecuador,ECU,2013,63.4333003342414
1206,2978,Ecuador,ECU,2014,61.4263766217565
1207,3141,Ecuador,ECU,2015,47.8280397077826
1208,3304,Ecuador,ECU,2016,40.5344917996647
1209,3467,Ecuador,ECU,2017,43.6177233172817
1210,3630,Ecuador,ECU,2018,48.0093476154836
1211,3793,Ecuador,ECU,2019,48.0828494933307
1212,3956,Ecuador,ECU,2020,43.9893109378389
1213,4119,Ecuador,ECU,2021,53.261275610573
1214,4282,Ecuador,ECU,2022,61.880792818786
1215,45,Egypt,EGY,1996,46.9485614646905
1216,208,Egypt,EGY,1997,43.7382474614517
1217,371,Egypt,EGY,1998,41.9276270006959
1218,534,Egypt,EGY,1999,38.3615084525358
1219,697,Egypt,EGY,2000,39.0179359012055
1220,860,Egypt,EGY,2001,39.8104265402844
1221,1023,Egypt,EGY,2002,40.9870678279229
1222,1186,Egypt,EGY,2003,46.1796407185629
1223,1349,Egypt,EGY,2004,57.8199052132701
1224,1512,Egypt,EGY,2005,62.9526462395543
1225,1675,Egypt,EGY,2006,61.5185365063947
1226,1838,Egypt,EGY,2007,65.077873254565
1227,2001,Egypt,EGY,2008,71.6806253489671
1228,2164,Egypt,EGY,2009,56.5534446363462
1229,2327,Egypt,EGY,2010,47.9363500745898
1230,2490,Egypt,EGY,2011,45.2556341623514
1231,2653,Egypt,EGY,2012,40.7117692721084
1232,2816,Egypt,EGY,2013,40.373038056332
1233,2979,Egypt,EGY,2014,36.9201877934272
1234,3142,Egypt,EGY,2015,34.8459429600229
1235,3305,Egypt,EGY,2016,30.2465490514505
1236,3468,Egypt,EGY,2017,42.8321343581608
1237,3631,Egypt,EGY,2018,45.9110196733959
1238,3794,Egypt,EGY,2019,41.1240171551108
1239,3957,Egypt,EGY,2020,32.1262555667523
1240,4120,Egypt,EGY,2021,29.8569734808122
1241,4283,Egypt,EGY,2022,36.9831048772713
1242,134,El Salvador,SLV,1996,55.2818567293307
1243,297,El Salvador,SLV,1997,63.5570927549383
1244,460,El Salvador,SLV,1998,60.8722907509534
1245,623,El Salvador,SLV,1999,60.9904896201298
1246,786,El Salvador,SLV,2000,68.7100889044911
1247,949,El Salvador,SLV,2001,65.8907385362251
1248,1112,El Salvador,SLV,2002,65.9190907767708
1249,1275,El Salvador,SLV,2003,68.23698247861
1250,1438,El Salvador,SLV,2004,69.7822641767691
1251,1601,El Salvador,SLV,2005,69.7158116750578
1252,1764,El Salvador,SLV,2006,73.4555675070266
1253,1927,El Salvador,SLV,2007,77.6210560347995
1254,2090,El Salvador,SLV,2008,80.6659739399085
1255,2253,El Salvador,SLV,2009,66.0711911744487
1256,2416,El Salvador,SLV,2010,73.5372876725398
1257,2579,El Salvador,SLV,2011,79.2766437025052
1258,2742,El Salvador,SLV,2012,77.6485716222883
1259,2905,El Salvador,SLV,2013,80.4511944908271
1260,3068,El Salvador,SLV,2014,78.1044257477935
1261,3231,El Salvador,SLV,2015,76.5602707370519
1262,3394,El Salvador,SLV,2016,72.8190933731491
1263,3557,El Salvador,SLV,2017,74.3046511916519
1264,3720,El Salvador,SLV,2018,75.6336168879956
1265,3883,El Salvador,SLV,2019,76.0420130991468
1266,4046,El Salvador,SLV,2020,66.4595069497083
1267,4209,El Salvador,SLV,2021,81.8450759800765
1268,4372,El Salvador,SLV,2022,88.7011093776867
1269,58,Equatorial Guinea,GNQ,1996,
1270,221,Equatorial Guinea,GNQ,1997,
1271,384,Equatorial Guinea,GNQ,1998,
1272,547,Equatorial Guinea,GNQ,1999,
1273,710,Equatorial Guinea,GNQ,2000,
1274,873,Equatorial Guinea,GNQ,2001,
1275,1036,Equatorial Guinea,GNQ,2002,
1276,1199,Equatorial Guinea,GNQ,2003,
1277,1362,Equatorial Guinea,GNQ,2004,
1278,1525,Equatorial Guinea,GNQ,2005,131.02447181321
1279,1688,Equatorial Guinea,GNQ,2006,118.532782368937
1280,1851,Equatorial Guinea,GNQ,2007,134.083789857569
1281,2014,Equatorial Guinea,GNQ,2008,128.688006601458
1282,2177,Equatorial Guinea,GNQ,2009,122.212077110801
1283,2340,Equatorial Guinea,GNQ,2010,144.668225001248
1284,2503,Equatorial Guinea,GNQ,2011,114.37734663649
1285,2666,Equatorial Guinea,GNQ,2012,116.675422472364
1286,2829,Equatorial Guinea,GNQ,2013,106.893284926066
1287,2992,Equatorial Guinea,GNQ,2014,104.379198671388
1288,3155,Equatorial Guinea,GNQ,2015,98.8780591680756
1289,3318,Equatorial Guinea,GNQ,2016,92.6007307237942
1290,3481,Equatorial Guinea,GNQ,2017,102.428258251803
1291,3644,Equatorial Guinea,GNQ,2018,103.645681622953
1292,3807,Equatorial Guinea,GNQ,2019,94.8787924253545
1293,3970,Equatorial Guinea,GNQ,2020,77.9278846441807
1294,4133,Equatorial Guinea,GNQ,2021,76.9666485998527
1295,4296,Equatorial Guinea,GNQ,2022,81.8130161368099
1296,47,Estonia,EST,1996,132.977442750892
1297,210,Estonia,EST,1997,151.051344390403
1298,373,Estonia,EST,1998,156.838235827521
1299,536,Estonia,EST,1999,144.116453592933
1300,699,Estonia,EST,2000,126.495626368659
1301,862,Estonia,EST,2001,126.546640067292
1302,1025,Estonia,EST,2002,123.28234538757
1303,1188,Estonia,EST,2003,122.744772807796
1304,1351,Estonia,EST,2004,129.949500077661
1305,1514,Estonia,EST,2005,135.912792115107
1306,1677,Estonia,EST,2006,136.620737662645
1307,1840,Estonia,EST,2007,133.980829235754
1308,2003,Estonia,EST,2008,136.681988157836
1309,2166,Estonia,EST,2009,116.759079859802
1310,2329,Estonia,EST,2010,143.671762256978
1311,2492,Estonia,EST,2011,166.7460724339
1312,2655,Estonia,EST,2012,169.156067773865
1313,2818,Estonia,EST,2013,164.601632156916
1314,2981,Estonia,EST,2014,157.953944842229
1315,3144,Estonia,EST,2015,148.507157123558
1316,3307,Estonia,EST,2016,147.7462327097
1317,3470,Estonia,EST,2017,144.635650944133
1318,3633,Estonia,EST,2018,143.485224864735
1319,3796,Estonia,EST,2019,140.352147998549
1320,3959,Estonia,EST,2020,137.392641283846
1321,4122,Estonia,EST,2021,160.394681627556
1322,4285,Estonia,EST,2022,174.563994182116
1323,140,Eswatini,SWZ,1996,
1324,303,Eswatini,SWZ,1997,
1325,466,Eswatini,SWZ,1998,
1326,629,Eswatini,SWZ,1999,
1327,792,Eswatini,SWZ,2000,
1328,955,Eswatini,SWZ,2001,
1329,1118,Eswatini,SWZ,2002,
1330,1281,Eswatini,SWZ,2003,
1331,1444,Eswatini,SWZ,2004,
1332,1607,Eswatini,SWZ,2005,
1333,1770,Eswatini,SWZ,2006,
1334,1933,Eswatini,SWZ,2007,
1335,2096,Eswatini,SWZ,2008,
1336,2259,Eswatini,SWZ,2009,
1337,2422,Eswatini,SWZ,2010,
1338,2585,Eswatini,SWZ,2011,
1339,2748,Eswatini,SWZ,2012,
1340,2911,Eswatini,SWZ,2013,85.178074262072
1341,3074,Eswatini,SWZ,2014,91.5997199256524
1342,3237,Eswatini,SWZ,2015,88.2380778212486
1343,3400,Eswatini,SWZ,2016,89.3135033741698
1344,3563,Eswatini,SWZ,2017,86.8600357143891
1345,3726,Eswatini,SWZ,2018,85.4753716503961
1346,3889,Eswatini,SWZ,2019,86.6412229625686
1347,4052,Eswatini,SWZ,2020,84.3006119726657
1348,4215,Eswatini,SWZ,2021,90.3327981678426
1349,4378,Eswatini,SWZ,2022,92.6789042197449
1350,48,Ethiopia,ETH,1996,
1351,211,Ethiopia,ETH,1997,
1352,374,Ethiopia,ETH,1998,
1353,537,Ethiopia,ETH,1999,
1354,700,Ethiopia,ETH,2000,
1355,863,Ethiopia,ETH,2001,
1356,1026,Ethiopia,ETH,2002,
1357,1189,Ethiopia,ETH,2003,
1358,1352,Ethiopia,ETH,2004,
1359,1515,Ethiopia,ETH,2005,
1360,1678,Ethiopia,ETH,2006,
1361,1841,Ethiopia,ETH,2007,
1362,2004,Ethiopia,ETH,2008,
1363,2167,Ethiopia,ETH,2009,
1364,2330,Ethiopia,ETH,2010,
1365,2493,Ethiopia,ETH,2011,48.232935411689
1366,2656,Ethiopia,ETH,2012,45.3979041835072
1367,2819,Ethiopia,ETH,2013,41.4717870807625
1368,2982,Ethiopia,ETH,2014,40.7410841498626
1369,3145,Ethiopia,ETH,2015,39.6561241449515
1370,3308,Ethiopia,ETH,2016,34.8990210816111
1371,3471,Ethiopia,ETH,2017,31.1036494929016
1372,3634,Ethiopia,ETH,2018,31.1993689777881
1373,3797,Ethiopia,ETH,2019,28.8152939288346
1374,3960,Ethiopia,ETH,2020,24.0061143401794
1375,4123,Ethiopia,ETH,2021,24.3450574647644
1376,4286,Ethiopia,ETH,2022,26.5954996967313
1377,49,Finland,FIN,1996,65.7903252694235
1378,212,Finland,FIN,1997,68.2478061464014
1379,375,Finland,FIN,1998,66.9910571198446
1380,538,Finland,FIN,1999,66.254492150558
1381,701,Finland,FIN,2000,74.9255788717317
1382,864,Finland,FIN,2001,70.2841376639721
1383,1027,Finland,FIN,2002,69.3209377526273
1384,1190,Finland,FIN,2003,68.0715029595159
1385,1353,Finland,FIN,2004,70.967802899062
1386,1516,Finland,FIN,2005,76.5889740444293
1387,1679,Finland,FIN,2006,82.0005669294983
1388,1842,Finland,FIN,2007,82.8631608209175
1389,2005,Finland,FIN,2008,86.1896598765527
1390,2168,Finland,FIN,2009,70.1279335295898
1391,2331,Finland,FIN,2010,75.4612085231229
1392,2494,Finland,FIN,2011,78.7159444486606
1393,2657,Finland,FIN,2012,79.4303765882482
1394,2820,Finland,FIN,2013,77.485171771574
1395,2983,Finland,FIN,2014,74.6277719754196
1396,3146,Finland,FIN,2015,71.9618253787014
1397,3309,Finland,FIN,2016,71.7222101178859
1398,3472,Finland,FIN,2017,75.9387822310041
1399,3635,Finland,FIN,2018,79.1436148422846
1400,3798,Finland,FIN,2019,80.5641502947367
1401,3961,Finland,FIN,2020,72.1845955995888
1402,4124,Finland,FIN,2021,79.7892781913782
1403,4287,Finland,FIN,2022,94.5625340522667
1404,50,France,FRA,1996,46.1124801589641
1405,213,France,FRA,1997,49.803453474736
1406,376,France,FRA,1998,51.4214328030771
1407,539,France,FRA,1999,51.6706614638734
1408,702,France,FRA,2000,57.7860470318197
1409,865,France,FRA,2001,56.8932328560722
1410,1028,France,FRA,2002,55.1325248503102
1411,1191,France,FRA,2003,52.5988822870657
1412,1354,France,FRA,2004,53.7497648292028
1413,1517,France,FRA,2005,55.8228361241299
1414,1680,France,FRA,2006,57.8692775292673
1415,1843,France,FRA,2007,58.1525611309659
1416,2006,France,FRA,2008,59.1797928411748
1417,2169,France,FRA,2009,52.1991123027613
1418,2332,France,FRA,2010,56.587555247796
1419,2495,France,FRA,2011,60.6056354816406
1420,2658,France,FRA,2012,61.6589570771102
1421,2821,France,FRA,2013,61.8192338733962
1422,2984,France,FRA,2014,62.1992669379507
1423,3147,France,FRA,2015,63.5046871956484
1424,3310,France,FRA,2016,63.3427564383351
1425,3473,France,FRA,2017,65.3958481559711
1426,3636,France,FRA,2018,66.8022607812266
1427,3799,France,FRA,2019,66.4289771741449
1428,3962,France,FRA,2020,58.8388907240647
1429,4125,France,FRA,2021,63.788482630872
1430,4288,France,FRA,2022,75.7901436111221
1431,51,Gabon,GAB,1996,95.6709008514144
1432,214,Gabon,GAB,1997,98.5362645138464
1433,377,Gabon,GAB,1998,95.9747826086956
1434,540,Gabon,GAB,1999,97.7314524555904
1435,703,Gabon,GAB,2000,101.701928939637
1436,866,Gabon,GAB,2001,83.6386132424108
1437,1029,Gabon,GAB,2002,84.7590815376223
1438,1192,Gabon,GAB,2003,80.3026082056312
1439,1355,Gabon,GAB,2004,81.7675371418698
1440,1518,Gabon,GAB,2005,83.9495998399241
1441,1681,Gabon,GAB,2006,88.6494092562519
1442,1844,Gabon,GAB,2007,85.1324791636578
1443,2007,Gabon,GAB,2008,88.9988725945748
1444,2170,Gabon,GAB,2009,83.5045774235636
1445,2333,Gabon,GAB,2010,89.1576627248353
1446,2496,Gabon,GAB,2011,90.4983773331323
1447,2659,Gabon,GAB,2012,92.3428089420545
1448,2822,Gabon,GAB,2013,90.6350361478645
1449,2985,Gabon,GAB,2014,73.5203290162438
1450,3148,Gabon,GAB,2015,73.9497814588281
1451,3311,Gabon,GAB,2016,70.1333810645308
1452,3474,Gabon,GAB,2017,75.0687404456638
1453,3637,Gabon,GAB,2018,77.0365976973024
1454,3800,Gabon,GAB,2019,73.4280894486644
1455,3963,Gabon,GAB,2020,70.1140546463796
1456,4126,Gabon,GAB,2021,85.3483122054787
1457,4289,Gabon,GAB,2022,92.0630888496921
1458,56,Gambia,GMB,1996,50.9543943800384
1459,219,Gambia,GMB,1997,48.3174980980993
1460,382,Gambia,GMB,1998,53.8709622701508
1461,545,Gambia,GMB,1999,52.4132975230667
1462,708,Gambia,GMB,2000,56.3598198850954
1463,871,Gambia,GMB,2001,46.9292631865623
1464,1034,Gambia,GMB,2002,59.642950918834
1465,1197,Gambia,GMB,2003,68.8587930342232
1466,1360,Gambia,GMB,2004,49.9342995615683
1467,1523,Gambia,GMB,2005,50.0187233950976
1468,1686,Gambia,GMB,2006,50.374468581975
1469,1849,Gambia,GMB,2007,44.2938444656791
1470,2012,Gambia,GMB,2008,39.0890994561344
1471,2175,Gambia,GMB,2009,41.7773944257977
1472,2338,Gambia,GMB,2010,41.0125150279466
1473,2501,Gambia,GMB,2011,42.6397020468894
1474,2664,Gambia,GMB,2012,47.7006731141985
1475,2827,Gambia,GMB,2013,45.4619193623296
1476,2990,Gambia,GMB,2014,58.2579307752264
1477,3153,Gambia,GMB,2015,44.5223730803813
1478,3316,Gambia,GMB,2016,38.1140879565948
1479,3479,Gambia,GMB,2017,55.7335796090833
1480,3642,Gambia,GMB,2018,64.8124640003735
1481,3805,Gambia,GMB,2019,55.9979116186993
1482,3968,Gambia,GMB,2020,47.3955201736291
1483,4131,Gambia,GMB,2021,42.0979827971754
1484,4294,Gambia,GMB,2022,44.7219215522334
1485,53,Georgia,GEO,1996,45.6965490500194
1486,216,Georgia,GEO,1997,57.7530659289995
1487,379,Georgia,GEO,1998,53.5666693215985
1488,542,Georgia,GEO,1999,57.1518743274472
1489,705,Georgia,GEO,2000,62.6613956413099
1490,868,Georgia,GEO,2001,63.3299250824094
1491,1031,Georgia,GEO,2002,71.6291255364807
1492,1194,Georgia,GEO,2003,77.6333765369391
1493,1357,Georgia,GEO,2004,79.0407459055607
1494,1520,Georgia,GEO,2005,84.5295975354749
1495,1683,Georgia,GEO,2006,89.125374368197
1496,1846,Georgia,GEO,2007,88.3934140686603
1497,2009,Georgia,GEO,2008,86.2982243681487
1498,2172,Georgia,GEO,2009,78.1930390303569
1499,2335,Georgia,GEO,2010,81.6733870603639
1500,2498,Georgia,GEO,2011,85.4659350932986
1501,2661,Georgia,GEO,2012,89.7348800946338
1502,2824,Georgia,GEO,2013,93.8139137895532
1503,2987,Georgia,GEO,2014,94.9506979383393
1504,3150,Georgia,GEO,2015,97.0163115086257
1505,3313,Georgia,GEO,2016,94.9262528383443
1506,3476,Georgia,GEO,2017,102.584277697146
1507,3639,Georgia,GEO,2018,109.847740556266
1508,3802,Georgia,GEO,2019,117.810080239714
1509,3965,Georgia,GEO,2020,92.8910841752194
1510,4128,Georgia,GEO,2021,101.60090754891
1511,4291,Georgia,GEO,2022,114.695437688718
1512,38,Germany,DEU,1996,43.903586095325
1513,201,Germany,DEU,1997,48.380321068738
1514,364,Germany,DEU,1998,50.1554657792327
1515,527,Germany,DEU,1999,51.519227436406
1516,690,Germany,DEU,2000,59.1955992975405
1517,853,Germany,DEU,2001,59.5592863682118
1518,1016,Germany,DEU,2002,58.3325687248129
1519,1179,Germany,DEU,2003,58.9145442942507
1520,1342,Germany,DEU,2004,62.9064909465164
1521,1505,Germany,DEU,2005,66.9531024934321
1522,1668,Germany,DEU,2006,72.7591934646234
1523,1831,Germany,DEU,2007,74.8838416816798
1524,1994,Germany,DEU,2008,76.1014102128448
1525,2157,Germany,DEU,2009,66.1152685310257
1526,2320,Germany,DEU,2010,73.8626407651201
1527,2483,Germany,DEU,2011,78.4073134605377
1528,2646,Germany,DEU,2012,79.3004877909427
1529,2809,Germany,DEU,2013,77.5643815741748
1530,2972,Germany,DEU,2014,76.8303312709159
1531,3135,Germany,DEU,2015,77.791356764377
1532,3298,Germany,DEU,2016,75.9845875141969
1533,3461,Germany,DEU,2017,77.5666369468435
1534,3624,Germany,DEU,2018,79.227659692288
1535,3787,Germany,DEU,2019,79.1337471144706
1536,3950,Germany,DEU,2020,72.9932572283324
1537,4113,Germany,DEU,2021,80.15661805106
1538,4276,Germany,DEU,2022,89.0641273695259
1539,54,Ghana,GHA,1996,72.2049441293975
1540,217,Ghana,GHA,1997,85.4018379695892
1541,380,Ghana,GHA,1998,80.5995432469935
1542,543,Ghana,GHA,1999,81.7051040340528
1543,706,Ghana,GHA,2000,116.048430162968
1544,869,Ghana,GHA,2001,110.045854160811
1545,1032,Ghana,GHA,2002,97.4892431746551
1546,1195,Ghana,GHA,2003,97.2871457139532
1547,1358,Ghana,GHA,2004,99.6703343472122
1548,1521,Ghana,GHA,2005,98.1715141146279
1549,1684,Ghana,GHA,2006,64.5190542439152
1550,1847,Ghana,GHA,2007,65.3543222852532
1551,2010,Ghana,GHA,2008,69.5142256111434
1552,2173,Ghana,GHA,2009,71.5947385281523
1553,2336,Ghana,GHA,2010,75.3778157916824
1554,2499,Ghana,GHA,2011,86.2954538549695
1555,2662,Ghana,GHA,2012,93.1680351286831
1556,2825,Ghana,GHA,2013,60.7593219028775
1557,2988,Ghana,GHA,2014,63.8365624430783
1558,3151,Ghana,GHA,2015,76.5212709243242
1559,3314,Ghana,GHA,2016,67.8769994445865
1560,3477,Ghana,GHA,2017,70.5483652904116
1561,3640,Ghana,GHA,2018,67.9585174644902
1562,3803,Ghana,GHA,2019,76.824802732152
1563,3966,Ghana,GHA,2020,66.5754987162431
1564,4129,Ghana,GHA,2021,62.7078309128346
1565,4292,Ghana,GHA,2022,70.1154557958907
1566,59,Greece,GRC,1996,36.8209292630895
1567,222,Greece,GRC,1997,39.4385486529083
1568,385,Greece,GRC,1998,42.4898959577488
1569,548,Greece,GRC,1999,48.1760370261319
1570,711,Greece,GRC,2000,59.1126577488086
1571,874,Greece,GRC,2001,56.8576339551067
1572,1037,Greece,GRC,2002,50.0533371904633
1573,1200,Greece,GRC,2003,47.8943121550822
1574,1363,Greece,GRC,2004,49.825317672568
1575,1526,Greece,GRC,2005,50.3555334391407
1576,1689,Greece,GRC,2006,51.1047465834807
1577,1852,Greece,GRC,2007,54.5256818189044
1578,2015,Greece,GRC,2008,57.1052836264926
1579,2178,Greece,GRC,2009,46.3779593986083
1580,2341,Greece,GRC,2010,50.9225173052303
1581,2504,Greece,GRC,2011,56.2929962856516
1582,2667,Greece,GRC,2012,62.3942789758861
1583,2830,Greece,GRC,2013,62.9547463104465
1584,2993,Greece,GRC,2014,66.4335682565667
1585,3156,Greece,GRC,2015,65.2718011391214
1586,3319,Greece,GRC,2016,63.6576625890375
1587,3482,Greece,GRC,2017,70.8826066741577
1588,3645,Greece,GRC,2018,79.2381636063709
1589,3808,Greece,GRC,2019,80.590100891173
1590,3971,Greece,GRC,2020,70.2937864486395
1591,4134,Greece,GRC,2021,88.0126627401059
1592,4297,Greece,GRC,2022,107.679207902405
1593,60,Guatemala,GTM,1996,40.392952957301
1594,223,Guatemala,GTM,1997,41.5519511569592
1595,386,Guatemala,GTM,1998,44.4237399632554
1596,549,Guatemala,GTM,1999,46.3605068544295
1597,712,Guatemala,GTM,2000,49.1455879049537
1598,875,Guatemala,GTM,2001,70.6690331769476
1599,1038,Guatemala,GTM,2002,67.1048115244645
1600,1201,Guatemala,GTM,2003,67.0023391862425
1601,1364,Guatemala,GTM,2004,70.2148723581872
1602,1527,Guatemala,GTM,2005,67.1036996082037
1603,1690,Guatemala,GTM,2006,67.9119237396616
1604,1853,Guatemala,GTM,2007,69.0013643101763
1605,2016,Guatemala,GTM,2008,65.1787305213103
1606,2179,Guatemala,GTM,2009,58.0406869738673
1607,2342,Guatemala,GTM,2010,63.1251925746222
1608,2505,Guatemala,GTM,2011,65.0470510420457
1609,2668,Guatemala,GTM,2012,61.9594193352042
1610,2831,Guatemala,GTM,2013,56.6852212560209
1611,2994,Guatemala,GTM,2014,55.0832793127032
1612,3157,Guatemala,GTM,2015,49.8934532700313
1613,3320,Guatemala,GTM,2016,46.372737911514
1614,3483,Guatemala,GTM,2017,46.0694205080637
1615,3646,Guatemala,GTM,2018,47.011682071395
1616,3809,Guatemala,GTM,2019,45.5167427491815
1617,3972,Guatemala,GTM,2020,41.1407616494521
1618,4135,Guatemala,GTM,2021,49.2611509459613
1619,4298,Guatemala,GTM,2022,54.4310414653089
1620,55,Guinea,GIN,1996,29.861424528614
1621,218,Guinea,GIN,1997,29.0897874940253
1622,381,Guinea,GIN,1998,33.0646236252079
1623,544,Guinea,GIN,1999,32.6958994059117
1624,707,Guinea,GIN,2000,36.6796954912881
1625,870,Guinea,GIN,2001,40.1878781394378
1626,1033,Guinea,GIN,2002,38.0284032674396
1627,1196,Guinea,GIN,2003,35.0751269891585
1628,1359,Guinea,GIN,2004,34.5950959210535
1629,1522,Guinea,GIN,2005,47.9377003917167
1630,1685,Guinea,GIN,2006,69.3862937148949
1631,1848,Guinea,GIN,2007,71.1210322265015
1632,2011,Guinea,GIN,2008,64.1842433909581
1633,2174,Guinea,GIN,2009,69.8153454158123
1634,2337,Guinea,GIN,2010,73.5465739340387
1635,2500,Guinea,GIN,2011,85.9546732708386
1636,2663,Guinea,GIN,2012,86.6743318322581
1637,2826,Guinea,GIN,2013,80.4264477180461
1638,2989,Guinea,GIN,2014,76.7719658952305
1639,3152,Guinea,GIN,2015,72.4427307469345
1640,3315,Guinea,GIN,2016,111.839467415368
1641,3478,Guinea,GIN,2017,101.251633768429
1642,3641,Guinea,GIN,2018,88.984111543709
1643,3804,Guinea,GIN,2019,78.4153132285974
1644,3967,Guinea,GIN,2020,115.765259518929
1645,4130,Guinea,GIN,2021,115.195532789356
1646,4293,Guinea,GIN,2022,94.1652726931221
1647,57,Guinea-Bissau,GNB,1996,42.3601714670932
1648,220,Guinea-Bissau,GNB,1997,69.4903546403129
1649,383,Guinea-Bissau,GNB,1998,43.5009973080258
1650,546,Guinea-Bissau,GNB,1999,49.0994892293696
1651,709,Guinea-Bissau,GNB,2000,52.7373461180145
1652,872,Guinea-Bissau,GNB,2001,47.5832172774612
1653,1035,Guinea-Bissau,GNB,2002,39.6760635550924
1654,1198,Guinea-Bissau,GNB,2003,38.0334709318917
1655,1361,Guinea-Bissau,GNB,2004,43.192131633446
1656,1524,Guinea-Bissau,GNB,2005,45.7842315450716
1657,1687,Guinea-Bissau,GNB,2006,48.7605033860226
1658,1850,Guinea-Bissau,GNB,2007,46.2445284700147
1659,2013,Guinea-Bissau,GNB,2008,45.1388893744724
1660,2176,Guinea-Bissau,GNB,2009,43.5957474099206
1661,2339,Guinea-Bissau,GNB,2010,43.5145876385454
1662,2502,Guinea-Bissau,GNB,2011,48.6174602066373
1663,2665,Guinea-Bissau,GNB,2012,44.1280665609795
1664,2828,Guinea-Bissau,GNB,2013,39.9574617805787
1665,2991,Guinea-Bissau,GNB,2014,46.8696583055238
1666,3154,Guinea-Bissau,GNB,2015,54.3703755891285
1667,3317,Guinea-Bissau,GNB,2016,54.3006730474711
1668,3480,Guinea-Bissau,GNB,2017,56.9137475938811
1669,3643,Guinea-Bissau,GNB,2018,55.0195890357005
1670,3806,Guinea-Bissau,GNB,2019,50.1779867067114
1671,3969,Guinea-Bissau,GNB,2020,43.4304481311735
1672,4132,Guinea-Bissau,GNB,2021,45.5107846892668
1673,4295,Guinea-Bissau,GNB,2022,46.2708566194737
1674,64,Haiti,HTI,1996,40.223379852938
1675,227,Haiti,HTI,1997,36.8940488093915
1676,390,Haiti,HTI,1998,36.5207867041288
1677,553,Haiti,HTI,1999,41.9484795102088
1678,716,Haiti,HTI,2000,27.1535220636918
1679,879,Haiti,HTI,2001,27.569933019116
1680,1042,Haiti,HTI,2002,24.9396784759828
1681,1205,Haiti,HTI,2003,37.1973434444641
1682,1368,Haiti,HTI,2004,33.7809703531059
1683,1531,Haiti,HTI,2005,34.9651045038228
1684,1694,Haiti,HTI,2006,37.0570704128996
1685,1857,Haiti,HTI,2007,34.2825489611293
1686,2020,Haiti,HTI,2008,36.1450381454244
1687,2183,Haiti,HTI,2009,33.0964998246108
1688,2346,Haiti,HTI,2010,44.7215241260457
1689,2509,Haiti,HTI,2011,44.1635704019387
1690,2672,Haiti,HTI,2012,40.2582414988129
1691,2835,Haiti,HTI,2013,40.3325097562551
1692,2998,Haiti,HTI,2014,42.3515259071619
1693,3161,Haiti,HTI,2015,41.9457381172044
1694,3324,Haiti,HTI,2016,41.4109022161974
1695,3487,Haiti,HTI,2017,42.0745477868911
1696,3650,Haiti,HTI,2018,45.1385763027223
1697,3813,Haiti,HTI,2019,44.5687187758294
1698,3976,Haiti,HTI,2020,37.4138801252638
1699,4139,Haiti,HTI,2021,37.1654017679449
1700,4302,Haiti,HTI,2022,36.529550283828
1701,62,Honduras,HND,1996,115.450847627509
1702,225,Honduras,HND,1997,118.848359042336
1703,388,Honduras,HND,1998,122.050468203298
1704,551,Honduras,HND,1999,120.126089120866
1705,714,Honduras,HND,2000,120.392164584236
1706,877,Honduras,HND,2001,115.943071737954
1707,1040,Honduras,HND,2002,117.997454450299
1708,1203,Honduras,HND,2003,122.248277175534
1709,1366,Honduras,HND,2004,135.461758741854
1710,1529,Honduras,HND,2005,136.489768018486
1711,1692,Honduras,HND,2006,133.13183510432
1712,1855,Honduras,HND,2007,135.070634917917
1713,2018,Honduras,HND,2008,135.748955193053
1714,2181,Honduras,HND,2009,96.9050060188904
1715,2344,Honduras,HND,2010,109.441838241682
1716,2507,Honduras,HND,2011,122.216902597337
1717,2670,Honduras,HND,2012,121.188215808285
1718,2833,Honduras,HND,2013,116.306049247436
1719,2996,Honduras,HND,2014,112.97509728471
1720,3159,Honduras,HND,2015,107.26440535424
1721,3322,Honduras,HND,2016,99.8157169505924
1722,3485,Honduras,HND,2017,101.813111079622
1723,3648,Honduras,HND,2018,103.551162215452
1724,3811,Honduras,HND,2019,99.4599779937589
1725,3974,Honduras,HND,2020,88.0008563836292
1726,4137,Honduras,HND,2021,103.372643459918
1727,4300,Honduras,HND,2022,112.698524913966
1728,61,Hong Kong,HKG,1996,244.85376438617
1729,224,Hong Kong,HKG,1997,233.440294577968
1730,387,Hong Kong,HKG,1998,221.133284508369
1731,550,Hong Kong,HKG,1999,220.272313145342
1732,713,Hong Kong,HKG,2000,247.654020445592
1733,876,Hong Kong,HKG,2001,240.848977626932
1734,1039,Hong Kong,HKG,2002,255.996457369342
1735,1202,Hong Kong,HKG,2003,292.454655919737
1736,1365,Hong Kong,HKG,2004,326.841054589054
1737,1528,Hong Kong,HKG,2005,342.689209524653
1738,1691,Hong Kong,HKG,2006,359.208661184248
1739,1854,Hong Kong,HKG,2007,362.14946363969
1740,2017,Hong Kong,HKG,2008,376.656806171877
1741,2180,Hong Kong,HKG,2009,348.397554309339
1742,2343,Hong Kong,HKG,2010,404.770560908659
1743,2506,Hong Kong,HKG,2011,421.854706554386
1744,2669,Hong Kong,HKG,2012,430.568530415663
1745,2832,Hong Kong,HKG,2013,442.620019127299
1746,2995,Hong Kong,HKG,2014,425.975871734797
1747,3158,Hong Kong,HKG,2015,389.405949263639
1748,3321,Hong Kong,HKG,2016,371.727231773253
1749,3484,Hong Kong,HKG,2017,376.795666734722
1750,3647,Hong Kong,HKG,2018,376.892773545026
1751,3810,Hong Kong,HKG,2019,353.743521139731
1752,3973,Hong Kong,HKG,2020,350.679705044448
1753,4136,Hong Kong,HKG,2021,402.459681454463
1754,4299,Hong Kong,HKG,2022,384.881143223724
1755,65,Hungary,HUN,1996,83.021980635108
1756,228,Hungary,HUN,1997,94.6879101466758
1757,391,Hungary,HUN,1998,107.319335097669
1758,554,Hungary,HUN,1999,113.869532830977
1759,717,Hungary,HUN,2000,137.26231309347
1760,880,Hungary,HUN,2001,130.903714236387
1761,1043,Hungary,HUN,2002,118.269335242555
1762,1206,Hungary,HUN,2003,116.787088540862
1763,1369,Hungary,HUN,2004,123.615686104174
1764,1532,Hungary,HUN,2005,128.004810647538
1765,1695,Hungary,HUN,2006,149.231531568461
1766,1858,Hungary,HUN,2007,155.60143236807
1767,2021,Hungary,HUN,2008,158.453224115619
1768,2184,Hungary,HUN,2009,145.30587733019
1769,2347,Hungary,HUN,2010,157.838960085896
1770,2510,Hungary,HUN,2011,166.754347209897
1771,2673,Hungary,HUN,2012,166.17569860957
1772,2836,Hungary,HUN,2013,164.476024791467
1773,2999,Hungary,HUN,2014,168.358355086413
1774,3162,Hungary,HUN,2015,167.290738494524
1775,3325,Hungary,HUN,2016,163.97194450015
1776,3488,Hungary,HUN,2017,165.032855840268
1777,3651,Hungary,HUN,2018,162.700858777925
1778,3814,Hungary,HUN,2019,159.925556464831
1779,3977,Hungary,HUN,2020,154.295498794188
1780,4140,Hungary,HUN,2021,158.729782791959
1781,4303,Hungary,HUN,2022,183.808014139622
1782,71,Iceland,ISL,1996,71.1051549902842
1783,234,Iceland,ISL,1997,70.6057858293811
1784,397,Iceland,ISL,1998,71.8826631435512
1785,560,Iceland,ISL,1999,69.4300415579436
1786,723,Iceland,ISL,2000,71.139007768483
1787,886,Iceland,ISL,2001,74.7346556223368
1788,1049,Iceland,ISL,2002,69.4320112878179
1789,1212,Iceland,ISL,2003,68.1992117488105
1790,1375,Iceland,ISL,2004,70.4319020602726
1791,1538,Iceland,ISL,2005,72.4506153719683
1792,1701,Iceland,ISL,2006,77.5361532018636
1793,1864,Iceland,ISL,2007,74.6709135585578
1794,2027,Iceland,ISL,2008,82.6880266963066
1795,2190,Iceland,ISL,2009,89.3947432104364
1796,2353,Iceland,ISL,2010,93.6463981817789
1797,2516,Iceland,ISL,2011,101.408701748757
1798,2679,Iceland,ISL,2012,104.085475471704
1799,2842,Iceland,ISL,2013,98.7895236023721
1800,3005,Iceland,ISL,2014,96.6655918887019
1801,3168,Iceland,ISL,2015,95.8182079086458
1802,3331,Iceland,ISL,2016,88.3330236353413
1803,3494,Iceland,ISL,2017,86.9789469759093
1804,3657,Iceland,ISL,2018,88.6369069643521
1805,3820,Iceland,ISL,2019,82.8627457813882
1806,3983,Iceland,ISL,2020,67.9750756256744
1807,4146,Iceland,ISL,2021,76.6527676301274
1808,4309,Iceland,ISL,2022,92.0771911313757
1809,67,India,IND,1996,21.9294878713867
1810,230,India,IND,1997,22.6193868670479
1811,393,India,IND,1998,23.6994700790647
1812,556,India,IND,1999,24.8155980442929
1813,719,India,IND,2000,26.9009229104474
1814,882,India,IND,2001,25.9932547534365
1815,1045,India,IND,2002,29.5086629350614
1816,1208,India,IND,2003,30.592436132908
1817,1371,India,IND,2004,37.503814059447
1818,1534,India,IND,2005,42.0016696148691
1819,1697,India,IND,2006,45.7244804992652
1820,1860,India,IND,2007,45.686268679348
1821,2023,India,IND,2008,53.3682204392226
1822,2186,India,IND,2009,46.2728696428837
1823,2349,India,IND,2010,49.2552064974161
1824,2512,India,IND,2011,55.6238800135298
1825,2675,India,IND,2012,55.7937217287511
1826,2838,India,IND,2013,53.8441319466777
1827,3001,India,IND,2014,48.9221857470669
1828,3164,India,IND,2015,41.9229138658647
1829,3327,India,IND,2016,40.082485713276
1830,3490,India,IND,2017,40.7424969545225
1831,3653,India,IND,2018,43.6169693323889
1832,3816,India,IND,2019,39.9054035306442
1833,3979,India,IND,2020,37.7581053292768
1834,4142,India,IND,2021,45.4230887840446
1835,4305,India,IND,2022,50.0752701498882
1836,66,Indonesia,IDN,1996,52.264743657148
1837,229,Indonesia,IDN,1997,55.9938588086777
1838,392,Indonesia,IDN,1998,96.1861923602686
1839,555,Indonesia,IDN,1999,62.9439128601924
1840,718,Indonesia,IDN,2000,71.4368759173731
1841,881,Indonesia,IDN,2001,69.7932075256238
1842,1044,Indonesia,IDN,2002,59.0794617663723
1843,1207,Indonesia,IDN,2003,53.6164937473016
1844,1370,Indonesia,IDN,2004,59.761294836691
1845,1533,Indonesia,IDN,2005,63.9879358688635
1846,1696,Indonesia,IDN,2006,56.6571268148867
1847,1859,Indonesia,IDN,2007,54.8292499782075
1848,2022,Indonesia,IDN,2008,58.5613996312961
1849,2185,Indonesia,IDN,2009,45.5121213687054
1850,2348,Indonesia,IDN,2010,46.7012738758737
1851,2511,Indonesia,IDN,2011,50.1800131841104
1852,2674,Indonesia,IDN,2012,49.5828982992627
1853,2837,Indonesia,IDN,2013,48.6373726752893
1854,3000,Indonesia,IDN,2014,48.0801755855227
1855,3163,Indonesia,IDN,2015,41.9376402415294
1856,3326,Indonesia,IDN,2016,37.4213418023318
1857,3489,Indonesia,IDN,2017,39.3554970704606
1858,3652,Indonesia,IDN,2018,43.0743089552002
1859,3815,Indonesia,IDN,2019,37.6277775357108
1860,3978,Indonesia,IDN,2020,32.9721754002427
1861,4141,Indonesia,IDN,2021,40.2047582749671
1862,4304,Indonesia,IDN,2022,45.4646701959453
1863,69,Iran,IRN,1996,35.2212991555121
1864,232,Iran,IRN,1997,32.6495581114856
1865,395,Iran,IRN,1998,29.2282196462168
1866,558,Iran,IRN,1999,34.8854141344906
1867,721,Iran,IRN,2000,41.2572474648948
1868,884,Iran,IRN,2001,40.53556648018
1869,1047,Iran,IRN,2002,48.1726865518116
1870,1210,Iran,IRN,2003,50.6791057749094
1871,1373,Iran,IRN,2004,51.3138573270476
1872,1536,Iran,IRN,2005,54.4404952626169
1873,1699,Iran,IRN,2006,53.1673587139261
1874,1862,Iran,IRN,2007,49.8873069219141
1875,2025,Iran,IRN,2008,48.2294027737655
1876,2188,Iran,IRN,2009,43.6995802244165
1877,2351,Iran,IRN,2010,43.7706437373524
1878,2514,Iran,IRN,2011,41.2194147918578
1879,2677,Iran,IRN,2012,44.0893466807452
1880,2840,Iran,IRN,2013,47.0867179194755
1881,3003,Iran,IRN,2014,45.3514201413161
1882,3166,Iran,IRN,2015,39.42258866118
1883,3329,Iran,IRN,2016,40.3878469208426
1884,3492,Iran,IRN,2017,44.7448707659087
1885,3655,Iran,IRN,2018,58.5650897152156
1886,3818,Iran,IRN,2019,50.7543343501077
1887,3981,Iran,IRN,2020,43.8101646870977
1888,4144,Iran,IRN,2021,44.3738340508665
1889,4307,Iran,IRN,2022,51.597506811024
1890,70,Iraq,IRQ,1996,0.0268884829090311
1891,233,Iraq,IRQ,1997,106.188169939941
1892,396,Iraq,IRQ,1998,132.243160520961
1893,559,Iraq,IRQ,1999,138.314601242921
1894,722,Iraq,IRQ,2000,125.336595640904
1895,885,Iraq,IRQ,2001,126.780255976775
1896,1048,Iraq,IRQ,2002,119.762047746987
1897,1211,Iraq,IRQ,2003,154.234525288266
1898,1374,Iraq,IRQ,2004,120.233977121676
1899,1537,Iraq,IRQ,2005,115.742540308642
1900,1700,Iraq,IRQ,2006,89.6505198581778
1901,1863,Iraq,IRQ,2007,74.092853105498
1902,2026,Iraq,IRQ,2008,81.0555432665835
1903,2189,Iraq,IRQ,2009,78.6873788189898
1904,2352,Iraq,IRQ,2010,73.4974796202443
1905,2515,Iraq,IRQ,2011,72.1713282233655
1906,2678,Iraq,IRQ,2012,73.6086845912812
1907,2841,Iraq,IRQ,2013,67.4100184095672
1908,3004,Iraq,IRQ,2014,68.9824868569036
1909,3167,Iraq,IRQ,2015,69.5917685983115
1910,3330,Iraq,IRQ,2016,54.588320188677
1911,3493,Iraq,IRQ,2017,59.7809123923157
1912,3656,Iraq,IRQ,2018,65.8017917701083
1913,3819,Iraq,IRQ,2019,68.9899384202806
1914,3982,Iraq,IRQ,2020,57.742316395146
1915,4145,Iraq,IRQ,2021,61.5032683117218
1916,4308,Iraq,IRQ,2022,68.75879409409
1917,68,Ireland,IRL,1996,138.868162364739
1918,231,Ireland,IRL,1997,142.269496909751
1919,394,Ireland,IRL,1998,157.772416676027
1920,557,Ireland,IRL,1999,159.871032955767
1921,720,Ireland,IRL,2000,174.954555860946
1922,883,Ireland,IRL,2001,174.84073239778
1923,1046,Ireland,IRL,2002,163.719354360002
1924,1209,Ireland,IRL,2003,146.531500811248
1925,1372,Ireland,IRL,2004,146.587525808196
1926,1535,Ireland,IRL,2005,148.17558480428
1927,1698,Ireland,IRL,2006,150.021804736753
1928,1861,Ireland,IRL,2007,153.396863813395
1929,2024,Ireland,IRL,2008,160.039444160284
1930,2187,Ireland,IRL,2009,173.591493317409
1931,2350,Ireland,IRL,2010,189.863837690715
1932,2513,Ireland,IRL,2011,186.025845166548
1933,2676,Ireland,IRL,2012,190.063317884557
1934,2839,Ireland,IRL,2013,189.817861757825
1935,3002,Ireland,IRL,2014,201.6549599218
1936,3165,Ireland,IRL,2015,216.205677349797
1937,3328,Ireland,IRL,2016,229.764433064961
1938,3491,Ireland,IRL,2017,225.953602553095
1939,3654,Ireland,IRL,2018,216.423647734722
1940,3817,Ireland,IRL,2019,249.745765682248
1941,3980,Ireland,IRL,2020,250.10845231469
1942,4143,Ireland,IRL,2021,224.418835854724
1943,4306,Ireland,IRL,2022,232.129490581307
1944,72,Israel,ISR,1996,58.1311357730736
1945,235,Israel,ISR,1997,57.5674452599649
1946,398,Israel,ISR,1998,56.9044666793177
1947,561,Israel,ISR,1999,64.7395856251294
1948,724,Israel,ISR,2000,68.3468590369834
1949,887,Israel,ISR,2001,62.139584755155
1950,1050,Israel,ISR,2002,65.4711054145982
1951,1213,Israel,ISR,2003,66.8817503698504
1952,1376,Israel,ISR,2004,74.9731995265147
1953,1539,Israel,ISR,2005,78.3242613769325
1954,1702,Israel,ISR,2006,78.4352889718463
1955,1865,Israel,ISR,2007,78.8371062996628
1956,2028,Israel,ISR,2008,75.380922305658
1957,2191,Israel,ISR,2009,61.67564796397
1958,2354,Israel,ISR,2010,65.6330798689153
1959,2517,Israel,ISR,2011,68.9094378497374
1960,2680,Israel,ISR,2012,69.9650250827043
1961,2843,Israel,ISR,2013,64.1340511293501
1962,3006,Israel,ISR,2014,61.7133541160002
1963,3169,Israel,ISR,2015,58.897971915566
1964,3332,Israel,ISR,2016,57.7990316850783
1965,3495,Israel,ISR,2017,56.2801142540924
1966,3658,Israel,ISR,2018,58.7437542387448
1967,3821,Israel,ISR,2019,56.325348642584
1968,3984,Israel,ISR,2020,51.2366737920366
1969,4147,Israel,ISR,2021,54.9016842006986
1970,4310,Israel,ISR,2022,60.6448526742952
1971,73,Italy,ITA,1996,42.8020490474117
1972,236,Italy,ITA,1997,44.4771651978702
1973,399,Italy,ITA,1998,44.997874273345
1974,562,Italy,ITA,1999,44.5298402267013
1975,725,Italy,ITA,2000,50.2747311455639
1976,888,Italy,ITA,2001,49.8632723203495
1977,1051,Italy,ITA,2002,47.8713186791542
1978,1214,Italy,ITA,2003,45.9940859777074
1979,1377,Italy,ITA,2004,47.2663923891771
1980,1540,Italy,ITA,2005,49.1221742288618
1981,1703,Italy,ITA,2006,52.9235429597012
1982,1866,Italy,ITA,2007,54.8280415572531
1983,2029,Italy,ITA,2008,54.2142548956671
1984,2192,Italy,ITA,2009,45.1414765721604
1985,2355,Italy,ITA,2010,51.6621118138339
1986,2518,Italy,ITA,2011,54.4722149449288
1987,2681,Italy,ITA,2012,54.8844952702204
1988,2844,Italy,ITA,2013,54.0341846317499
1989,3007,Italy,ITA,2014,54.4545299332032
1990,3170,Italy,ITA,2015,55.4356858148221
1991,3333,Italy,ITA,2016,54.4321467018313
1992,3496,Italy,ITA,2017,57.5829940274911
1993,3659,Italy,ITA,2018,59.2749835128154
1994,3822,Italy,ITA,2019,58.6941902594738
1995,3985,Italy,ITA,2020,53.9394839042764
1996,4148,Italy,ITA,2021,60.3019776202798
1997,4311,Italy,ITA,2022,72.0165023032697
1998,74,Jamaica,JAM,1996,97.7242419605186
1999,237,Jamaica,JAM,1997,88.9848318252583
2000,400,Jamaica,JAM,1998,84.4749853660967
2001,563,Jamaica,JAM,1999,84.2317468917696
2002,726,Jamaica,JAM,2000,89.5130060528716
2003,889,Jamaica,JAM,2001,84.8277345994425
2004,1052,Jamaica,JAM,2002,81.846755427102
2005,1215,Jamaica,JAM,2003,88.1506308424088
2006,1378,Jamaica,JAM,2004,89.3181040726816
2007,1541,Jamaica,JAM,2005,90.4878933449097
2008,1704,Jamaica,JAM,2006,100.745598824993
2009,1867,Jamaica,JAM,2007,101.244422062437
2010,2030,Jamaica,JAM,2008,113.577403844226
2011,2193,Jamaica,JAM,2009,86.8851243338837
2012,2356,Jamaica,JAM,2010,80.920400318881
2013,2519,Jamaica,JAM,2011,83.8218202275808
2014,2682,Jamaica,JAM,2012,82.0400783486515
2015,2845,Jamaica,JAM,2013,83.2595719840011
2016,3008,Jamaica,JAM,2014,84.74099862313
2017,3171,Jamaica,JAM,2015,76.1175216623476
2018,3334,Jamaica,JAM,2016,76.455202373685
2019,3497,Jamaica,JAM,2017,83.523172517513
2020,3660,Jamaica,JAM,2018,89.9779060412351
2021,3823,Jamaica,JAM,2019,90.1106076335994
2022,3986,Jamaica,JAM,2020,
2023,4149,Jamaica,JAM,2021,
2024,4312,Jamaica,JAM,2022,
2025,76,Japan,JPN,1996,18.2538682255522
2026,239,Japan,JPN,1997,19.7835176233669
2027,402,Japan,JPN,1998,19.0031862223377
2028,565,Japan,JPN,1999,18.1256307166911
2029,728,Japan,JPN,2000,19.5623715839054
2030,891,Japan,JPN,2001,19.5596044720071
2031,1054,Japan,JPN,2002,20.4471220661583
2032,1217,Japan,JPN,2003,21.3261252678119
2033,1380,Japan,JPN,2004,23.6643534228975
2034,1543,Japan,JPN,2005,26.2299545778565
2035,1706,Japan,JPN,2006,30.0163760986692
2036,1869,Japan,JPN,2007,32.816578051879
2037,2032,Japan,JPN,2008,34.1294765412245
2038,2195,Japan,JPN,2009,24.3901665338555
2039,2358,Japan,JPN,2010,28.4984726938389
2040,2521,Japan,JPN,2011,30.1949607286296
2041,2684,Japan,JPN,2012,30.4709109171752
2042,2847,Japan,JPN,2013,33.9787686509511
2043,3010,Japan,JPN,2014,37.4314345686579
2044,3173,Japan,JPN,2015,35.4274083544798
2045,3336,Japan,JPN,2016,31.3102468455884
2046,3499,Japan,JPN,2017,34.4232135721686
2047,3662,Japan,JPN,2018,36.609931802107
2048,3825,Japan,JPN,2019,35.2164181084145
2049,3988,Japan,JPN,2020,31.335208636773
2050,4151,Japan,JPN,2021,36.7384462280698
2051,4314,Japan,JPN,2022,46.8129868368938
2052,75,Jordan,JOR,1996,131.059123299943
2053,238,Jordan,JOR,1997,120.737112880307
2054,401,Jordan,JOR,1998,109.052402937716
2055,564,Jordan,JOR,1999,104.470373639306
2056,727,Jordan,JOR,2000,110.328904595996
2057,890,Jordan,JOR,2001,109.285478573786
2058,1053,Jordan,JOR,2002,114.03885781572
2059,1216,Jordan,JOR,2003,115.706835253918
2060,1379,Jordan,JOR,2004,134.621611934395
2061,1542,Jordan,JOR,2005,146.908891279018
2062,1705,Jordan,JOR,2006,141.747381831126
2063,1868,Jordan,JOR,2007,145.994246288526
2064,2031,Jordan,JOR,2008,140.91292596092
2065,2194,Jordan,JOR,2009,112.151998187109
2066,2357,Jordan,JOR,2010,114.222677694125
2067,2520,Jordan,JOR,2011,118.699679501801
2068,2683,Jordan,JOR,2012,117.855587685189
2069,2846,Jordan,JOR,2013,111.451527997628
2070,3009,Jordan,JOR,2014,109.938805535022
2071,3172,Jordan,JOR,2015,95.3579122266791
2072,3335,Jordan,JOR,2016,88.7207178954687
2073,3498,Jordan,JOR,2017,89.7316005071358
2074,3661,Jordan,JOR,2018,87.6359151906857
2075,3824,Jordan,JOR,2019,85.6878334964204
2076,3987,Jordan,JOR,2020,66.0599488089059
2077,4150,Jordan,JOR,2021,80.3328699444404
2078,4313,Jordan,JOR,2022,104.095459439189
2079,77,Kazakhstan,KAZ,1996,71.2735732877076
2080,240,Kazakhstan,KAZ,1997,72.3595506961877
2081,403,Kazakhstan,KAZ,1998,65.2041827454395
2082,566,Kazakhstan,KAZ,1999,82.579151355772
2083,729,Kazakhstan,KAZ,2000,105.699692634521
2084,892,Kazakhstan,KAZ,2001,92.8490685069707
2085,1055,Kazakhstan,KAZ,2002,94.03168564978
2086,1218,Kazakhstan,KAZ,2003,91.4633324250457
2087,1381,Kazakhstan,KAZ,2004,96.4091997009336
2088,1544,Kazakhstan,KAZ,2005,97.7625030243024
2089,1707,Kazakhstan,KAZ,2006,91.4535267973373
2090,1870,Kazakhstan,KAZ,2007,92.1616330969975
2091,2033,Kazakhstan,KAZ,2008,94.2948046483658
2092,2196,Kazakhstan,KAZ,2009,75.7660674636533
2093,2359,Kazakhstan,KAZ,2010,74.1382658957842
2094,2522,Kazakhstan,KAZ,2011,73.1178570509129
2095,2685,Kazakhstan,KAZ,2012,73.7237324891671
2096,2848,Kazakhstan,KAZ,2013,65.4076093299538
2097,3011,Kazakhstan,KAZ,2014,64.9720346513507
2098,3174,Kazakhstan,KAZ,2015,53.0497288072652
2099,3337,Kazakhstan,KAZ,2016,60.3115965864153
2100,3500,Kazakhstan,KAZ,2017,56.825387935971
2101,3663,Kazakhstan,KAZ,2018,63.5279565118188
2102,3826,Kazakhstan,KAZ,2019,64.8586165517565
2103,3989,Kazakhstan,KAZ,2020,57.0264423660931
2104,4152,Kazakhstan,KAZ,2021,58.6686085779207
2105,4315,Kazakhstan,KAZ,2022,68.3343147415612
2106,78,Kenya,KEN,1996,57.3121107038102
2107,241,Kenya,KEN,1997,54.0571168602893
2108,404,Kenya,KEN,1998,48.8972419400753
2109,567,Kenya,KEN,1999,48.1922749889095
2110,730,Kenya,KEN,2000,53.3090443862273
2111,893,Kenya,KEN,2001,55.9468360286644
2112,1056,Kenya,KEN,2002,55.1726722640053
2113,1219,Kenya,KEN,2003,54.132265895729
2114,1382,Kenya,KEN,2004,59.4770033484289
2115,1545,Kenya,KEN,2005,64.4788661639796
2116,1708,Kenya,KEN,2006,55.2364851257303
2117,1871,Kenya,KEN,2007,53.8947888046059
2118,2034,Kenya,KEN,2008,57.5785986473131
2119,2197,Kenya,KEN,2009,45.9451918127805
2120,2360,Kenya,KEN,2010,50.3942873502834
2121,2523,Kenya,KEN,2011,58.4022059745625
2122,2686,Kenya,KEN,2012,51.6236920232481
2123,2849,Kenya,KEN,2013,47.4646425127304
2124,3012,Kenya,KEN,2014,46.170489362216
2125,3175,Kenya,KEN,2015,40.3273846919019
2126,3338,Kenya,KEN,2016,34.8650195731824
2127,3501,Kenya,KEN,2017,35.9950578754074
2128,3664,Kenya,KEN,2018,34.4147531767425
2129,3827,Kenya,KEN,2019,31.759461841481
2130,3990,Kenya,KEN,2020,27.2378155252369
2131,4153,Kenya,KEN,2021,30.8243031771262
2132,4316,Kenya,KEN,2022,33.6911387270322
2133,82,Kuwait,KWT,1996,91.4721447434007
2134,245,Kuwait,KWT,1997,92.4435465476229
2135,408,Kuwait,KWT,1998,94.9598431670145
2136,571,Kuwait,KWT,1999,85.3681145511849
2137,734,Kuwait,KWT,2000,86.618324503254
2138,897,Kuwait,KWT,2001,86.8504672897196
2139,1060,Kuwait,KWT,2002,81.2251941328732
2140,1223,Kuwait,KWT,2003,86.5551755074577
2141,1386,Kuwait,KWT,2004,89.2976416790834
2142,1549,Kuwait,KWT,2005,92.2426800942645
2143,1712,Kuwait,KWT,2006,89.7130931980522
2144,1875,Kuwait,KWT,2007,91.7325033915889
2145,2038,Kuwait,KWT,2008,92.6834562516721
2146,2201,Kuwait,KWT,2009,88.8110649851457
2147,2364,Kuwait,KWT,2010,97.0280216627504
2148,2527,Kuwait,KWT,2011,99.1164927304135
2149,2690,Kuwait,KWT,2012,101.011435176358
2150,2853,Kuwait,KWT,2013,97.6054912474252
2151,3016,Kuwait,KWT,2014,100.037189780363
2152,3179,Kuwait,KWT,2015,98.6999883228859
2153,3342,Kuwait,KWT,2016,96.1576724081222
2154,3505,Kuwait,KWT,2017,97.8400465627886
2155,3668,Kuwait,KWT,2018,102.785630676596
2156,3831,Kuwait,KWT,2019,91.6857123834172
2157,3994,Kuwait,KWT,2020,82.01074583049
2158,4157,Kuwait,KWT,2021,82.0003751084726
2159,4320,Kuwait,KWT,2022,90.9188102145939
2160,79,Kyrgyzstan,KGZ,1996,87.2957738051993
2161,242,Kyrgyzstan,KGZ,1997,84.4771343003418
2162,405,Kyrgyzstan,KGZ,1998,94.5092945286033
2163,568,Kyrgyzstan,KGZ,1999,99.1994912194321
2164,731,Kyrgyzstan,KGZ,2000,89.4309316270309
2165,894,Kyrgyzstan,KGZ,2001,73.7469123687968
2166,1057,Kyrgyzstan,KGZ,2002,82.9207290212667
2167,1220,Kyrgyzstan,KGZ,2003,83.9327828079655
2168,1383,Kyrgyzstan,KGZ,2004,93.8157321567302
2169,1546,Kyrgyzstan,KGZ,2005,95.0840046303638
2170,1709,Kyrgyzstan,KGZ,2006,120.749981766273
2171,1872,Kyrgyzstan,KGZ,2007,137.058387838563
2172,2035,Kyrgyzstan,KGZ,2008,146.106082230139
2173,2198,Kyrgyzstan,KGZ,2009,133.379153167955
2174,2361,Kyrgyzstan,KGZ,2010,133.232850492333
2175,2524,Kyrgyzstan,KGZ,2011,136.179840420492
2176,2687,Kyrgyzstan,KGZ,2012,139.675937840309
2177,2850,Kyrgyzstan,KGZ,2013,134.026785643922
2178,3013,Kyrgyzstan,KGZ,2014,125.126181075833
2179,3176,Kyrgyzstan,KGZ,2015,110.961570714633
2180,3339,Kyrgyzstan,KGZ,2016,105.823574017406
2181,3502,Kyrgyzstan,KGZ,2017,100.617445813258
2182,3665,Kyrgyzstan,KGZ,2018,98.8755599017608
2183,3828,Kyrgyzstan,KGZ,2019,94.4302823542939
2184,3991,Kyrgyzstan,KGZ,2020,78.9922784304738
2185,4154,Kyrgyzstan,KGZ,2021,100.261376861569
2186,4317,Kyrgyzstan,KGZ,2022,133.786718048766
2187,83,Laos,LAO,1996,63.7571736099789
2188,246,Laos,LAO,1997,65.1569707659458
2189,409,Laos,LAO,1998,84.2695405093512
2190,572,Laos,LAO,1999,80.0584561654881
2191,735,Laos,LAO,2000,68.8373013678325
2192,898,Laos,LAO,2001,65.8994368798482
2193,1061,Laos,LAO,2002,67.2549028523532
2194,1224,Laos,LAO,2003,60.572095882788
2195,1387,Laos,LAO,2004,66.0797516222837
2196,1550,Laos,LAO,2005,71.7926462737852
2197,1713,Laos,LAO,2006,81.9613754162421
2198,1876,Laos,LAO,2007,79.2126289035269
2199,2039,Laos,LAO,2008,81.8491820941317
2200,2202,Laos,LAO,2009,76.930826218652
2201,2365,Laos,LAO,2010,84.7203378916677
2202,2528,Laos,LAO,2011,91.6986958680216
2203,2691,Laos,LAO,2012,98.1851264313662
2204,2854,Laos,LAO,2013,98.1791466159604
2205,3017,Laos,LAO,2014,99.0597382933399
2206,3180,Laos,LAO,2015,85.798321703681
2207,3343,Laos,LAO,2016,75.0918909204124
2208,3506,Laos,LAO,2017,
2209,3669,Laos,LAO,2018,
2210,3832,Laos,LAO,2019,
2211,3995,Laos,LAO,2020,
2212,4158,Laos,LAO,2021,
2213,4321,Laos,LAO,2022,
2214,92,Latvia,LVA,1996,92.5618241635257
2215,255,Latvia,LVA,1997,90.9261555867307
2216,418,Latvia,LVA,1998,93.0486575859765
2217,581,Latvia,LVA,1999,82.1505568188769
2218,744,Latvia,LVA,2000,83.6121321100556
2219,907,Latvia,LVA,2001,88.1768278184248
2220,1070,Latvia,LVA,2002,85.9772056778195
2221,1233,Latvia,LVA,2003,88.5815580418672
2222,1396,Latvia,LVA,2004,97.2352655771748
2223,1559,Latvia,LVA,2005,104.517156602918
2224,1722,Latvia,LVA,2006,105.695342080455
2225,1885,Latvia,LVA,2007,100.880910871828
2226,2048,Latvia,LVA,2008,95.7681628438571
2227,2211,Latvia,LVA,2009,88.8320494963692
2228,2374,Latvia,LVA,2010,110.86235386272
2229,2537,Latvia,LVA,2011,129.734758014485
2230,2700,Latvia,LVA,2012,133.211503650958
2231,2863,Latvia,LVA,2013,129.677184929099
2232,3026,Latvia,LVA,2014,130.042252244959
2233,3189,Latvia,LVA,2015,126.380014406006
2234,3352,Latvia,LVA,2016,123.330518429659
2235,3515,Latvia,LVA,2017,128.714003328884
2236,3678,Latvia,LVA,2018,128.234095559822
2237,3841,Latvia,LVA,2019,125.29163170793
2238,4004,Latvia,LVA,2020,123.88319804656
2239,4167,Latvia,LVA,2021,136.796615414819
2240,4330,Latvia,LVA,2022,159.84434485906
2241,84,Lebanon,LBN,1996,68.0966127579704
2242,247,Lebanon,LBN,1997,62.0865979381443
2243,410,Lebanon,LBN,1998,54.7171975983785
2244,573,Lebanon,LBN,1999,50.8141707661214
2245,736,Lebanon,LBN,2000,50.1152959262106
2246,899,Lebanon,LBN,2001,55.5568083587026
2247,1062,Lebanon,LBN,2002,51.0425325574951
2248,1225,Lebanon,LBN,2003,54.0908340214699
2249,1388,Lebanon,LBN,2004,90.9727970270956
2250,1551,Lebanon,LBN,2005,92.762656272585
2251,1714,Lebanon,LBN,2006,91.0693970298409
2252,1877,Lebanon,LBN,2007,97.9677079660494
2253,2040,Lebanon,LBN,2008,106.625673176194
2254,2203,Lebanon,LBN,2009,90.3978388619092
2255,2366,Lebanon,LBN,2010,95.0966529416243
2256,2529,Lebanon,LBN,2011,102.139882412503
2257,2692,Lebanon,LBN,2012,88.5455019230591
2258,2855,Lebanon,LBN,2013,86.1743285920565
2259,3018,Lebanon,LBN,2014,79.8171565925627
2260,3181,Lebanon,LBN,2015,71.8390426347811
2261,3344,Lebanon,LBN,2016,67.7236177908116
2262,3507,Lebanon,LBN,2017,68.4554292593276
2263,3670,Lebanon,LBN,2018,68.2573073043718
2264,3833,Lebanon,LBN,2019,62.98091601016
2265,3996,Lebanon,LBN,2020,50.1298042879627
2266,4159,Lebanon,LBN,2021,78.8286204025241
2267,4322,Lebanon,LBN,2022,114.888278265666
2268,89,Lesotho,LSO,1996,
2269,252,Lesotho,LSO,1997,
2270,415,Lesotho,LSO,1998,
2271,578,Lesotho,LSO,1999,
2272,741,Lesotho,LSO,2000,
2273,904,Lesotho,LSO,2001,
2274,1067,Lesotho,LSO,2002,
2275,1230,Lesotho,LSO,2003,
2276,1393,Lesotho,LSO,2004,
2277,1556,Lesotho,LSO,2005,
2278,1719,Lesotho,LSO,2006,
2279,1882,Lesotho,LSO,2007,165.048948833372
2280,2045,Lesotho,LSO,2008,161.126590593391
2281,2208,Lesotho,LSO,2009,158.894737585637
2282,2371,Lesotho,LSO,2010,150.102435487333
2283,2534,Lesotho,LSO,2011,149.796606699153
2284,2697,Lesotho,LSO,2012,150.208575358438
2285,2860,Lesotho,LSO,2013,133.36548975517
2286,3023,Lesotho,LSO,2014,126.292475360578
2287,3186,Lesotho,LSO,2015,129.722773082867
2288,3349,Lesotho,LSO,2016,136.31524774176
2289,3512,Lesotho,LSO,2017,146.366771329494
2290,3675,Lesotho,LSO,2018,144.434955465602
2291,3838,Lesotho,LSO,2019,140.51663349168
2292,4001,Lesotho,LSO,2020,141.096604645578
2293,4164,Lesotho,LSO,2021,139.186479465407
2294,4327,Lesotho,LSO,2022,142.373981443861
2295,85,Liberia,LBR,1996,
2296,248,Liberia,LBR,1997,
2297,411,Liberia,LBR,1998,
2298,574,Liberia,LBR,1999,
2299,737,Liberia,LBR,2000,
2300,900,Liberia,LBR,2001,
2301,1063,Liberia,LBR,2002,
2302,1226,Liberia,LBR,2003,
2303,1389,Liberia,LBR,2004,
2304,1552,Liberia,LBR,2005,
2305,1715,Liberia,LBR,2006,
2306,1878,Liberia,LBR,2007,
2307,2041,Liberia,LBR,2008,
2308,2204,Liberia,LBR,2009,
2309,2367,Liberia,LBR,2010,
2310,2530,Liberia,LBR,2011,
2311,2693,Liberia,LBR,2012,
2312,2856,Liberia,LBR,2013,
2313,3019,Liberia,LBR,2014,
2314,3182,Liberia,LBR,2015,
2315,3345,Liberia,LBR,2016,
2316,3508,Liberia,LBR,2017,
2317,3671,Liberia,LBR,2018,
2318,3834,Liberia,LBR,2019,
2319,3997,Liberia,LBR,2020,
2320,4160,Liberia,LBR,2021,
2321,4323,Liberia,LBR,2022,
2322,86,Libya,LBY,1996,52.5451559934319
2323,249,Libya,LBY,1997,48.6324121846067
2324,412,Libya,LBY,1998,40.2527075812274
2325,575,Libya,LBY,1999,34.8016301090735
2326,738,Libya,LBY,2000,45.2810937659422
2327,901,Libya,LBY,2001,43.1734496124031
2328,1064,Libya,LBY,2002,78.8597570352145
2329,1227,Libya,LBY,2003,90.6127305175491
2330,1390,Libya,LBY,2004,96.1293320792401
2331,1553,Libya,LBY,2005,90.8608896854615
2332,1716,Libya,LBY,2006,97.7381011197381
2333,1879,Libya,LBY,2007,102.732315500893
2334,2042,Libya,LBY,2008,103.242158045544
2335,2205,Libya,LBY,2009,107.620930501039
2336,2368,Libya,LBY,2010,98.077213074239
2337,2531,Libya,LBY,2011,63.0054352895288
2338,2694,Libya,LBY,2012,98.2243189168448
2339,2857,Libya,LBY,2013,106.334360918106
2340,3020,Libya,LBY,2014,76.5248826381117
2341,3183,Libya,LBY,2015,56.9049073326883
2342,3346,Libya,LBY,2016,41.1101760615135
2343,3509,Libya,LBY,2017,47.5489661921214
2344,3672,Libya,LBY,2018,63.7811335968183
2345,3835,Libya,LBY,2019,78.9939691850138
2346,3998,Libya,LBY,2020,50.9757934373319
2347,4161,Libya,LBY,2021,164.284069967105
2348,4324,Libya,LBY,2022,156.321684682347
2349,90,Lithuania,LTU,1996,92.813796697758
2350,253,Lithuania,LTU,1997,99.6494889661181
2351,416,Lithuania,LTU,1998,89.3653045985264
2352,579,Lithuania,LTU,1999,74.5847357424933
2353,742,Lithuania,LTU,2000,83.1914942748116
2354,905,Lithuania,LTU,2001,93.4871373685836
2355,1068,Lithuania,LTU,2002,100.332229474818
2356,1231,Lithuania,LTU,2003,98.0914043206711
2357,1394,Lithuania,LTU,2004,104.072070698543
2358,1557,Lithuania,LTU,2005,117.449691165186
2359,1720,Lithuania,LTU,2006,124.613633047292
2360,1883,Lithuania,LTU,2007,116.295810328172
2361,2046,Lithuania,LTU,2008,126.759707831841
2362,2209,Lithuania,LTU,2009,105.040251236614
2363,2372,Lithuania,LTU,2010,131.626507396009
2364,2535,Lithuania,LTU,2011,149.645306927215
2365,2698,Lithuania,LTU,2012,156.638925650513
2366,2861,Lithuania,LTU,2013,156.626637927418
2367,3024,Lithuania,LTU,2014,143.290115780694
2368,3187,Lithuania,LTU,2015,138.195575009601
2369,3350,Lithuania,LTU,2016,134.690449650877
2370,3513,Lithuania,LTU,2017,144.918393101325
2371,3676,Lithuania,LTU,2018,147.202132525221
2372,3839,Lithuania,LTU,2019,148.374996011818
2373,4002,Lithuania,LTU,2020,135.796565563519
2374,4165,Lithuania,LTU,2021,154.80672767597
2375,4328,Lithuania,LTU,2022,175.651612151093
2376,91,Luxembourg,LUX,1996,195.63690664815
2377,254,Luxembourg,LUX,1997,212.088757931917
2378,417,Luxembourg,LUX,1998,236.570014987575
2379,580,Luxembourg,LUX,1999,239.922499577691
2380,743,Luxembourg,LUX,2000,272.412326845348
2381,906,Luxembourg,LUX,2001,270.765630443257
2382,1069,Luxembourg,LUX,2002,250.689198161424
2383,1232,Luxembourg,LUX,2003,244.977946060528
2384,1395,Luxembourg,LUX,2004,265.226884855637
2385,1558,Luxembourg,LUX,2005,284.077476869478
2386,1721,Luxembourg,LUX,2006,305.879547488526
2387,1884,Luxembourg,LUX,2007,307.485020085196
2388,2047,Luxembourg,LUX,2008,292.21348078343
2389,2210,Luxembourg,LUX,2009,263.532701541684
2390,2373,Luxembourg,LUX,2010,293.671876906939
2391,2536,Luxembourg,LUX,2011,308.714453874162
2392,2699,Luxembourg,LUX,2012,311.786835204686
2393,2862,Luxembourg,LUX,2013,320.533506316768
2394,3025,Luxembourg,LUX,2014,333.42885319668
2395,3188,Luxembourg,LUX,2015,351.13197436149
2396,3351,Luxembourg,LUX,2016,348.437409376889
2397,3514,Luxembourg,LUX,2017,353.793991980303
2398,3677,Luxembourg,LUX,2018,361.865445198667
2399,3840,Luxembourg,LUX,2019,382.66078058442
2400,4003,Luxembourg,LUX,2020,375.581396376432
2401,4166,Luxembourg,LUX,2021,397.506180867971
2402,4329,Luxembourg,LUX,2022,412.177169924175
2403,95,Madagascar,MDG,1996,35.8824601668345
2404,258,Madagascar,MDG,1997,36.8737477819441
2405,421,Madagascar,MDG,1998,37.3321870147971
2406,584,Madagascar,MDG,1999,40.9244120208063
2407,747,Madagascar,MDG,2000,42.7771226639725
2408,910,Madagascar,MDG,2001,41.0351260923859
2409,1073,Madagascar,MDG,2002,50.1816919379298
2410,1236,Madagascar,MDG,2003,34.030602917475
2411,1399,Madagascar,MDG,2004,48.7753818852156
2412,1562,Madagascar,MDG,2005,59.1300849357677
2413,1725,Madagascar,MDG,2006,62.1028389370244
2414,1888,Madagascar,MDG,2007,66.7027353570049
2415,2051,Madagascar,MDG,2008,74.357353960806
2416,2214,Madagascar,MDG,2009,62.4116975958196
2417,2377,Madagascar,MDG,2010,57.8748945101807
2418,2540,Madagascar,MDG,2011,56.4830925951893
2419,2703,Madagascar,MDG,2012,52.6517140811255
2420,2866,Madagascar,MDG,2013,56.3675817900932
2421,3029,Madagascar,MDG,2014,61.9694322111234
2422,3192,Madagascar,MDG,2015,61.2203788365078
2423,3355,Madagascar,MDG,2016,60.8346984831423
2424,3518,Madagascar,MDG,2017,65.3434015072915
2425,3681,Madagascar,MDG,2018,67.8415046683582
2426,3844,Madagascar,MDG,2019,62.6013230457128
2427,4007,Madagascar,MDG,2020,49.0107073664371
2428,4170,Madagascar,MDG,2021,55.2158585926918
2429,4333,Madagascar,MDG,2022,70.5471344131153
2430,106,Malawi,MWI,1996,
2431,269,Malawi,MWI,1997,
2432,432,Malawi,MWI,1998,
2433,595,Malawi,MWI,1999,
2434,758,Malawi,MWI,2000,
2435,921,Malawi,MWI,2001,
2436,1084,Malawi,MWI,2002,
2437,1247,Malawi,MWI,2003,
2438,1410,Malawi,MWI,2004,
2439,1573,Malawi,MWI,2005,
2440,1736,Malawi,MWI,2006,
2441,1899,Malawi,MWI,2007,
2442,2062,Malawi,MWI,2008,
2443,2225,Malawi,MWI,2009,
2444,2388,Malawi,MWI,2010,
2445,2551,Malawi,MWI,2011,
2446,2714,Malawi,MWI,2012,
2447,2877,Malawi,MWI,2013,
2448,3040,Malawi,MWI,2014,
2449,3203,Malawi,MWI,2015,
2450,3366,Malawi,MWI,2016,
2451,3529,Malawi,MWI,2017,
2452,3692,Malawi,MWI,2018,
2453,3855,Malawi,MWI,2019,
2454,4018,Malawi,MWI,2020,
2455,4181,Malawi,MWI,2021,
2456,4344,Malawi,MWI,2022,
2457,107,Malaysia,MYS,1996,181.766982485457
2458,270,Malaysia,MYS,1997,185.66511116237
2459,433,Malaysia,MYS,1998,209.492202808189
2460,596,Malaysia,MYS,1999,217.570919391949
2461,759,Malaysia,MYS,2000,220.406788982074
2462,922,Malaysia,MYS,2001,203.364636010653
2463,1085,Malaysia,MYS,2002,199.356232695655
2464,1248,Malaysia,MYS,2003,194.195129056831
2465,1411,Malaysia,MYS,2004,210.374265897124
2466,1574,Malaysia,MYS,2005,203.854644595624
2467,1737,Malaysia,MYS,2006,202.577146840398
2468,1900,Malaysia,MYS,2007,192.465506357652
2469,2063,Malaysia,MYS,2008,176.668324785148
2470,2226,Malaysia,MYS,2009,162.558970452699
2471,2389,Malaysia,MYS,2010,157.944764886771
2472,2552,Malaysia,MYS,2011,154.937684607226
2473,2715,Malaysia,MYS,2012,147.841754766013
2474,2878,Malaysia,MYS,2013,142.720991464873
2475,3041,Malaysia,MYS,2014,138.312231176843
2476,3204,Malaysia,MYS,2015,131.37007244526
2477,3367,Malaysia,MYS,2016,126.8990100257
2478,3530,Malaysia,MYS,2017,133.155173371956
2479,3693,Malaysia,MYS,2018,130.402625502126
2480,3856,Malaysia,MYS,2019,123.028562027943
2481,4019,Malaysia,MYS,2020,116.788182437638
2482,4182,Malaysia,MYS,2021,134.035994690727
2483,4345,Malaysia,MYS,2022,146.505418280787
2484,98,Mali,MLI,1996,52.4944213965722
2485,261,Mali,MLI,1997,57.0374220421011
2486,424,Mali,MLI,1998,50.1783500156402
2487,587,Mali,MLI,1999,50.0264356036308
2488,750,Mali,MLI,2000,55.4225754322684
2489,913,Mali,MLI,2001,60.2008030180009
2490,1076,Mali,MLI,2002,57.8292913721816
2491,1239,Mali,MLI,2003,58.6281417028541
2492,1402,Mali,MLI,2004,40.1303621546819
2493,1565,Mali,MLI,2005,41.6557421435865
2494,1728,Mali,MLI,2006,45.4398076879091
2495,1891,Mali,MLI,2007,44.2077103313541
2496,2054,Mali,MLI,2008,51.6061784639021
2497,2217,Mali,MLI,2009,39.1346822998692
2498,2380,Mali,MLI,2010,47.0196635730197
2499,2543,Mali,MLI,2011,43.0309525232702
2500,2706,Mali,MLI,2012,49.1038212559888
2501,2869,Mali,MLI,2013,54.5264954580149
2502,3032,Mali,MLI,2014,51.4954510008387
2503,3195,Mali,MLI,2015,53.5751760102265
2504,3358,Mali,MLI,2016,53.6126193604252
2505,3521,Mali,MLI,2017,49.4919984941972
2506,3684,Mali,MLI,2018,50.6998462523276
2507,3847,Mali,MLI,2019,53.9987132798636
2508,4010,Mali,MLI,2020,56.0415474422019
2509,4173,Mali,MLI,2021,56.7150525565465
2510,4336,Mali,MLI,2022,61.6636979670454
2511,99,Malta,MLT,1996,164.100327153762
2512,262,Malta,MLT,1997,155.656719924812
2513,425,Malta,MLT,1998,157.046794907127
2514,588,Malta,MLT,1999,165.171303687806
2515,751,Malta,MLT,2000,189.600620985965
2516,914,Malta,MLT,2001,161.324371722227
2517,1077,Malta,MLT,2002,162.525751873826
2518,1240,Malta,MLT,2003,154.57349026941
2519,1403,Malta,MLT,2004,155.889850843672
2520,1566,Malta,MLT,2005,157.549373234767
2521,1729,Malta,MLT,2006,182.434091177607
2522,1892,Malta,MLT,2007,184.831344837496
2523,2055,Malta,MLT,2008,185.74934989812
2524,2218,Malta,MLT,2009,163.557248893882
2525,2381,Malta,MLT,2010,178.232753529545
2526,2544,Malta,MLT,2011,192.02838351559
2527,2707,Malta,MLT,2012,199.21347305101
2528,2870,Malta,MLT,2013,187.431187125075
2529,3033,Malta,MLT,2014,181.300566828563
2530,3196,Malta,MLT,2015,207.19639824364
2531,3359,Malta,MLT,2016,213.35939190737
2532,3522,Malta,MLT,2017,213.047878484397
2533,3685,Malta,MLT,2018,228.098550741999
2534,3848,Malta,MLT,2019,233.070441902701
2535,4011,Malta,MLT,2020,256.402967044059
2536,4174,Malta,MLT,2021,220.738701426547
2537,4337,Malta,MLT,2022,243.415382342225
2538,104,Mauritania,MRT,1996,70.4558897549272
2539,267,Mauritania,MRT,1997,62.7495635657126
2540,430,Mauritania,MRT,1998,51.3910125506772
2541,593,Mauritania,MRT,1999,49.016938039756
2542,756,Mauritania,MRT,2000,58.9403747670668
2543,919,Mauritania,MRT,2001,60.7012124604715
2544,1082,Mauritania,MRT,2002,56.7855296001806
2545,1245,Mauritania,MRT,2003,55.3180243332438
2546,1408,Mauritania,MRT,2004,75.2188046787959
2547,1571,Mauritania,MRT,2005,88.2350995596491
2548,1734,Mauritania,MRT,2006,82.7885012130323
2549,1897,Mauritania,MRT,2007,86.0640556779132
2550,2060,Mauritania,MRT,2008,94.1202110004251
2551,2223,Mauritania,MRT,2009,82.0086176018151
2552,2386,Mauritania,MRT,2010,93.4207451334608
2553,2549,Mauritania,MRT,2011,98.485329604158
2554,2712,Mauritania,MRT,2012,110.788122743421
2555,2875,Mauritania,MRT,2013,102.398824183169
2556,3038,Mauritania,MRT,2014,91.610371363604
2557,3201,Mauritania,MRT,2015,77.3467864944966
2558,3364,Mauritania,MRT,2016,73.1532616736712
2559,3527,Mauritania,MRT,2017,78.8149801833884
2560,3690,Mauritania,MRT,2018,89.1467294935148
2561,3853,Mauritania,MRT,2019,93.4866941351317
2562,4016,Mauritania,MRT,2020,86.7761681322741
2563,4179,Mauritania,MRT,2021,88.3068737571235
2564,4342,Mauritania,MRT,2022,102.025899125696
2565,105,Mauritius,MUS,1996,126.159212478576
2566,268,Mauritius,MUS,1997,126.107505043338
2567,431,Mauritius,MUS,1998,130.442832961932
2568,594,Mauritius,MUS,1999,128.954991253643
2569,757,Mauritius,MUS,2000,120.687648773646
2570,920,Mauritius,MUS,2001,128.05457898019
2571,1083,Mauritius,MUS,2002,118.230470380251
2572,1246,Mauritius,MUS,2003,108.655579313428
2573,1409,Mauritius,MUS,2004,107.027698267505
2574,1572,Mauritius,MUS,2005,121.608743996836
2575,1735,Mauritius,MUS,2006,127.062861757975
2576,1898,Mauritius,MUS,2007,120.876451250142
2577,2061,Mauritius,MUS,2008,115.489315893532
2578,2224,Mauritius,MUS,2009,104.42972895159
2579,2387,Mauritius,MUS,2010,113.457073552476
2580,2550,Mauritius,MUS,2011,117.538946368786
2581,2713,Mauritius,MUS,2012,119.500119779606
2582,2876,Mauritius,MUS,2013,113.308833075877
2583,3039,Mauritius,MUS,2014,110.589707531641
2584,3202,Mauritius,MUS,2015,107.145979436304
2585,3365,Mauritius,MUS,2016,100.016978687279
2586,3528,Mauritius,MUS,2017,99.7018151211455
2587,3691,Mauritius,MUS,2018,96.6339164118573
2588,3854,Mauritius,MUS,2019,95.8457981519523
2589,4017,Mauritius,MUS,2020,83.2396173536449
2590,4180,Mauritius,MUS,2021,92.2590939564376
2591,4343,Mauritius,MUS,2022,112.584757873474
2592,96,Mexico,MEX,1996,47.7678235339067
2593,259,Mexico,MEX,1997,46.4918755715735
2594,422,Mexico,MEX,1998,48.0318841400179
2595,585,Mexico,MEX,1999,48.0122495761105
2596,748,Mexico,MEX,2000,49.9104091872497
2597,911,Mexico,MEX,2001,44.7401090123173
2598,1074,Mexico,MEX,2002,45.209829259652
2599,1237,Mexico,MEX,2003,48.7004168690455
2600,1400,Mexico,MEX,2004,52.0406200335632
2601,1563,Mexico,MEX,2005,52.5626446517886
2602,1726,Mexico,MEX,2006,54.4821160886169
2603,1889,Mexico,MEX,2007,55.2585243990368
2604,2052,Mexico,MEX,2008,56.3652818731773
2605,2215,Mexico,MEX,2009,54.5917421313503
2606,2378,Mexico,MEX,2010,59.2733845378721
2607,2541,Mexico,MEX,2011,62.1623872683072
2608,2704,Mexico,MEX,2012,64.2579318977864
2609,2867,Mexico,MEX,2013,62.6916747661852
2610,3030,Mexico,MEX,2014,64.0984090280535
2611,3193,Mexico,MEX,2015,70.4129746726021
2612,3356,Mexico,MEX,2016,75.6903034088551
2613,3519,Mexico,MEX,2017,76.9521260407254
2614,3682,Mexico,MEX,2018,80.2126616635331
2615,3845,Mexico,MEX,2019,77.4619722571128
2616,4008,Mexico,MEX,2020,76.8545556992201
2617,4171,Mexico,MEX,2021,83.0692976326771
2618,4334,Mexico,MEX,2022,88.8269347828552
2619,94,Moldova,MDA,1996,129.237536040111
2620,257,Moldova,MDA,1997,127.560400247842
2621,420,Moldova,MDA,1998,116.803124451539
2622,583,Moldova,MDA,1999,117.527935193889
2623,746,Moldova,MDA,2000,126.163100130478
2624,909,Moldova,MDA,2001,124.500739599353
2625,1072,Moldova,MDA,2002,129.839525501535
2626,1235,Moldova,MDA,2003,140.056529925052
2627,1398,Moldova,MDA,2004,132.69906968032
2628,1561,Moldova,MDA,2005,143.023568469138
2629,1724,Moldova,MDA,2006,137.154763819994
2630,1887,Moldova,MDA,2007,142.720539023021
2631,2050,Moldova,MDA,2008,134.4216013477
2632,2213,Moldova,MDA,2009,110.363326850495
2633,2376,Moldova,MDA,2010,87.9378518951573
2634,2539,Moldova,MDA,2011,98.6175965326556
2635,2702,Moldova,MDA,2012,96.3064098336294
2636,2865,Moldova,MDA,2013,95.6872968332383
2637,3028,Moldova,MDA,2014,94.2282919690928
2638,3191,Moldova,MDA,2015,88.9664154565323
2639,3354,Moldova,MDA,2016,89.0046837188671
2640,3517,Moldova,MDA,2017,88.6233902754378
2641,3680,Moldova,MDA,2018,87.4467874275648
2642,3843,Moldova,MDA,2019,87.6322371148906
2643,4006,Moldova,MDA,2020,79.265722119158
2644,4169,Moldova,MDA,2021,88.4708865399267
2645,4332,Moldova,MDA,2022,112.117671579766
2646,102,Mongolia,MNG,1996,77.9740756901741
2647,265,Mongolia,MNG,1997,99.9914490021753
2648,428,Mongolia,MNG,1998,107.351210779428
2649,591,Mongolia,MNG,1999,112.241338547745
2650,754,Mongolia,MNG,2000,121.886609754208
2651,917,Mongolia,MNG,2001,115.81832687888
2652,1080,Mongolia,MNG,2002,118.517253113943
2653,1243,Mongolia,MNG,2003,120.299393514881
2654,1406,Mongolia,MNG,2004,131.329318233554
2655,1569,Mongolia,MNG,2005,122.381459889773
2656,1732,Mongolia,MNG,2006,112.929983096983
2657,1895,Mongolia,MNG,2007,117.880426425377
2658,2058,Mongolia,MNG,2008,121.198013401183
2659,2221,Mongolia,MNG,2009,107.813757166177
2660,2384,Mongolia,MNG,2010,103.350031656557
2661,2547,Mongolia,MNG,2011,126.999228633482
2662,2710,Mongolia,MNG,2012,109.588564338415
2663,2873,Mongolia,MNG,2013,100.311989662943
2664,3036,Mongolia,MNG,2014,109.322311877187
2665,3199,Mongolia,MNG,2015,89.653663477814
2666,3362,Mongolia,MNG,2016,101.055237224997
2667,3525,Mongolia,MNG,2017,115.932901867963
2668,3688,Mongolia,MNG,2018,126.355873241513
2669,3851,Mongolia,MNG,2019,124.396514621165
2670,4014,Mongolia,MNG,2020,112.838647629317
2671,4177,Mongolia,MNG,2021,119.098078437771
2672,4340,Mongolia,MNG,2022,136.327929944516
2673,101,Montenegro,MNE,1996,
2674,264,Montenegro,MNE,1997,
2675,427,Montenegro,MNE,1998,
2676,590,Montenegro,MNE,1999,
2677,753,Montenegro,MNE,2000,87.9252021443203
2678,916,Montenegro,MNE,2001,100.409386075314
2679,1079,Montenegro,MNE,2002,95.2294000160253
2680,1242,Montenegro,MNE,2003,77.5983890107329
2681,1405,Montenegro,MNE,2004,100.109654967142
2682,1568,Montenegro,MNE,2005,104.625139256659
2683,1731,Montenegro,MNE,2006,117.994735505471
2684,1894,Montenegro,MNE,2007,128.746158606061
2685,2057,Montenegro,MNE,2008,132.340271682179
2686,2220,Montenegro,MNE,2009,99.4250282074869
2687,2383,Montenegro,MNE,2010,99.7803263266018
2688,2546,Montenegro,MNE,2011,106.658853993576
2689,2709,Montenegro,MNE,2012,111.766044513287
2690,2872,Montenegro,MNE,2013,102.770930155442
2691,3035,Montenegro,MNE,2014,100.127619998369
2692,3198,Montenegro,MNE,2015,102.688977351832
2693,3361,Montenegro,MNE,2016,103.672945121037
2694,3524,Montenegro,MNE,2017,105.554964991437
2695,3687,Montenegro,MNE,2018,109.609296759902
2696,3850,Montenegro,MNE,2019,108.844577462214
2697,4013,Montenegro,MNE,2020,87.0060180817206
2698,4176,Montenegro,MNE,2021,105.029993243347
2699,4339,Montenegro,MNE,2022,125.898604629493
2700,93,Morocco,MAR,1996,47.0955434479783
2701,256,Morocco,MAR,1997,51.1501546486104
2702,419,Morocco,MAR,1998,45.6723595943991
2703,582,Morocco,MAR,1999,48.578876486646
2704,745,Morocco,MAR,2000,53.4403058388785
2705,908,Morocco,MAR,2001,53.4915710187871
2706,1071,Morocco,MAR,2002,54.31012791421
2707,1234,Morocco,MAR,2003,52.3318582669923
2708,1397,Morocco,MAR,2004,55.5516384744536
2709,1560,Morocco,MAR,2005,61.4938276863235
2710,1723,Morocco,MAR,2006,64.6721977787154
2711,1886,Morocco,MAR,2007,71.3496467796657
2712,2049,Morocco,MAR,2008,77.8344716425602
2713,2212,Morocco,MAR,2009,62.3709560152269
2714,2375,Morocco,MAR,2010,69.541979610144
2715,2538,Morocco,MAR,2011,76.8258714906247
2716,2701,Morocco,MAR,2012,78.2221018956072
2717,2864,Morocco,MAR,2013,73.8577565315318
2718,3027,Morocco,MAR,2014,71.8935667539398
2719,3190,Morocco,MAR,2015,67.2886759253849
2720,3353,Morocco,MAR,2016,71.1226603816864
2721,3516,Morocco,MAR,2017,74.1733578786573
2722,3679,Morocco,MAR,2018,77.2548875243989
2723,3842,Morocco,MAR,2019,75.9981158798422
2724,4005,Morocco,MAR,2020,68.8438033904364
2725,4168,Morocco,MAR,2021,75.5234171756506
2726,4331,Morocco,MAR,2022,101.132382053244
2727,103,Mozambique,MOZ,1996,51.0292925616374
2728,266,Mozambique,MOZ,1997,43.2986819731024
2729,429,Mozambique,MOZ,1998,39.0075460593046
2730,592,Mozambique,MOZ,1999,45.5276131355411
2731,755,Mozambique,MOZ,2000,47.9208808015891
2732,918,Mozambique,MOZ,2001,50.4153095777265
2733,1081,Mozambique,MOZ,2002,73.309162757423
2734,1244,Mozambique,MOZ,2003,70.1683599479183
2735,1407,Mozambique,MOZ,2004,72.0520001612374
2736,1570,Mozambique,MOZ,2005,72.0092609780982
2737,1733,Mozambique,MOZ,2006,67.3498976872689
2738,1896,Mozambique,MOZ,2007,66.1203821840516
2739,2059,Mozambique,MOZ,2008,64.981416499828
2740,2222,Mozambique,MOZ,2009,67.898572768141
2741,2385,Mozambique,MOZ,2010,73.8373532681892
2742,2548,Mozambique,MOZ,2011,84.4062119333019
2743,2711,Mozambique,MOZ,2012,105.934588060511
2744,2874,Mozambique,MOZ,2013,109.38537659913
2745,3037,Mozambique,MOZ,2014,116.356855242217
2746,3200,Mozambique,MOZ,2015,98.7612036510901
2747,3363,Mozambique,MOZ,2016,110.394358201481
2748,3526,Mozambique,MOZ,2017,105.745640702087
2749,3689,Mozambique,MOZ,2018,124.607457525372
2750,3852,Mozambique,MOZ,2019,105.591171401921
2751,4015,Mozambique,MOZ,2020,99.906146051979
2752,4178,Mozambique,MOZ,2021,112.078964458333
2753,4341,Mozambique,MOZ,2022,135.279578416991
2754,100,Myanmar,MMR,1996,
2755,263,Myanmar,MMR,1997,
2756,426,Myanmar,MMR,1998,
2757,589,Myanmar,MMR,1999,
2758,752,Myanmar,MMR,2000,
2759,915,Myanmar,MMR,2001,
2760,1078,Myanmar,MMR,2002,
2761,1241,Myanmar,MMR,2003,
2762,1404,Myanmar,MMR,2004,
2763,1567,Myanmar,MMR,2005,
2764,1730,Myanmar,MMR,2006,
2765,1893,Myanmar,MMR,2007,
2766,2056,Myanmar,MMR,2008,
2767,2219,Myanmar,MMR,2009,
2768,2382,Myanmar,MMR,2010,
2769,2545,Myanmar,MMR,2011,
2770,2708,Myanmar,MMR,2012,
2771,2871,Myanmar,MMR,2013,
2772,3034,Myanmar,MMR,2014,
2773,3197,Myanmar,MMR,2015,
2774,3360,Myanmar,MMR,2016,
2775,3523,Myanmar,MMR,2017,
2776,3686,Myanmar,MMR,2018,
2777,3849,Myanmar,MMR,2019,
2778,4012,Myanmar,MMR,2020,
2779,4175,Myanmar,MMR,2021,
2780,4338,Myanmar,MMR,2022,
2781,108,Namibia,NAM,1996,96.5442239771745
2782,271,Namibia,NAM,1997,92.8410903733921
2783,434,Namibia,NAM,1998,92.1305009296504
2784,597,Namibia,NAM,1999,91.1002051465947
2785,760,Namibia,NAM,2000,85.1322442947268
2786,923,Namibia,NAM,2001,88.5841018380245
2787,1086,Namibia,NAM,2002,94.4152228948906
2788,1249,Namibia,NAM,2003,95.9524743817213
2789,1412,Namibia,NAM,2004,81.8622605916543
2790,1575,Namibia,NAM,2005,80.6803802939816
2791,1738,Namibia,NAM,2006,86.8339693259998
2792,1901,Namibia,NAM,2007,104.979303758915
2793,2064,Namibia,NAM,2008,119.644498184785
2794,2227,Namibia,NAM,2009,123.762844292976
2795,2390,Namibia,NAM,2010,108.072477173606
2796,2553,Namibia,NAM,2011,102.189147754138
2797,2716,Namibia,NAM,2012,100.2134087743
2798,2879,Namibia,NAM,2013,97.7249042303832
2799,3042,Namibia,NAM,2014,103.080137009254
2800,3205,Namibia,NAM,2015,97.2390317873478
2801,3368,Namibia,NAM,2016,93.966187960162
2802,3531,Namibia,NAM,2017,81.2196661011436
2803,3694,Namibia,NAM,2018,81.7138652963804
2804,3857,Namibia,NAM,2019,82.9011507426355
2805,4020,Namibia,NAM,2020,76.9252424036465
2806,4183,Namibia,NAM,2021,83.5443030923624
2807,4346,Namibia,NAM,2022,99.2625547753262
2808,114,Nepal,NPL,1996,58.4577686983002
2809,277,Nepal,NPL,1997,64.0355348949959
2810,440,Nepal,NPL,1998,56.7096012897007
2811,603,Nepal,NPL,1999,52.5669812534353
2812,766,Nepal,NPL,2000,55.7105890041319
2813,929,Nepal,NPL,2001,55.7999210803706
2814,1092,Nepal,NPL,2002,46.2307185004451
2815,1255,Nepal,NPL,2003,44.2478836156195
2816,1418,Nepal,NPL,2004,46.1472867206087
2817,1581,Nepal,NPL,2005,44.0629474798613
2818,1744,Nepal,NPL,2006,44.7619877569242
2819,1907,Nepal,NPL,2007,44.5792750200254
2820,2070,Nepal,NPL,2008,46.0362063511913
2821,2233,Nepal,NPL,2009,47.0794477633688
2822,2396,Nepal,NPL,2010,45.9849057742707
2823,2559,Nepal,NPL,2011,36.296758890097
2824,2722,Nepal,NPL,2012,37.921906058758
2825,2885,Nepal,NPL,2013,41.8653757376722
2826,3048,Nepal,NPL,2014,45.9826416115927
2827,3211,Nepal,NPL,2015,46.6657303895158
2828,3374,Nepal,NPL,2016,42.115486124737
2829,3537,Nepal,NPL,2017,44.6424106224996
2830,3700,Nepal,NPL,2018,48.4473869461067
2831,3863,Nepal,NPL,2019,49.2495265874454
2832,4026,Nepal,NPL,2020,40.9188741243442
2833,4189,Nepal,NPL,2021,43.0538047919129
2834,4352,Nepal,NPL,2022,48.9734014799428
2835,112,Netherlands,NLD,1996,108.664639443962
2836,275,Netherlands,NLD,1997,114.295027863442
2837,438,Netherlands,NLD,1998,112.408095451564
2838,601,Netherlands,NLD,1999,114.327740793016
2839,764,Netherlands,NLD,2000,125.667030082421
2840,927,Netherlands,NLD,2001,119.47546387654
2841,1090,Netherlands,NLD,2002,112.750024358671
2842,1253,Netherlands,NLD,2003,111.30450319576
2843,1416,Netherlands,NLD,2004,116.958160026939
2844,1579,Netherlands,NLD,2005,122.255849523252
2845,1742,Netherlands,NLD,2006,127.195613539333
2846,1905,Netherlands,NLD,2007,129.798241740597
2847,2068,Netherlands,NLD,2008,130.152049980117
2848,2231,Netherlands,NLD,2009,115.109660363107
2849,2394,Netherlands,NLD,2010,130.081707935343
2850,2557,Netherlands,NLD,2011,141.757099325776
2851,2720,Netherlands,NLD,2012,149.393223058131
2852,2883,Netherlands,NLD,2013,150.651850226949
2853,3046,Netherlands,NLD,2014,151.715891056501
2854,3209,Netherlands,NLD,2015,160.325812564809
2855,3372,Netherlands,NLD,2016,150.96552921165
2856,3535,Netherlands,NLD,2017,159.646059656847
2857,3698,Netherlands,NLD,2018,163.559146573044
2858,3861,Netherlands,NLD,2019,160.676671884999
2859,4024,Netherlands,NLD,2020,152.233230409706
2860,4187,Netherlands,NLD,2021,163.154842689698
2861,4350,Netherlands,NLD,2022,184.107484252682
2862,115,New Zealand,NZL,1996,55.1161709577551
2863,278,New Zealand,NZL,1997,55.2468635214425
2864,441,New Zealand,NZL,1998,57.8960178233763
2865,604,New Zealand,NZL,1999,61.4012311333669
2866,767,New Zealand,NZL,2000,68.5169268768932
2867,930,New Zealand,NZL,2001,67.2338243520418
2868,1093,New Zealand,NZL,2002,62.6559945554479
2869,1256,New Zealand,NZL,2003,57.914769345753
2870,1419,New Zealand,NZL,2004,58.7995522745359
2871,1582,New Zealand,NZL,2005,58.0187434407163
2872,1745,New Zealand,NZL,2006,59.6032650403479
2873,1908,New Zealand,NZL,2007,58.4251605749091
2874,2071,New Zealand,NZL,2008,64.2611448527979
2875,2234,New Zealand,NZL,2009,55.0143501856026
2876,2397,New Zealand,NZL,2010,58.1047406012087
2877,2560,New Zealand,NZL,2011,59.1724105593848
2878,2723,New Zealand,NZL,2012,56.9087671962042
2879,2886,New Zealand,NZL,2013,55.9861241102171
2880,3049,New Zealand,NZL,2014,55.0986550961851
2881,3212,New Zealand,NZL,2015,54.851331734287
2882,3375,New Zealand,NZL,2016,52.4062478142589
2883,3538,New Zealand,NZL,2017,54.1432970416804
2884,3701,New Zealand,NZL,2018,55.7664814899437
2885,3864,New Zealand,NZL,2019,54.4542971758367
2886,4027,New Zealand,NZL,2020,43.9772422862431
2887,4190,New Zealand,NZL,2021,48.5412477650846
2888,4353,New Zealand,NZL,2022,53.4761627655817
2889,111,Nicaragua,NIC,1996,48.4828382973154
2890,274,Nicaragua,NIC,1997,58.0055306487605
2891,437,Nicaragua,NIC,1998,57.0137150680369
2892,600,Nicaragua,NIC,1999,62.5376445208417
2893,763,Nicaragua,NIC,2000,61.2984974600022
2894,926,Nicaragua,NIC,2001,57.9801315472268
2895,1089,Nicaragua,NIC,2002,58.0912844080785
2896,1252,Nicaragua,NIC,2003,62.1750658877514
2897,1415,Nicaragua,NIC,2004,67.195316780004
2898,1578,Nicaragua,NIC,2005,71.6457237072991
2899,1741,Nicaragua,NIC,2006,87.309670832079
2900,1904,Nicaragua,NIC,2007,93.025730229333
2901,2067,Nicaragua,NIC,2008,96.7939847302055
2902,2230,Nicaragua,NIC,2009,86.9936104453444
2903,2393,Nicaragua,NIC,2010,100.364058423919
2904,2556,Nicaragua,NIC,2011,111.827453935999
2905,2719,Nicaragua,NIC,2012,115.177288474198
2906,2882,Nicaragua,NIC,2013,110.984207880382
2907,3045,Nicaragua,NIC,2014,106.698200190796
2908,3208,Nicaragua,NIC,2015,98.194164594236
2909,3371,Nicaragua,NIC,2016,93.8137278130087
2910,3534,Nicaragua,NIC,2017,96.3805864351182
2911,3697,Nicaragua,NIC,2018,93.9847404925404
2912,3860,Nicaragua,NIC,2019,94.0422159246213
2913,4023,Nicaragua,NIC,2020,88.6381231228968
2914,4186,Nicaragua,NIC,2021,106.20739081994
2915,4349,Nicaragua,NIC,2022,115.454678712865
2916,109,Niger,NER,1996,36.539997643493
2917,272,Niger,NER,1997,33.1743453903346
2918,435,Niger,NER,1998,35.0196895457842
2919,598,Niger,NER,1999,31.3752367245391
2920,761,Niger,NER,2000,34.7127807043604
2921,924,Niger,NER,2001,33.0136670843015
2922,1087,Niger,NER,2002,30.8343857497549
2923,1250,Niger,NER,2003,33.3827931416238
2924,1413,Niger,NER,2004,36.9641044464896
2925,1576,Niger,NER,2005,38.3477418070736
2926,1739,Niger,NER,2006,36.5313731842429
2927,1902,Niger,NER,2007,35.5028028471007
2928,2065,Niger,NER,2008,39.7112440540383
2929,2228,Niger,NER,2009,49.5122567031625
2930,2391,Niger,NER,2010,51.9459863027627
2931,2554,Niger,NER,2011,50.2463951569345
2932,2717,Niger,NER,2012,45.08596447308
2933,2880,Niger,NER,2013,46.2951491493291
2934,3043,Niger,NER,2014,45.7416008365932
2935,3206,Niger,NER,2015,44.727430371186
2936,3369,Niger,NER,2016,36.4881092245519
2937,3532,Niger,NER,2017,39.0711117370149
2938,3695,Niger,NER,2018,37.5388483992356
2939,3858,Niger,NER,2019,37.1025664250801
2940,4021,Niger,NER,2020,35.5129906570841
2941,4184,Niger,NER,2021,37.0158935503713
2942,4347,Niger,NER,2022,52.8061484329409
2943,110,Nigeria,NGA,1996,
2944,273,Nigeria,NGA,1997,
2945,436,Nigeria,NGA,1998,
2946,599,Nigeria,NGA,1999,
2947,762,Nigeria,NGA,2000,
2948,925,Nigeria,NGA,2001,
2949,1088,Nigeria,NGA,2002,
2950,1251,Nigeria,NGA,2003,
2951,1414,Nigeria,NGA,2004,
2952,1577,Nigeria,NGA,2005,
2953,1740,Nigeria,NGA,2006,
2954,1903,Nigeria,NGA,2007,
2955,2066,Nigeria,NGA,2008,
2956,2229,Nigeria,NGA,2009,
2957,2392,Nigeria,NGA,2010,
2958,2555,Nigeria,NGA,2011,
2959,2718,Nigeria,NGA,2012,
2960,2881,Nigeria,NGA,2013,
2961,3044,Nigeria,NGA,2014,
2962,3207,Nigeria,NGA,2015,
2963,3370,Nigeria,NGA,2016,
2964,3533,Nigeria,NGA,2017,
2965,3696,Nigeria,NGA,2018,
2966,3859,Nigeria,NGA,2019,
2967,4022,Nigeria,NGA,2020,
2968,4185,Nigeria,NGA,2021,
2969,4348,Nigeria,NGA,2022,
2970,122,North Korea,PRK,1996,
2971,285,North Korea,PRK,1997,
2972,448,North Korea,PRK,1998,
2973,611,North Korea,PRK,1999,
2974,774,North Korea,PRK,2000,
2975,937,North Korea,PRK,2001,
2976,1100,North Korea,PRK,2002,
2977,1263,North Korea,PRK,2003,
2978,1426,North Korea,PRK,2004,
2979,1589,North Korea,PRK,2005,
2980,1752,North Korea,PRK,2006,
2981,1915,North Korea,PRK,2007,
2982,2078,North Korea,PRK,2008,
2983,2241,North Korea,PRK,2009,
2984,2404,North Korea,PRK,2010,
2985,2567,North Korea,PRK,2011,
2986,2730,North Korea,PRK,2012,
2987,2893,North Korea,PRK,2013,
2988,3056,North Korea,PRK,2014,
2989,3219,North Korea,PRK,2015,
2990,3382,North Korea,PRK,2016,
2991,3545,North Korea,PRK,2017,
2992,3708,North Korea,PRK,2018,
2993,3871,North Korea,PRK,2019,
2994,4034,North Korea,PRK,2020,
2995,4197,North Korea,PRK,2021,
2996,4360,North Korea,PRK,2022,
2997,97,North Macedonia,MKD,1996,57.9231431142338
2998,260,North Macedonia,MKD,1997,71.8342589043406
2999,423,North Macedonia,MKD,1998,76.5874821175197
3000,586,North Macedonia,MKD,1999,72.6249786897251
3001,749,North Macedonia,MKD,2000,80.1601473580914
3002,912,North Macedonia,MKD,2001,71.4782105684389
3003,1075,North Macedonia,MKD,2002,71.5334846721143
3004,1238,North Macedonia,MKD,2003,71.0693204909674
3005,1401,North Macedonia,MKD,2004,80.8704849956907
3006,1564,North Macedonia,MKD,2005,85.8410034787176
3007,1727,North Macedonia,MKD,2006,92.5516664675666
3008,1890,North Macedonia,MKD,2007,106.092966003288
3009,2053,North Macedonia,MKD,2008,111.570054713298
3010,2216,North Macedonia,MKD,2009,87.1767537660809
3011,2379,North Macedonia,MKD,2010,97.8810691156562
3012,2542,North Macedonia,MKD,2011,113.19191013947
3013,2705,North Macedonia,MKD,2012,112.214834702155
3014,2868,North Macedonia,MKD,2013,104.857229956305
3015,3031,North Macedonia,MKD,2014,112.537928969299
3016,3194,North Macedonia,MKD,2015,113.698443879103
3017,3357,North Macedonia,MKD,2016,116.185408418026
3018,3520,North Macedonia,MKD,2017,124.13728389629
3019,3683,North Macedonia,MKD,2018,133.215207648008
3020,3846,North Macedonia,MKD,2019,138.576231840539
3021,4009,North Macedonia,MKD,2020,128.241244322257
3022,4172,North Macedonia,MKD,2021,146.721411484074
3023,4335,North Macedonia,MKD,2022,166.147357379878
3024,113,Norway,NOR,1996,70.2016361484898
3025,276,Norway,NOR,1997,72.1536965321464
3026,439,Norway,NOR,1998,71.6226841846104
3027,602,Norway,NOR,1999,69.5067285818851
3028,765,Norway,NOR,2000,74.3125187193698
3029,928,Norway,NOR,2001,73.1583039085777
3030,1091,Norway,NOR,2002,67.5170140875686
3031,1254,Norway,NOR,2003,66.3207509412935
3032,1417,Norway,NOR,2004,68.671953774992
3033,1580,Norway,NOR,2005,70.4694504909023
3034,1743,Norway,NOR,2006,71.6599299465003
3035,1906,Norway,NOR,2007,71.9420263082298
3036,2069,Norway,NOR,2008,74.7852799340995
3037,2232,Norway,NOR,2009,67.4643154601855
3038,2395,Norway,NOR,2010,68.2395193584281
3039,2558,Norway,NOR,2011,69.5987336334833
3040,2721,Norway,NOR,2012,68.4985528389766
3041,2884,Norway,NOR,2013,67.9727925936832
3042,3047,Norway,NOR,2014,69.1373772209037
3043,3210,Norway,NOR,2015,70.431856540017
3044,3373,Norway,NOR,2016,69.1168423974699
3045,3536,Norway,NOR,2017,69.1087817621061
3046,3699,Norway,NOR,2018,70.0031957894984
3047,3862,Norway,NOR,2019,70.8958205272987
3048,4025,Norway,NOR,2020,65.3539790413323
3049,4188,Norway,NOR,2021,71.2227137759599
3050,4351,Norway,NOR,2022,82.6094798361389
3051,116,Oman,OMN,1996,69.3906831462689
3052,279,Oman,OMN,1997,71.594365872295
3053,442,Oman,OMN,1998,80.4830604636084
3054,605,Oman,OMN,1999,76.611197806525
3055,768,Oman,OMN,2000,81.4132822358275
3056,931,Oman,OMN,2001,84.5270024947002
3057,1094,Oman,OMN,2002,83.6537485764543
3058,1257,Oman,OMN,2003,84.846636733578
3059,1420,Oman,OMN,2004,88.611307129045
3060,1583,Oman,OMN,2005,86.7613020421318
3061,1746,Oman,OMN,2006,86.1457079854133
3062,1909,Oman,OMN,2007,94.8657889777347
3063,2072,Oman,OMN,2008,94.7619029877161
3064,2235,Oman,OMN,2009,91.6279353346997
3065,2398,Oman,OMN,2010,96.3865546218487
3066,2561,Oman,OMN,2011,101.641731939942
3067,2724,Oman,OMN,2012,102.0747604043
3068,2887,Oman,OMN,2013,112.543521763774
3069,3050,Oman,OMN,2014,102.27872108813
3070,3213,Oman,OMN,2015,96.3775801852347
3071,3376,Oman,OMN,2016,82.8642642018901
3072,3539,Oman,OMN,2017,88.9531480182956
3073,3702,Oman,OMN,2018,89.2792178262847
3074,3865,Oman,OMN,2019,86.4782010313236
3075,4028,Oman,OMN,2020,91.8758908014472
3076,4191,Oman,OMN,2021,95.9494877293305
3077,4354,Oman,OMN,2022,105.745009280655
3078,117,Pakistan,PAK,1996,38.3301268339895
3079,280,Pakistan,PAK,1997,36.8522661008964
3080,443,Pakistan,PAK,1998,34.011725180531
3081,606,Pakistan,PAK,1999,32.3199628094266
3082,769,Pakistan,PAK,2000,21.4599638884654
3083,932,Pakistan,PAK,2001,23.5772074298467
3084,1095,Pakistan,PAK,2002,23.1290159545291
3085,1258,Pakistan,PAK,2003,24.6501585248398
3086,1421,Pakistan,PAK,2004,24.8083348519064
3087,1584,Pakistan,PAK,2005,29.8784940550747
3088,1747,Pakistan,PAK,2006,33.0497193672284
3089,1910,Pakistan,PAK,2007,30.7878814312746
3090,2073,Pakistan,PAK,2008,34.3489608135242
3091,2236,Pakistan,PAK,2009,33.3268872863988
3092,2399,Pakistan,PAK,2010,31.9890020462315
3093,2562,Pakistan,PAK,2011,32.3626382751438
3094,2725,Pakistan,PAK,2012,31.3189732760076
3095,2888,Pakistan,PAK,2013,30.8902743401844
3096,3051,Pakistan,PAK,2014,29.4698256903998
3097,3214,Pakistan,PAK,2015,26.6881860172247
3098,3377,Pakistan,PAK,2016,24.7015780480573
3099,3540,Pakistan,PAK,2017,25.472035002344
3100,3703,Pakistan,PAK,2018,27.6260570796337
3101,3866,Pakistan,PAK,2019,28.9055769867032
3102,4029,Pakistan,PAK,2020,26.7162807328814
3103,4192,Pakistan,PAK,2021,27.0304204125548
3104,4355,Pakistan,PAK,2022,33.031353478032
3105,125,Palestine,PSE,1996,89.2685358986391
3106,288,Palestine,PSE,1997,90.3372519814884
3107,451,Palestine,PSE,1998,88.9915925070062
3108,614,Palestine,PSE,1999,96.3452893800337
3109,777,Palestine,PSE,2000,87.6390949554896
3110,940,Palestine,PSE,2001,82.7259784699153
3111,1103,Palestine,PSE,2002,76.2528826143203
3112,1266,Palestine,PSE,2003,76.398689516129
3113,1429,Palestine,PSE,2004,81.1235906237101
3114,1592,Palestine,PSE,2005,83.8363540589578
3115,1755,Palestine,PSE,2006,82.6374735897388
3116,1918,Palestine,PSE,2007,91.9992434272745
3117,2081,Palestine,PSE,2008,79.4799190194791
3118,2244,Palestine,PSE,2009,75.1511928466305
3119,2407,Palestine,PSE,2010,68.4976501575169
3120,2570,Palestine,PSE,2011,67.2495329024414
3121,2733,Palestine,PSE,2012,66.9293273483831
3122,2896,Palestine,PSE,2013,66.2713181162369
3123,3059,Palestine,PSE,2014,67.7398371659149
3124,3222,Palestine,PSE,2015,70.7809681944405
3125,3385,Palestine,PSE,2016,65.4225141833383
3126,3548,Palestine,PSE,2017,68.4486607142857
3127,3711,Palestine,PSE,2018,71.4012754506469
3128,3874,Palestine,PSE,2019,68.9934922812035
3129,4037,Palestine,PSE,2020,67.2881912475775
3130,4200,Palestine,PSE,2021,73.0835496162129
3131,4363,Palestine,PSE,2022,82.3949283869453
3132,118,Panama,PAN,1996,165.609680183534
3133,281,Panama,PAN,1997,174.713863041899
3134,444,Panama,PAN,1998,157.996408512839
3135,607,Panama,PAN,1999,131.55739694225
3136,770,Panama,PAN,2000,139.197934867656
3137,933,Panama,PAN,2001,135.584351118395
3138,1096,Panama,PAN,2002,126.024482449851
3139,1259,Panama,PAN,2003,117.267478940646
3140,1422,Panama,PAN,2004,124.761756520445
3141,1585,Panama,PAN,2005,139.211165086724
3142,1748,Panama,PAN,2006,141.47257128141
3143,1911,Panama,PAN,2007,148.665601089573
3144,2074,Panama,PAN,2008,164.58628613577
3145,2237,Panama,PAN,2009,137.046021610678
3146,2400,Panama,PAN,2010,145.44871880643
3147,2563,Panama,PAN,2011,158.208395346813
3148,2726,Panama,PAN,2012,153.208620367102
3149,2889,Panama,PAN,2013,133.071568935782
3150,3052,Panama,PAN,2014,114.970604927053
3151,3215,Panama,PAN,2015,96.5791573428957
3152,3378,Panama,PAN,2016,84.3959718738111
3153,3541,Panama,PAN,2017,84.0475372402933
3154,3704,Panama,PAN,2018,86.1309615112445
3155,3867,Panama,PAN,2019,80.4286505649569
3156,4030,Panama,PAN,2020,68.700423510603
3157,4193,Panama,PAN,2021,80.1334635232887
3158,4356,Panama,PAN,2022,93.687178754867
3159,124,Paraguay,PRY,1996,103.035267206036
3160,287,Paraguay,PRY,1997,95.9342762479745
3161,450,Paraguay,PRY,1998,101.606320138559
3162,613,Paraguay,PRY,1999,77.5552756906357
3163,776,Paraguay,PRY,2000,78.6447297611485
3164,939,Paraguay,PRY,2001,72.6056990118238
3165,1102,Paraguay,PRY,2002,79.4415656482927
3166,1265,Paraguay,PRY,2003,81.1273637701163
3167,1428,Paraguay,PRY,2004,80.1044466155542
3168,1591,Paraguay,PRY,2005,85.0219636540457
3169,1754,Paraguay,PRY,2006,84.7335313048126
3170,1917,Paraguay,PRY,2007,79.0011374202968
3171,2080,Paraguay,PRY,2008,80.777574657268
3172,2243,Paraguay,PRY,2009,70.8419818624432
3173,2406,Paraguay,PRY,2010,81.2575233746727
3174,2569,Paraguay,PRY,2011,78.4921238489348
3175,2732,Paraguay,PRY,2012,74.7649574560794
3176,2895,Paraguay,PRY,2013,73.3698713841075
3177,3058,Paraguay,PRY,2014,69.0837249631346
3178,3221,Paraguay,PRY,2015,66.9150655259573
3179,3384,Paraguay,PRY,2016,67.7593152322047
3180,3547,Paraguay,PRY,2017,71.0801344038377
3181,3710,Paraguay,PRY,2018,72.069223625915
3182,3873,Paraguay,PRY,2019,71.2221617342433
3183,4036,Paraguay,PRY,2020,62.7602174748561
3184,4199,Paraguay,PRY,2021,69.7422730211357
3185,4362,Paraguay,PRY,2022,73.7379050218533
3186,119,Peru,PER,1996,31.6542040912644
3187,282,Peru,PER,1997,33.4695458506827
3188,445,Peru,PER,1998,32.9530217853936
3189,608,Peru,PER,1999,33.2057765558493
3190,771,Peru,PER,2000,35.5380321623178
3191,934,Peru,PER,2001,35.0644014310212
3192,1097,Peru,PER,2002,35.2491813317695
3193,1260,Peru,PER,2003,37.6246103251002
3194,1423,Peru,PER,2004,41.9360782679273
3195,1586,Peru,PER,2005,47.3573174768394
3196,1749,Peru,PER,2006,51.7850560338442
3197,1912,Peru,PER,2007,55.6881132836815
3198,2075,Peru,PER,2008,58.4337673899053
3199,2238,Peru,PER,2009,48.1119296153519
3200,2401,Peru,PER,2010,51.6728089370033
3201,2564,Peru,PER,2011,55.9882802838607
3202,2727,Peru,PER,2012,52.6198952632294
3203,2890,Peru,PER,2013,49.7871424471444
3204,3053,Peru,PER,2014,46.8531210912899
3205,3216,Peru,PER,2015,45.1627686891148
3206,3379,Peru,PER,2016,45.3888411964154
3207,3542,Peru,PER,2017,47.5135503619971
3208,3705,Peru,PER,2018,48.631470171736
3209,3868,Peru,PER,2019,46.9435053754409
3210,4031,Peru,PER,2020,44.245967197744
3211,4194,Peru,PER,2021,55.427249365522
3212,4357,Peru,PER,2022,57.2969759649721
3213,120,Philippines,PHL,1996,63.8553035508774
3214,283,Philippines,PHL,1997,77.2286459172662
3215,446,Philippines,PHL,1998,80.077201518421
3216,609,Philippines,PHL,1999,77.1614937122172
3217,772,Philippines,PHL,2000,85.1533684600039
3218,935,Philippines,PHL,2001,84.9003886237531
3219,1098,Philippines,PHL,2002,83.8448040937789
3220,1261,Philippines,PHL,2003,87.5746443636636
3221,1424,Philippines,PHL,2004,87.1252848232048
3222,1587,Philippines,PHL,2005,83.8456745708051
3223,1750,Philippines,PHL,2006,80.8505386728775
3224,1913,Philippines,PHL,2007,73.6449799920629
3225,2076,Philippines,PHL,2008,67.6810707730401
3226,2239,Philippines,PHL,2009,60.8865907869758
3227,2402,Philippines,PHL,2010,66.1042785137797
3228,2565,Philippines,PHL,2011,60.7958366999075
3229,2728,Philippines,PHL,2012,57.8420055133082
3230,2891,Philippines,PHL,2013,55.8247812320298
3231,3054,Philippines,PHL,2014,57.4681720875945
3232,3217,Philippines,PHL,2015,59.1415921053094
3233,3380,Philippines,PHL,2016,61.7760657653871
3234,3543,Philippines,PHL,2017,68.1683697426727
3235,3706,Philippines,PHL,2018,72.1633982990273
3236,3869,Philippines,PHL,2019,68.8418422595678
3237,4032,Philippines,PHL,2020,58.1695603022281
3238,4195,Philippines,PHL,2021,63.4846098136712
3239,4358,Philippines,PHL,2022,72.4296836107599
3240,121,Poland,POL,1996,45.3767344453465
3241,284,Poland,POL,1997,50.376378640536
3242,447,Poland,POL,1998,56.5460556555084
3243,610,Poland,POL,1999,53.8980187624686
3244,773,Poland,POL,2000,60.6107209423297
3245,936,Poland,POL,2001,57.8785312712895
3246,1099,Poland,POL,2002,60.7967990573911
3247,1262,Poland,POL,2003,69.2134479841788
3248,1425,Poland,POL,2004,70.9815765694162
3249,1588,Poland,POL,2005,70.3114790902584
3250,1751,Poland,POL,2006,77.7008035402352
3251,1914,Poland,POL,2007,80.745399056691
3252,2077,Poland,POL,2008,80.5746815569207
3253,2240,Poland,POL,2009,74.9685965264269
3254,2403,Poland,POL,2010,82.2258523219922
3255,2566,Poland,POL,2011,86.9236892837618
3256,2729,Poland,POL,2012,88.8299033066583
3257,2892,Poland,POL,2013,90.4175072415629
3258,3055,Poland,POL,2014,92.0340197113178
3259,3218,Poland,POL,2015,92.2554272741942
3260,3381,Poland,POL,2016,96.8659028060623
3261,3544,Poland,POL,2017,100.56589524628
3262,3707,Poland,POL,2018,102.442462168005
3263,3870,Poland,POL,2019,101.581033817373
3264,4033,Poland,POL,2020,99.2590912303436
3265,4196,Poland,POL,2021,110.874283021945
3266,4359,Poland,POL,2022,123.021332860345
3267,123,Portugal,PRT,1996,60.2098050471666
3268,286,Portugal,PRT,1997,62.3049515024583
3269,449,Portugal,PRT,1998,63.8308988570361
3270,612,Portugal,PRT,1999,63.3143298172237
3271,775,Portugal,PRT,2000,67.4529979863247
3272,938,Portugal,PRT,2001,65.0919551771122
3273,1101,Portugal,PRT,2002,62.3082594169772
3274,1264,Portugal,PRT,2003,61.1389474883653
3275,1427,Portugal,PRT,2004,63.2045936670279
3276,1590,Portugal,PRT,2005,62.944504560452
3277,1753,Portugal,PRT,2006,68.5470531182009
3278,1916,Portugal,PRT,2007,69.9461175817991
3279,2079,Portugal,PRT,2008,72.0757429221604
3280,2242,Portugal,PRT,2009,61.4926935267759
3281,2405,Portugal,PRT,2010,67.6892401927983
3282,2568,Portugal,PRT,2011,73.0075756700531
3283,2731,Portugal,PRT,2012,75.9411067187813
3284,2894,Portugal,PRT,2013,78.0305056874282
3285,3057,Portugal,PRT,2014,80.220669072079
3286,3220,Portugal,PRT,2015,80.6346756266443
3287,3383,Portugal,PRT,2016,79.5223464844001
3288,3546,Portugal,PRT,2017,84.8077923069539
3289,3709,Portugal,PRT,2018,86.7356954918399
3290,3872,Portugal,PRT,2019,86.7709889083586
3291,4035,Portugal,PRT,2020,76.5086407209215
3292,4198,Portugal,PRT,2021,85.8735452148975
3293,4361,Portugal,PRT,2022,101.364147310434
3294,126,Qatar,QAT,1996,83.5092210549861
3295,289,Qatar,QAT,1997,84.4470388418955
3296,452,Qatar,QAT,1998,91.0581255555736
3297,615,Qatar,QAT,1999,85.7329697856399
3298,778,Qatar,QAT,2000,89.6126597159917
3299,941,Qatar,QAT,2001,94.968671679198
3300,1104,Qatar,QAT,2002,88.4697236252199
3301,1267,Qatar,QAT,2003,90.1649486943021
3302,1430,Qatar,QAT,2004,90.3724288385622
3303,1593,Qatar,QAT,2005,94.7455441696331
3304,1756,Qatar,QAT,2006,98.570919313572
3305,1919,Qatar,QAT,2007,96.1141057101106
3306,2082,Qatar,QAT,2008,89.4328416546905
3307,2245,Qatar,QAT,2009,80.1441629727012
3308,2408,Qatar,QAT,2010,86.070289953093
3309,2571,Qatar,QAT,2011,98.7216386905895
3310,2734,Qatar,QAT,2012,105.746294425841
3311,2897,Qatar,QAT,2013,102.383208106327
3312,3060,Qatar,QAT,2014,99.0343747414317
3313,3223,Qatar,QAT,2015,93.7076041736357
3314,3386,Qatar,QAT,2016,89.5476001199351
3315,3549,Qatar,QAT,2017,91.4945879195194
3316,3712,Qatar,QAT,2018,91.838448978201
3317,3875,Qatar,QAT,2019,90.0463755485388
3318,4038,Qatar,QAT,2020,90.0190948833102
3319,4201,Qatar,QAT,2021,92.7791585715125
3320,4364,Qatar,QAT,2022,100.213647199618
3321,127,Romania,ROU,1996,60.7813693722174
3322,290,Romania,ROU,1997,63.205242332383
3323,453,Romania,ROU,1998,53.838795710082
3324,616,Romania,ROU,1999,57.9736750449875
3325,779,Romania,ROU,2000,48.5213253850786
3326,942,Romania,ROU,2001,51.9285910211481
3327,1105,Romania,ROU,2002,53.7102478139376
3328,1268,Romania,ROU,2003,56.1795270470243
3329,1431,Romania,ROU,2004,60.6264786669408
3330,1594,Romania,ROU,2005,59.3605494490555
3331,1757,Romania,ROU,2006,61.6836259265159
3332,1920,Romania,ROU,2007,63.5051566734658
3333,2083,Romania,ROU,2008,65.1752009979412
3334,2246,Romania,ROU,2009,58.4700583666529
3335,2409,Romania,ROU,2010,69.9549354932718
3336,2572,Romania,ROU,2011,76.271356441629
3337,2735,Romania,ROU,2012,76.5943239913672
3338,2898,Romania,ROU,2013,81.3976131747183
3339,3061,Romania,ROU,2014,83.3751429575201
3340,3224,Romania,ROU,2015,83.5205767017155
3341,3387,Romania,ROU,2016,85.8925282906884
3342,3550,Romania,ROU,2017,87.1560645667801
3343,3713,Romania,ROU,2018,86.4911990211536
3344,3876,Romania,ROU,2019,84.3677121619338
3345,4039,Romania,ROU,2020,77.923643460062
3346,4202,Romania,ROU,2021,86.6133494279219
3347,4365,Romania,ROU,2022,93.6215624887545
3348,128,Russia,RUS,1996,47.922500819419
3349,291,Russia,RUS,1997,47.2569214100748
3350,454,Russia,RUS,1998,55.7722532849766
3351,617,Russia,RUS,1999,69.393281498812
3352,780,Russia,RUS,2000,68.0939070373555
3353,943,Russia,RUS,2001,61.1108586644206
3354,1106,Russia,RUS,2002,59.6454457319607
3355,1269,Russia,RUS,2003,59.1282690076014
3356,1432,Russia,RUS,2004,56.5818523984055
3357,1595,Russia,RUS,2005,56.7132484905422
3358,1758,Russia,RUS,2006,54.733401867266
3359,1921,Russia,RUS,2007,51.7061227454606
3360,2084,Russia,RUS,2008,53.3824660408908
3361,2247,Russia,RUS,2009,48.4350610278181
3362,2410,Russia,RUS,2010,50.3555054872589
3363,2573,Russia,RUS,2011,48.0353994077919
3364,2736,Russia,RUS,2012,47.1513903857957
3365,2899,Russia,RUS,2013,46.287149400499
3366,3062,Russia,RUS,2014,47.8013412628116
3367,3225,Russia,RUS,2015,49.3593493116887
3368,3388,Russia,RUS,2016,46.5181198396096
3369,3551,Russia,RUS,2017,46.8765243371311
3370,3714,Russia,RUS,2018,51.5809003703964
3371,3877,Russia,RUS,2019,49.2287536619033
3372,4040,Russia,RUS,2020,45.9669082029127
3373,4203,Russia,RUS,2021,50.5861954621752
3374,4366,Russia,RUS,2022,42.7827864294811
3375,129,Rwanda,RWA,1996,32.2300658207659
3376,292,Rwanda,RWA,1997,33.4674605100182
3377,455,Rwanda,RWA,1998,28.7944635910011
3378,618,Rwanda,RWA,1999,27.3335364212359
3379,781,Rwanda,RWA,2000,27.4848638250445
3380,944,Rwanda,RWA,2001,29.1989094376925
3381,1107,Rwanda,RWA,2002,27.6094381162173
3382,1270,Rwanda,RWA,2003,29.3106242354101
3383,1433,Rwanda,RWA,2004,33.4616731030871
3384,1596,Rwanda,RWA,2005,34.2165383418652
3385,1759,Rwanda,RWA,2006,33.2214370724059
3386,1922,Rwanda,RWA,2007,35.9709731972278
3387,2085,Rwanda,RWA,2008,37.6045108548055
3388,2248,Rwanda,RWA,2009,36.8056280084816
3389,2411,Rwanda,RWA,2010,37.2788790923351
3390,2574,Rwanda,RWA,2011,39.71610247751
3391,2737,Rwanda,RWA,2012,40.5408629987193
3392,2900,Rwanda,RWA,2013,42.6934924295362
3393,3063,Rwanda,RWA,2014,43.902733691075
3394,3226,Rwanda,RWA,2015,45.2019756159103
3395,3389,Rwanda,RWA,2016,49.4849071069892
3396,3552,Rwanda,RWA,2017,53.6752674177253
3397,3715,Rwanda,RWA,2018,55.7841263739603
3398,3878,Rwanda,RWA,2019,57.9756628637954
3399,4041,Rwanda,RWA,2020,55.1879515519855
3400,4204,Rwanda,RWA,2021,54.2938318463367
3401,4367,Rwanda,RWA,2022,61.1450795033651
3402,87,Saint Lucia,LCA,1996,
3403,250,Saint Lucia,LCA,1997,
3404,413,Saint Lucia,LCA,1998,
3405,576,Saint Lucia,LCA,1999,
3406,739,Saint Lucia,LCA,2000,
3407,902,Saint Lucia,LCA,2001,
3408,1065,Saint Lucia,LCA,2002,
3409,1228,Saint Lucia,LCA,2003,
3410,1391,Saint Lucia,LCA,2004,
3411,1554,Saint Lucia,LCA,2005,
3412,1717,Saint Lucia,LCA,2006,
3413,1880,Saint Lucia,LCA,2007,
3414,2043,Saint Lucia,LCA,2008,
3415,2206,Saint Lucia,LCA,2009,
3416,2369,Saint Lucia,LCA,2010,
3417,2532,Saint Lucia,LCA,2011,
3418,2695,Saint Lucia,LCA,2012,
3419,2858,Saint Lucia,LCA,2013,
3420,3021,Saint Lucia,LCA,2014,
3421,3184,Saint Lucia,LCA,2015,
3422,3347,Saint Lucia,LCA,2016,
3423,3510,Saint Lucia,LCA,2017,
3424,3673,Saint Lucia,LCA,2018,
3425,3836,Saint Lucia,LCA,2019,
3426,3999,Saint Lucia,LCA,2020,
3427,4162,Saint Lucia,LCA,2021,
3428,4325,Saint Lucia,LCA,2022,
3429,136,Sao Tome and Principe,STP,1996,
3430,299,Sao Tome and Principe,STP,1997,
3431,462,Sao Tome and Principe,STP,1998,
3432,625,Sao Tome and Principe,STP,1999,
3433,788,Sao Tome and Principe,STP,2000,
3434,951,Sao Tome and Principe,STP,2001,
3435,1114,Sao Tome and Principe,STP,2002,
3436,1277,Sao Tome and Principe,STP,2003,
3437,1440,Sao Tome and Principe,STP,2004,
3438,1603,Sao Tome and Principe,STP,2005,
3439,1766,Sao Tome and Principe,STP,2006,
3440,1929,Sao Tome and Principe,STP,2007,
3441,2092,Sao Tome and Principe,STP,2008,
3442,2255,Sao Tome and Principe,STP,2009,
3443,2418,Sao Tome and Principe,STP,2010,
3444,2581,Sao Tome and Principe,STP,2011,
3445,2744,Sao Tome and Principe,STP,2012,
3446,2907,Sao Tome and Principe,STP,2013,
3447,3070,Sao Tome and Principe,STP,2014,
3448,3233,Sao Tome and Principe,STP,2015,
3449,3396,Sao Tome and Principe,STP,2016,
3450,3559,Sao Tome and Principe,STP,2017,
3451,3722,Sao Tome and Principe,STP,2018,
3452,3885,Sao Tome and Principe,STP,2019,
3453,4048,Sao Tome and Principe,STP,2020,
3454,4211,Sao Tome and Principe,STP,2021,
3455,4374,Sao Tome and Principe,STP,2022,
3456,130,Saudi Arabia,SAU,1996,66.653820067958
3457,293,Saudi Arabia,SAU,1997,65.1880669440449
3458,456,Saudi Arabia,SAU,1998,56.0883926105725
3459,619,Saudi Arabia,SAU,1999,57.8460488194196
3460,782,Saudi Arabia,SAU,2000,68.1664488005167
3461,945,Saudi Arabia,SAU,2001,63.5605836794513
3462,1108,Saudi Arabia,SAU,2002,64.5927974099254
3463,1271,Saudi Arabia,SAU,2003,69.831170708742
3464,1434,Saudi Arabia,SAU,2004,75.0828366569341
3465,1597,Saudi Arabia,SAU,2005,81.9540759410158
3466,1760,Saudi Arabia,SAU,2006,89.9446046768984
3467,1923,Saudi Arabia,SAU,2007,94.8633170967657
3468,2086,Saudi Arabia,SAU,2008,96.1026308742185
3469,2249,Saudi Arabia,SAU,2009,84.8583415624843
3470,2412,Saudi Arabia,SAU,2010,82.5496850227537
3471,2575,Saudi Arabia,SAU,2011,84.3594342438995
3472,2738,Saudi Arabia,SAU,2012,81.74067854616
3473,2901,Saudi Arabia,SAU,2013,80.2515014286783
3474,3064,Saudi Arabia,SAU,2014,78.000111117736
3475,3227,Saudi Arabia,SAU,2015,67.1052692300592
3476,3390,Saudi Arabia,SAU,2016,57.9216635110364
3477,3553,Saudi Arabia,SAU,2017,59.5319791578229
3478,3716,Saudi Arabia,SAU,2018,59.1029104697141
3479,3879,Saudi Arabia,SAU,2019,56.7938204886513
3480,4042,Saudi Arabia,SAU,2020,47.533159225048
3481,4205,Saudi Arabia,SAU,2021,50.8839263398787
3482,4368,Saudi Arabia,SAU,2022,56.8241647749332
3483,131,Senegal,SEN,1996,46.272432717398
3484,294,Senegal,SEN,1997,47.2413224036235
3485,457,Senegal,SEN,1998,48.0986748167655
3486,620,Senegal,SEN,1999,49.4852621662422
3487,783,Senegal,SEN,2000,48.680089723263
3488,946,Senegal,SEN,2001,49.7205780648314
3489,1109,Senegal,SEN,2002,53.1442994641329
3490,1272,Senegal,SEN,2003,50.8212198933376
3491,1435,Senegal,SEN,2004,53.6592031275529
3492,1598,Senegal,SEN,2005,54.9032435689485
3493,1761,Senegal,SEN,2006,54.1362378092613
3494,1924,Senegal,SEN,2007,59.2713043549794
3495,2087,Senegal,SEN,2008,62.7617698176319
3496,2250,Senegal,SEN,2009,52.3072908773365
3497,2413,Senegal,SEN,2010,52.4578551962948
3498,2576,Senegal,SEN,2011,57.5768785989578
3499,2739,Senegal,SEN,2012,61.9753040040375
3500,2902,Senegal,SEN,2013,60.6267663596737
3501,3065,Senegal,SEN,2014,58.4425289760992
3502,3228,Senegal,SEN,2015,58.1103376742017
3503,3391,Senegal,SEN,2016,54.1081692072139
3504,3554,Senegal,SEN,2017,57.7052798455617
3505,3717,Senegal,SEN,2018,61.7898394793183
3506,3880,Senegal,SEN,2019,64.2362506061005
3507,4043,Senegal,SEN,2020,60.0468716137065
3508,4206,Senegal,SEN,2021,69.3759939883832
3509,4369,Senegal,SEN,2022,79.5998216515832
3510,135,Serbia,SRB,1996,27.3190037104059
3511,298,Serbia,SRB,1997,32.6780204946957
3512,461,Serbia,SRB,1998,39.1669755756981
3513,624,Serbia,SRB,1999,24.1979423920709
3514,787,Serbia,SRB,2000,21.109043880746
3515,950,Serbia,SRB,2001,53.8950786178485
3516,1113,Serbia,SRB,2002,54.302882889577
3517,1276,Serbia,SRB,2003,58.2946720222191
3518,1439,Serbia,SRB,2004,72.2876162455649
3519,1602,Serbia,SRB,2005,71.9925488520017
3520,1765,Serbia,SRB,2006,75.529235364472
3521,1928,Serbia,SRB,2007,72.7165875771534
3522,2091,Serbia,SRB,2008,75.7432462868839
3523,2254,Serbia,SRB,2009,63.5017226157541
3524,2417,Serbia,SRB,2010,73.7088615865295
3525,2580,Serbia,SRB,2011,75.7493613069523
3526,2743,Serbia,SRB,2012,82.0766814348254
3527,2906,Serbia,SRB,2013,84.3322563766638
3528,3069,Serbia,SRB,2014,88.3815023270446
3529,3232,Serbia,SRB,2015,93.5281477663237
3530,3395,Serbia,SRB,2016,97.6906940431804
3531,3558,Serbia,SRB,2017,102.740445166934
3532,3721,Serbia,SRB,2018,105.563713028559
3533,3884,Serbia,SRB,2019,107.577309546092
3534,4047,Serbia,SRB,2020,100.324460810129
3535,4210,Serbia,SRB,2021,112.342298324945
3536,4373,Serbia,SRB,2022,131.93764235858
3537,141,Seychelles,SYC,1996,98.0553434635995
3538,304,Seychelles,SYC,1997,76.647187022948
3539,467,Seychelles,SYC,1998,78.9739492859688
3540,630,Seychelles,SYC,1999,88.3643279187233
3541,793,Seychelles,SYC,2000,151.302447835167
3542,956,Seychelles,SYC,2001,179.884914877473
3543,1119,Seychelles,SYC,2002,156.9298895573
3544,1282,Seychelles,SYC,2003,168.844235034216
3545,1445,Seychelles,SYC,2004,149.54093675029
3546,1608,Seychelles,SYC,2005,171.101735954764
3547,1771,Seychelles,SYC,2006,177.56693551462
3548,1934,Seychelles,SYC,2007,174.928462798259
3549,2097,Seychelles,SYC,2008,208.842968505327
3550,2260,Seychelles,SYC,2009,221.933825358009
3551,2423,Seychelles,SYC,2010,198.162692424328
3552,2586,Seychelles,SYC,2011,210.075382747992
3553,2749,Seychelles,SYC,2012,222.178254853141
3554,2912,Seychelles,SYC,2013,196.517733268793
3555,3075,Seychelles,SYC,2014,213.354469426486
3556,3238,Seychelles,SYC,2015,187.475012467679
3557,3401,Seychelles,SYC,2016,180.866188390939
3558,3564,Seychelles,SYC,2017,197.442236417869
3559,3727,Seychelles,SYC,2018,185.7075372109
3560,3890,Seychelles,SYC,2019,173.407846880196
3561,4053,Seychelles,SYC,2020,153.48333156592
3562,4216,Seychelles,SYC,2021,183.77081501466
3563,4379,Seychelles,SYC,2022,189.826835436591
3564,133,Sierra Leone,SLE,1996,49.5955306540939
3565,296,Sierra Leone,SLE,1997,28.2780240362665
3566,459,Sierra Leone,SLE,1998,35.3326795564082
3567,622,Sierra Leone,SLE,1999,33.7491637023642
3568,785,Sierra Leone,SLE,2000,57.5299628959222
3569,948,Sierra Leone,SLE,2001,35.9381603400143
3570,1111,Sierra Leone,SLE,2002,38.9169120522077
3571,1274,Sierra Leone,SLE,2003,46.4464372960676
3572,1437,Sierra Leone,SLE,2004,46.1719994018227
3573,1600,Sierra Leone,SLE,2005,47.5479834547988
3574,1763,Sierra Leone,SLE,2006,22.0888664739674
3575,1926,Sierra Leone,SLE,2007,21.8067992689239
3576,2089,Sierra Leone,SLE,2008,21.2566155636984
3577,2252,Sierra Leone,SLE,2009,23.0753395976546
3578,2415,Sierra Leone,SLE,2010,27.9541259241389
3579,2578,Sierra Leone,SLE,2011,43.7807969332619
3580,2741,Sierra Leone,SLE,2012,53.3813447139398
3581,2904,Sierra Leone,SLE,2013,53.3627646114117
3582,3067,Sierra Leone,SLE,2014,51.1187772788807
3583,3230,Sierra Leone,SLE,2015,36.4823958242319
3584,3393,Sierra Leone,SLE,2016,43.0672126969961
3585,3556,Sierra Leone,SLE,2017,41.5213782343591
3586,3719,Sierra Leone,SLE,2018,37.3774603119412
3587,3882,Sierra Leone,SLE,2019,37.5469541133796
3588,4045,Sierra Leone,SLE,2020,30.5875766269584
3589,4208,Sierra Leone,SLE,2021,42.1056362726289
3590,4371,Sierra Leone,SLE,2022,45.0330918170265
3591,132,Singapore,SGP,1996,334.911163288092
3592,295,Singapore,SGP,1997,323.86442214814
3593,458,Singapore,SGP,1998,312.079255674686
3594,621,Singapore,SGP,1999,336.484846412882
3595,784,Singapore,SGP,2000,364.364520468218
3596,947,Singapore,SGP,2001,349.292105694978
3597,1110,Singapore,SGP,2002,349.746013985676
3598,1273,Singapore,SGP,2003,377.218564301581
3599,1436,Singapore,SGP,2004,401.523712538509
3600,1599,Singapore,SGP,2005,420.430512920559
3601,1762,Singapore,SGP,2006,425.363399543019
3602,1925,Singapore,SGP,2007,394.288471919078
3603,2088,Singapore,SGP,2008,437.326714891057
3604,2251,Singapore,SGP,2009,358.192811828842
3605,2414,Singapore,SGP,2010,369.685555787646
3606,2577,Singapore,SGP,2011,379.098631377539
3607,2740,Singapore,SGP,2012,369.212965787665
3608,2903,Singapore,SGP,2013,367.041780049019
3609,3066,Singapore,SGP,2014,360.467319166237
3610,3229,Singapore,SGP,2015,329.471398940262
3611,3392,Singapore,SGP,2016,302.839656046574
3612,3555,Singapore,SGP,2017,316.794409287568
3613,3718,Singapore,SGP,2018,326.59658728675
3614,3881,Singapore,SGP,2019,324.394985115301
3615,4044,Singapore,SGP,2020,332.040805481913
3616,4207,Singapore,SGP,2021,329.161383683762
3617,4370,Singapore,SGP,2022,332.34956775484
3618,137,Slovakia,SVK,1996,110.817704215698
3619,300,Slovakia,SVK,1997,117.288133745109
3620,463,Slovakia,SVK,1998,101.906217751394
3621,626,Slovakia,SVK,1999,97.530252180251
3622,789,Slovakia,SVK,2000,108.939262958746
3623,952,Slovakia,SVK,2001,121.931131222912
3624,1115,Slovakia,SVK,2002,120.599168045888
3625,1278,Slovakia,SVK,2003,125.998506220804
3626,1441,Slovakia,SVK,2004,140.222460021585
3627,1604,Slovakia,SVK,2005,148.705461161746
3628,1767,Slovakia,SVK,2006,164.992205726236
3629,1930,Slovakia,SVK,2007,166.580025216882
3630,2093,Slovakia,SVK,2008,162.464472991641
3631,2256,Slovakia,SVK,2009,136.714352092364
3632,2419,Slovakia,SVK,2010,155.108497681586
3633,2582,Slovakia,SVK,2011,169.178076311066
3634,2745,Slovakia,SVK,2012,176.968958181431
3635,2908,Slovakia,SVK,2013,180.903136491458
3636,3071,Slovakia,SVK,2014,176.756316098132
3637,3234,Slovakia,SVK,2015,179.42602289503
3638,3397,Slovakia,SVK,2016,182.757379596201
3639,3560,Slovakia,SVK,2017,186.644687399549
3640,3723,Slovakia,SVK,2018,188.732964699496
3641,3886,Slovakia,SVK,2019,183.722608631236
3642,4049,Slovakia,SVK,2020,167.534173320366
3643,4212,Slovakia,SVK,2021,181.904665436682
3644,4375,Slovakia,SVK,2022,203.928968248026
3645,138,Slovenia,SVN,1996,93.6684415177777
3646,301,Slovenia,SVN,1997,96.4295395033677
3647,464,Slovenia,SVN,1998,97.068081542623
3648,627,Slovenia,SVN,1999,92.9581874247278
3649,790,Slovenia,SVN,2000,104.620348581459
3650,953,Slovenia,SVN,2001,105.583223530684
3651,1116,Slovenia,SVN,2002,104.880458289416
3652,1279,Slovenia,SVN,2003,103.280027127626
3653,1442,Slovenia,SVN,2004,112.399933466762
3654,1605,Slovenia,SVN,2005,121.127284217914
3655,1768,Slovenia,SVN,2006,130.517913086158
3656,1931,Slovenia,SVN,2007,137.66309435102
3657,2094,Slovenia,SVN,2008,135.387093664802
3658,2257,Slovenia,SVN,2009,114.482301023638
3659,2420,Slovenia,SVN,2010,128.606575425363
3660,2583,Slovenia,SVN,2011,140.332355750319
3661,2746,Slovenia,SVN,2012,143.656448572975
3662,2909,Slovenia,SVN,2013,145.168789432403
3663,3072,Slovenia,SVN,2014,146.471705096746
3664,3235,Slovenia,SVN,2015,147.218367714503
3665,3398,Slovenia,SVN,2016,148.238448080388
3666,3561,Slovenia,SVN,2017,158.70213584467
3667,3724,Slovenia,SVN,2018,162.613493975851
3668,3887,Slovenia,SVN,2019,160.044275685249
3669,4050,Slovenia,SVN,2020,147.549008584942
3670,4213,Slovenia,SVN,2021,162.082728356416
3671,4376,Slovenia,SVN,2022,186.21959497631
3672,160,South Africa,ZAF,1996,42.199251732528
3673,323,South Africa,ZAF,1997,42.3013344291831
3674,486,South Africa,ZAF,1998,44.0357453368965
3675,649,South Africa,ZAF,1999,42.2582960172673
3676,812,South Africa,ZAF,2000,46.2207217354077
3677,975,South Africa,ZAF,2001,49.170945185829
3678,1138,South Africa,ZAF,2002,53.4655016294369
3679,1301,South Africa,ZAF,2003,45.723862568979
3680,1464,South Africa,ZAF,2004,45.6435752240041
3681,1627,South Africa,ZAF,2005,47.4277813970329
3682,1790,South Africa,ZAF,2006,53.7681412741145
3683,1953,South Africa,ZAF,2007,57.125139137747
3684,2116,South Africa,ZAF,2008,65.9745237996233
3685,2279,South Africa,ZAF,2009,49.5875353278801
3686,2442,South Africa,ZAF,2010,50.4060871625999
3687,2605,South Africa,ZAF,2011,54.6363504358971
3688,2768,South Africa,ZAF,2012,55.5826171933345
3689,2931,South Africa,ZAF,2013,58.875027630051
3690,3094,South Africa,ZAF,2014,59.4995740550593
3691,3257,South Africa,ZAF,2015,56.7266761447156
3692,3420,South Africa,ZAF,2016,55.8612575048782
3693,3583,South Africa,ZAF,2017,53.5359318293741
3694,3746,South Africa,ZAF,2018,54.4855451276341
3695,3909,South Africa,ZAF,2019,53.8979964081406
3696,4072,South Africa,ZAF,2020,50.7596590804177
3697,4235,South Africa,ZAF,2021,56.0347138372399
3698,4398,South Africa,ZAF,2022,64.7830021330108
3699,81,South Korea,KOR,1996,52.6539729274205
3700,244,South Korea,KOR,1997,57.5230377463691
3701,407,South Korea,KOR,1998,68.4974720563618
3702,570,South Korea,KOR,1999,59.7627537606539
3703,733,South Korea,KOR,2000,66.0951601081834
3704,896,South Korea,KOR,2001,62.2237972179905
3705,1059,South Korea,KOR,2002,58.3530394029217
3706,1222,South Korea,KOR,2003,61.1746012790121
3707,1385,South Korea,KOR,2004,70.0157148656729
3708,1548,South Korea,KOR,2005,68.3248110236401
3709,1711,South Korea,KOR,2006,70.6518735304194
3710,1874,South Korea,KOR,2007,73.8745252877915
3711,2037,South Korea,KOR,2008,95.5163524347469
3712,2200,South Korea,KOR,2009,86.133619369747
3713,2363,South Korea,KOR,2010,91.3995964951756
3714,2526,South Korea,KOR,2011,105.566313581348
3715,2689,South Korea,KOR,2012,105.458327737701
3716,2852,South Korea,KOR,2013,97.9521049538882
3717,3015,South Korea,KOR,2014,90.6144418981567
3718,3178,South Korea,KOR,2015,79.132494389092
3719,3341,South Korea,KOR,2016,73.6038094655981
3720,3504,South Korea,KOR,2017,77.1209178066416
3721,3667,South Korea,KOR,2018,78.9888655134363
3722,3830,South Korea,KOR,2019,75.757138965219
3723,3993,South Korea,KOR,2020,69.0340450909562
3724,4156,South Korea,KOR,2021,80.1994569268269
3725,4319,South Korea,KOR,2022,96.5364092886865
3726,46,Spain,ESP,1996,46.2977506718533
3727,209,Spain,ESP,1997,51.2271398594527
3728,372,Spain,ESP,1998,52.730313072059
3729,535,Spain,ESP,1999,54.6969131882495
3730,698,Spain,ESP,2000,60.1216241049216
3731,861,Spain,ESP,2001,58.0138895625701
3732,1024,Spain,ESP,2002,55.1021415309759
3733,1187,Spain,ESP,2003,53.4357897202258
3734,1350,Spain,ESP,2004,54.4795182656074
3735,1513,Spain,ESP,2005,54.6991667043772
3736,1676,Spain,ESP,2006,56.0839263823216
3737,1839,Spain,ESP,2007,57.6269487657546
3738,2002,Spain,ESP,2008,55.8281315172523
3739,2165,Spain,ESP,2009,46.8366899971109
3740,2328,Spain,ESP,2010,52.6933699734019
3741,2491,Spain,ESP,2011,58.5118228859632
3742,2654,Spain,ESP,2012,60.5540346961864
3743,2817,Spain,ESP,2013,61.6687726441327
3744,2980,Spain,ESP,2014,63.39926213895
3745,3143,Spain,ESP,2015,63.5820412248232
3746,3306,Spain,ESP,2016,63.1886778507294
3747,3469,Spain,ESP,2017,66.167446137857
3748,3632,Spain,ESP,2018,67.0094103982921
3749,3795,Spain,ESP,2019,66.3662250440692
3750,3958,Spain,ESP,2020,59.4461280147076
3751,4121,Spain,ESP,2021,66.524588943191
3752,4284,Spain,ESP,2022,78.6275624641006
3753,88,Sri Lanka,LKA,1996,78.8739637143809
3754,251,Sri Lanka,LKA,1997,80.1375533095503
3755,414,Sri Lanka,LKA,1998,78.4949891255872
3756,577,Sri Lanka,LKA,1999,78.7514783496374
3757,740,Sri Lanka,LKA,2000,88.636441704913
3758,903,Sri Lanka,LKA,2001,80.8986015327576
3759,1066,Sri Lanka,LKA,2002,76.3351317826517
3760,1229,Sri Lanka,LKA,2003,75.336247330543
3761,1392,Sri Lanka,LKA,2004,79.4829449011187
3762,1555,Sri Lanka,LKA,2005,73.6039729580533
3763,1718,Sri Lanka,LKA,2006,71.2611784883009
3764,1881,Sri Lanka,LKA,2007,68.6065116601391
3765,2044,Sri Lanka,LKA,2008,63.369043608222
3766,2207,Sri Lanka,LKA,2009,49.1491415308235
3767,2370,Sri Lanka,LKA,2010,
3768,2533,Sri Lanka,LKA,2011,
3769,2696,Sri Lanka,LKA,2012,
3770,2859,Sri Lanka,LKA,2013,
3771,3022,Sri Lanka,LKA,2014,
3772,3185,Sri Lanka,LKA,2015,46.9179708088816
3773,3348,Sri Lanka,LKA,2016,46.4715370252187
3774,3511,Sri Lanka,LKA,2017,47.1404098004644
3775,3674,Sri Lanka,LKA,2018,49.8093967521361
3776,3837,Sri Lanka,LKA,2019,49.42552388546
3777,4000,Sri Lanka,LKA,2020,37.089118857292
3778,4163,Sri Lanka,LKA,2021,41.2288463291999
3779,4326,Sri Lanka,LKA,2022,46.6826080196819
3780,139,Sweden,SWE,1996,66.5058766503578
3781,302,Sweden,SWE,1997,71.994265840591
3782,465,Sweden,SWE,1998,74.3340863552886
3783,628,Sweden,SWE,1999,74.8473998972004
3784,791,Sweden,SWE,2000,81.4716102275416
3785,954,Sweden,SWE,2001,80.5687003228602
3786,1117,Sweden,SWE,2002,77.0849041710567
3787,1280,Sweden,SWE,2003,75.3278179685299
3788,1443,Sweden,SWE,2004,78.7355197224061
3789,1606,Sweden,SWE,2005,84.1675204576753
3790,1769,Sweden,SWE,2006,88.3298358884675
3791,1932,Sweden,SWE,2007,89.5464307031896
3792,2095,Sweden,SWE,2008,92.8079014378124
3793,2258,Sweden,SWE,2009,81.9578893979245
3794,2421,Sweden,SWE,2010,85.0910494657093
3795,2584,Sweden,SWE,2011,86.3903250752058
3796,2747,Sweden,SWE,2012,85.2976712116916
3797,2910,Sweden,SWE,2013,81.6398133610723
3798,3073,Sweden,SWE,2014,83.822646765647
3799,3236,Sweden,SWE,2015,84.1571739317941
3800,3399,Sweden,SWE,2016,83.2638007491712
3801,3562,Sweden,SWE,2017,85.9212504203118
3802,3725,Sweden,SWE,2018,90.1296957156635
3803,3888,Sweden,SWE,2019,92.5210834810288
3804,4051,Sweden,SWE,2020,84.3307817719974
3805,4214,Sweden,SWE,2021,90.2779861793753
3806,4377,Sweden,SWE,2022,105.855015275665
3807,24,Switzerland,CHE,1996,78.7524849566866
3808,187,Switzerland,CHE,1997,88.4699784559434
3809,350,Switzerland,CHE,1998,88.2156167655547
3810,513,Switzerland,CHE,1999,89.8170140994489
3811,676,Switzerland,CHE,2000,97.9368562124093
3812,839,Switzerland,CHE,2001,96.0398378851633
3813,1002,Switzerland,CHE,2002,91.7818508640225
3814,1165,Switzerland,CHE,2003,90.3354963143961
3815,1328,Switzerland,CHE,2004,95.5170944588529
3816,1491,Switzerland,CHE,2005,102.261172141836
3817,1654,Switzerland,CHE,2006,106.245154784945
3818,1817,Switzerland,CHE,2007,113.331857768509
3819,1980,Switzerland,CHE,2008,116.778000147488
3820,2143,Switzerland,CHE,2009,109.775984764795
3821,2306,Switzerland,CHE,2010,120.065123781818
3822,2469,Switzerland,CHE,2011,125.556273159907
3823,2632,Switzerland,CHE,2012,126.453860464505
3824,2795,Switzerland,CHE,2013,133.693708414477
3825,2958,Switzerland,CHE,2014,120.213423194635
3826,3121,Switzerland,CHE,2015,117.138482368571
3827,3284,Switzerland,CHE,2016,123.565924513577
3828,3447,Switzerland,CHE,2017,123.621807421715
3829,3610,Switzerland,CHE,2018,124.428504325808
3830,3773,Switzerland,CHE,2019,124.127612180467
3831,3936,Switzerland,CHE,2020,121.785978141921
3832,4099,Switzerland,CHE,2021,130.016261288489
3833,4262,Switzerland,CHE,2022,138.500698753519
3834,142,Syria,SYR,1996,69.9141790558683
3835,305,Syria,SYR,1997,66.2229786914424
3836,468,Syria,SYR,1998,61.424844770787
3837,631,Syria,SYR,1999,64.3084049166638
3838,794,Syria,SYR,2000,65.2849861212903
3839,957,Syria,SYR,2001,67.3681324999384
3840,1120,Syria,SYR,2002,71.6443076814108
3841,1283,Syria,SYR,2003,61.5469905405418
3842,1446,Syria,SYR,2004,78.1149285929097
3843,1609,Syria,SYR,2005,80.1330024866606
3844,1772,Syria,SYR,2006,74.2052265865927
3845,1935,Syria,SYR,2007,76.3793535157197
3846,2098,Syria,SYR,2008,74.2279600990172
3847,2261,Syria,SYR,2009,59.9438252393676
3848,2424,Syria,SYR,2010,64.0101646947258
3849,2587,Syria,SYR,2011,50.6960943456553
3850,2750,Syria,SYR,2012,35.3686903315942
3851,2913,Syria,SYR,2013,44.7052547833532
3852,3076,Syria,SYR,2014,54.2644225210945
3853,3239,Syria,SYR,2015,51.0862078228369
3854,3402,Syria,SYR,2016,67.1119365330928
3855,3565,Syria,SYR,2017,61.0508521719631
3856,3728,Syria,SYR,2018,50.6590991144828
3857,3891,Syria,SYR,2019,41.9994711236162
3858,4054,Syria,SYR,2020,44.818335302748
3859,4217,Syria,SYR,2021,61.2204850955149
3860,4380,Syria,SYR,2022,35.6094680799956
3861,146,Tajikistan,TJK,1996,156.670590142672
3862,309,Tajikistan,TJK,1997,181.590119644925
3863,472,Tajikistan,TJK,1998,106.89554276797
3864,635,Tajikistan,TJK,1999,133.60594795539
3865,798,Tajikistan,TJK,2000,175.351206134214
3866,961,Tajikistan,TJK,2001,146.657305562056
3867,1124,Tajikistan,TJK,2002,138.6839688324
3868,1287,Tajikistan,TJK,2003,137.669592976856
3869,1450,Tajikistan,TJK,2004,128.338170674363
3870,1613,Tajikistan,TJK,2005,126.994699303416
3871,1776,Tajikistan,TJK,2006,141.153912074728
3872,1939,Tajikistan,TJK,2007,145.528099715723
3873,2102,Tajikistan,TJK,2008,114.480149093579
3874,2265,Tajikistan,TJK,2009,85.9781370434108
3875,2428,Tajikistan,TJK,2010,73.493044509473
3876,2591,Tajikistan,TJK,2011,79.7842446734572
3877,2754,Tajikistan,TJK,2012,83.1759445401528
3878,2917,Tajikistan,TJK,2013,71.7437428882341
3879,3080,Tajikistan,TJK,2014,54.6071596053705
3880,3243,Tajikistan,TJK,2015,49.9378160689555
3881,3406,Tajikistan,TJK,2016,55.7246446907573
3882,3569,Tajikistan,TJK,2017,53.7861046057767
3883,3732,Tajikistan,TJK,2018,55.8461114113303
3884,3895,Tajikistan,TJK,2019,56.0450159145896
3885,4058,Tajikistan,TJK,2020,55.7491040194954
3886,4221,Tajikistan,TJK,2021,71.825937435383
3887,4384,Tajikistan,TJK,2022,65.4355115893577
3888,151,Tanzania,TZA,1996,35.7265066969485
3889,314,Tanzania,TZA,1997,28.8587832233337
3890,477,Tanzania,TZA,1998,26.1436420608095
3891,640,Tanzania,TZA,1999,25.0220548113162
3892,803,Tanzania,TZA,2000,23.9891151549808
3893,966,Tanzania,TZA,2001,28.0301432282533
3894,1129,Tanzania,TZA,2002,27.4992172734904
3895,1292,Tanzania,TZA,2003,30.4488358249326
3896,1455,Tanzania,TZA,2004,33.609786736665
3897,1618,Tanzania,TZA,2005,36.9592732894013
3898,1781,Tanzania,TZA,2006,42.7681664691467
3899,1944,Tanzania,TZA,2007,48.0583947796554
3900,2107,Tanzania,TZA,2008,49.0265445510865
3901,2270,Tanzania,TZA,2009,43.5326006456317
3902,2433,Tanzania,TZA,2010,47.6404394295683
3903,2596,Tanzania,TZA,2011,56.1661241821809
3904,2759,Tanzania,TZA,2012,54.3689490815138
3905,2922,Tanzania,TZA,2013,48.6316275295495
3906,3085,Tanzania,TZA,2014,45.3560223433065
3907,3248,Tanzania,TZA,2015,40.7576808778314
3908,3411,Tanzania,TZA,2016,35.4204704002636
3909,3574,Tanzania,TZA,2017,33.1125919853124
3910,3737,Tanzania,TZA,2018,32.6426099043737
3911,3900,Tanzania,TZA,2019,33.0185892502311
3912,4063,Tanzania,TZA,2020,27.9630151969884
3913,4226,Tanzania,TZA,2021,29.9151840074048
3914,4389,Tanzania,TZA,2022,35.0034517101994
3915,145,Thailand,THA,1996,84.2741479979753
3916,308,Thailand,THA,1997,95.0517906464755
3917,471,Thailand,THA,1998,100.240473732828
3918,634,Thailand,THA,1999,100.706288704433
3919,797,Thailand,THA,2000,121.297955351472
3920,960,Thailand,THA,2001,120.267966273533
3921,1123,Thailand,THA,2002,114.969743021067
3922,1286,Thailand,THA,2003,116.692819704865
3923,1449,Thailand,THA,2004,127.411873720393
3924,1612,Thailand,THA,2005,137.853866832247
3925,1775,Thailand,THA,2006,134.086946191268
3926,1938,Thailand,THA,2007,129.873226989717
3927,2101,Thailand,THA,2008,140.437011540931
3928,2264,Thailand,THA,2009,119.269418854589
3929,2427,Thailand,THA,2010,127.250522638251
3930,2590,Thailand,THA,2011,139.675407224576
3931,2753,Thailand,THA,2012,137.67493851024
3932,2916,Thailand,THA,2013,132.462274174269
3933,3079,Thailand,THA,2014,130.905495444398
3934,3242,Thailand,THA,2015,124.839662152526
3935,3405,Thailand,THA,2016,120.57522728913
3936,3568,Thailand,THA,2017,120.891427433638
3937,3731,Thailand,THA,2018,120.841864730984
3938,3894,Thailand,THA,2019,109.689514715166
3939,4057,Thailand,THA,2020,97.8007432465178
3940,4220,Thailand,THA,2021,117.252944620852
3941,4383,Thailand,THA,2022,132.858712082871
3942,144,Togo,TGO,1996,59.4098688003353
3943,307,Togo,TGO,1997,53.2069014922318
3944,470,Togo,TGO,1998,55.737924512227
3945,633,Togo,TGO,1999,50.108899621779
3946,796,Togo,TGO,2000,48.8080041114183
3947,959,Togo,TGO,2001,51.3941520650307
3948,1122,Togo,TGO,2002,51.609565282441
3949,1285,Togo,TGO,2003,55.389978417259
3950,1448,Togo,TGO,2004,57.8710938708872
3951,1611,Togo,TGO,2005,61.4542800128481
3952,1774,Togo,TGO,2006,61.6128604620733
3953,1937,Togo,TGO,2007,60.9274783294209
3954,2100,Togo,TGO,2008,61.4424800630784
3955,2263,Togo,TGO,2009,61.333407315669
3956,2426,Togo,TGO,2010,65.8567920612471
3957,2589,Togo,TGO,2011,76.6552742619342
3958,2752,Togo,TGO,2012,74.611097701708
3959,2915,Togo,TGO,2013,80.9905886455063
3960,3078,Togo,TGO,2014,69.9237466833915
3961,3241,Togo,TGO,2015,68.2000884209784
3962,3404,Togo,TGO,2016,65.5287522131519
3963,3567,Togo,TGO,2017,57.6019844158645
3964,3730,Togo,TGO,2018,57.3558037086364
3965,3893,Togo,TGO,2019,56.1423934002099
3966,4056,Togo,TGO,2020,55.5485385608639
3967,4219,Togo,TGO,2021,57.5850134996963
3968,4382,Togo,TGO,2022,65.4877850146886
3969,148,Trinidad and Tobago,TTO,1996,
3970,311,Trinidad and Tobago,TTO,1997,
3971,474,Trinidad and Tobago,TTO,1998,
3972,637,Trinidad and Tobago,TTO,1999,
3973,800,Trinidad and Tobago,TTO,2000,
3974,963,Trinidad and Tobago,TTO,2001,
3975,1126,Trinidad and Tobago,TTO,2002,
3976,1289,Trinidad and Tobago,TTO,2003,
3977,1452,Trinidad and Tobago,TTO,2004,
3978,1615,Trinidad and Tobago,TTO,2005,
3979,1778,Trinidad and Tobago,TTO,2006,
3980,1941,Trinidad and Tobago,TTO,2007,
3981,2104,Trinidad and Tobago,TTO,2008,
3982,2267,Trinidad and Tobago,TTO,2009,
3983,2430,Trinidad and Tobago,TTO,2010,
3984,2593,Trinidad and Tobago,TTO,2011,
3985,2756,Trinidad and Tobago,TTO,2012,
3986,2919,Trinidad and Tobago,TTO,2013,
3987,3082,Trinidad and Tobago,TTO,2014,
3988,3245,Trinidad and Tobago,TTO,2015,
3989,3408,Trinidad and Tobago,TTO,2016,
3990,3571,Trinidad and Tobago,TTO,2017,
3991,3734,Trinidad and Tobago,TTO,2018,
3992,3897,Trinidad and Tobago,TTO,2019,
3993,4060,Trinidad and Tobago,TTO,2020,
3994,4223,Trinidad and Tobago,TTO,2021,
3995,4386,Trinidad and Tobago,TTO,2022,
3996,149,Tunisia,TUN,1996,85.7203547620671
3997,312,Tunisia,TUN,1997,80.5007104439621
3998,475,Tunisia,TUN,1998,79.9794582620079
3999,638,Tunisia,TUN,1999,77.9051139411665
4000,801,Tunisia,TUN,2000,82.639110670191
4001,964,Tunisia,TUN,2001,89.5522011944661
4002,1127,Tunisia,TUN,2002,85.3421759692656
4003,1290,Tunisia,TUN,2003,82.390340709916
4004,1453,Tunisia,TUN,2004,86.9253446966283
4005,1616,Tunisia,TUN,2005,90.2512478803945
4006,1779,Tunisia,TUN,2006,93.9409304094309
4007,1942,Tunisia,TUN,2007,104.059400976647
4008,2105,Tunisia,TUN,2008,114.343660218696
4009,2268,Tunisia,TUN,2009,93.0168787876722
4010,2431,Tunisia,TUN,2010,100.151009836799
4011,2594,Tunisia,TUN,2011,100.106379304237
4012,2757,Tunisia,TUN,2012,101.550723929668
4013,2920,Tunisia,TUN,2013,98.9549566862038
4014,3083,Tunisia,TUN,2014,96.1071038558701
4015,3246,Tunisia,TUN,2015,87.2485306596052
4016,3409,Tunisia,TUN,2016,87.0926643641466
4017,3572,Tunisia,TUN,2017,95.8088058699264
4018,3735,Tunisia,TUN,2018,103.871735753703
4019,3898,Tunisia,TUN,2019,102.332045478018
4020,4061,Tunisia,TUN,2020,84.3382668589088
4021,4224,Tunisia,TUN,2021,93.638963515036
4022,4387,Tunisia,TUN,2022,115.827616610395
4023,150,Turkey,TUR,1996,49.3693148863728
4024,313,Turkey,TUR,1997,54.9703235724023
4025,476,Turkey,TUR,1998,40.3954105883847
4026,639,Turkey,TUR,1999,37.6649220129325
4027,802,Turkey,TUR,2000,42.3544370390114
4028,965,Turkey,TUR,2001,49.8714751387935
4029,1128,Turkey,TUR,2002,47.9823940487577
4030,1291,Turkey,TUR,2003,46.2250976270923
4031,1454,Turkey,TUR,2004,48.8258381508865
4032,1617,Turkey,TUR,2005,46.1423570520464
4033,1780,Turkey,TUR,2006,48.7628710706907
4034,1943,Turkey,TUR,2007,47.8508167487862
4035,2106,Turkey,TUR,2008,50.5482538951665
4036,2269,Turkey,TUR,2009,46.7870669467638
4037,2432,Turkey,TUR,2010,46.6944652263085
4038,2595,Turkey,TUR,2011,53.3041756356468
4039,2758,Turkey,TUR,2012,52.830802656723
4040,2921,Turkey,TUR,2013,52.5272987998138
4041,3084,Turkey,TUR,2014,53.7663011662543
4042,3247,Turkey,TUR,2015,51.0885436007552
4043,3410,Turkey,TUR,2016,48.3281862338973
4044,3573,Turkey,TUR,2017,55.762168749568
4045,3736,Turkey,TUR,2018,62.6142185426845
4046,3899,Turkey,TUR,2019,63.1932929004145
4047,4062,Turkey,TUR,2020,61.3437557667653
4048,4225,Turkey,TUR,2021,71.0824439613318
4049,4388,Turkey,TUR,2022,81.170129694525
4050,147,Turkmenistan,TKM,1996,152.516129032258
4051,310,Turkmenistan,TKM,1997,103.690369036904
4052,473,Turkmenistan,TKM,1998,96.3201143265452
4053,636,Turkmenistan,TKM,1999,90.4761904761905
4054,799,Turkmenistan,TKM,2000,103.580317825005
4055,962,Turkmenistan,TKM,2001,81.9858549438358
4056,1125,Turkmenistan,TKM,2002,63.7046861184792
4057,1288,Turkmenistan,TKM,2003,63.201750694386
4058,1451,Turkmenistan,TKM,2004,59.3199674884855
4059,1614,Turkmenistan,TKM,2005,53.9723419741336
4060,1777,Turkmenistan,TKM,2006,52.4473010022922
4061,1940,Turkmenistan,TKM,2007,56.2777777777778
4062,2103,Turkmenistan,TKM,2008,94.7240751970891
4063,2266,Turkmenistan,TKM,2009,104.95217927132
4064,2429,Turkmenistan,TKM,2010,96.8630558404027
4065,2592,Turkmenistan,TKM,2011,111.062833823441
4066,2755,Turkmenistan,TKM,2012,109.333652637251
4067,2918,Turkmenistan,TKM,2013,98.5928226795449
4068,3081,Turkmenistan,TKM,2014,91.0934829576602
4069,3244,Turkmenistan,TKM,2015,81.2999305660859
4070,3407,Turkmenistan,TKM,2016,62.0460846966262
4071,3570,Turkmenistan,TKM,2017,53.5753567069955
4072,3733,Turkmenistan,TKM,2018,50.9002726399821
4073,3896,Turkmenistan,TKM,2019,44.2857594037204
4074,4059,Turkmenistan,TKM,2020,35.9365938526967
4075,4222,Turkmenistan,TKM,2021,33.0581170797482
4076,4385,Turkmenistan,TKM,2022,37.3609509597775
4077,152,Uganda,UGA,1996,35.3854868820104
4078,315,Uganda,UGA,1997,34.1585669652784
4079,478,Uganda,UGA,1998,30.043921931244
4080,641,Uganda,UGA,1999,36.0247101570245
4081,804,Uganda,UGA,2000,32.7490333383822
4082,967,Uganda,UGA,2001,35.3299767819725
4083,1130,Uganda,UGA,2002,36.2777941561831
4084,1293,Uganda,UGA,2003,36.5857264641268
4085,1456,Uganda,UGA,2004,35.4600862456436
4086,1619,Uganda,UGA,2005,38.9942854839061
4087,1782,Uganda,UGA,2006,43.6332857896204
4088,1945,Uganda,UGA,2007,46.7774166522822
4089,2108,Uganda,UGA,2008,56.2582682050634
4090,2271,Uganda,UGA,2009,47.0638780748379
4091,2434,Uganda,UGA,2010,38.2692490371291
4092,2597,Uganda,UGA,2011,39.7552255606122
4093,2760,Uganda,UGA,2012,43.5021371397314
4094,2923,Uganda,UGA,2013,43.1091548734687
4095,3086,Uganda,UGA,2014,36.0144010819085
4096,3249,Uganda,UGA,2015,37.6892983324358
4097,3412,Uganda,UGA,2016,31.2093620232119
4098,3575,Uganda,UGA,2017,36.8370529334101
4099,3738,Uganda,UGA,2018,36.6384055999567
4100,3901,Uganda,UGA,2019,39.3610539647435
4101,4064,Uganda,UGA,2020,37.0006923916369
4102,4227,Uganda,UGA,2021,41.7136307424781
4103,4390,Uganda,UGA,2022,34.5053019270937
4104,153,Ukraine,UKR,1996,93.8566450766079
4105,316,Ukraine,UKR,1997,84.2414161623735
4106,479,Ukraine,UKR,1998,86.0497284415116
4107,642,Ukraine,UKR,1999,101.951706965548
4108,805,Ukraine,UKR,2000,115.735714934593
4109,968,Ukraine,UKR,2001,99.9261276192731
4110,1131,Ukraine,UKR,2002,95.994669810112
4111,1294,Ukraine,UKR,2003,102.590182257396
4112,1457,Ukraine,UKR,2004,109.981708544962
4113,1620,Ukraine,UKR,2005,94.6475701087848
4114,1783,Ukraine,UKR,2006,89.181052639031
4115,1946,Ukraine,UKR,2007,88.0465606718626
4116,2109,Ukraine,UKR,2008,94.1718921417534
4117,2272,Ukraine,UKR,2009,87.4761626200316
4118,2435,Ukraine,UKR,2010,95.72973045329
4119,2598,Ukraine,UKR,2011,104.805073904259
4120,2761,Ukraine,UKR,2012,102.622788356626
4121,2924,Ukraine,UKR,2013,94.0016694501782
4122,3087,Ukraine,UKR,2014,100.691782483624
4123,3250,Ukraine,UKR,2015,107.806616298156
4124,3413,Ukraine,UKR,2016,105.521204913122
4125,3576,Ukraine,UKR,2017,104.034982911399
4126,3739,Ukraine,UKR,2018,99.1998150718675
4127,3902,Ukraine,UKR,2019,90.5112342910763
4128,4065,Ukraine,UKR,2020,79.1564523761815
4129,4228,Ukraine,UKR,2021,82.69796136345
4130,4391,Ukraine,UKR,2022,87.3965139907244
4131,3,United Arab Emirates,ARE,1996,
4132,166,United Arab Emirates,ARE,1997,
4133,329,United Arab Emirates,ARE,1998,
4134,492,United Arab Emirates,ARE,1999,
4135,655,United Arab Emirates,ARE,2000,
4136,818,United Arab Emirates,ARE,2001,89.8645799289427
4137,981,United Arab Emirates,ARE,2002,93.0716588147781
4138,1144,United Arab Emirates,ARE,2003,102.300169490783
4139,1307,United Arab Emirates,ARE,2004,116.622612523831
4140,1470,United Arab Emirates,ARE,2005,119.552871642254
4141,1633,United Arab Emirates,ARE,2006,119.470669577786
4142,1796,United Arab Emirates,ARE,2007,136.798152865771
4143,1959,United Arab Emirates,ARE,2008,148.513544025723
4144,2122,United Arab Emirates,ARE,2009,153.461944358373
4145,2285,United Arab Emirates,ARE,2010,138.892096911897
4146,2448,United Arab Emirates,ARE,2011,147.392662018666
4147,2611,United Arab Emirates,ARE,2012,159.970470619225
4148,2774,United Arab Emirates,ARE,2013,161.100482455585
4149,2937,United Arab Emirates,ARE,2014,163.687585001674
4150,3100,United Arab Emirates,ARE,2015,169.476236698198
4151,3263,United Arab Emirates,ARE,2016,170.976829168197
4152,3426,United Arab Emirates,ARE,2017,170.92080687494
4153,3589,United Arab Emirates,ARE,2018,159.642777281025
4154,3752,United Arab Emirates,ARE,2019,170.068118822018
4155,3915,United Arab Emirates,ARE,2020,185.280552445405
4156,4078,United Arab Emirates,ARE,2021,186.108932605683
4157,4241,United Arab Emirates,ARE,2022,188.945461748684
4158,52,United Kingdom,GBR,1996,52.2438084688564
4159,215,United Kingdom,GBR,1997,50.9734058453648
4160,378,United Kingdom,GBR,1998,49.3364553465645
4161,541,United Kingdom,GBR,1999,49.6314395043173
4162,704,United Kingdom,GBR,2000,52.521730598718
4163,867,United Kingdom,GBR,2001,52.8216135097523
4164,1030,United Kingdom,GBR,2002,51.3796342070387
4165,1193,United Kingdom,GBR,2003,50.2395230519083
4166,1356,United Kingdom,GBR,2004,50.4517112404991
4167,1519,United Kingdom,GBR,2005,52.6807168405482
4168,1682,United Kingdom,GBR,2006,56.9144274808123
4169,1845,United Kingdom,GBR,2007,52.9643534370859
4170,2008,United Kingdom,GBR,2008,56.6986069277108
4171,2171,United Kingdom,GBR,2009,55.004384033595
4172,2334,United Kingdom,GBR,2010,59.2727749722888
4173,2497,United Kingdom,GBR,2011,63.5654009707745
4174,2660,United Kingdom,GBR,2012,62.2259827334183
4175,2823,United Kingdom,GBR,2013,61.9991119149908
4176,2986,United Kingdom,GBR,2014,59.0948041195932
4177,3149,United Kingdom,GBR,2015,57.2035496863734
4178,3312,United Kingdom,GBR,2016,59.7003984143761
4179,3475,United Kingdom,GBR,2017,63.1216500310687
4180,3638,United Kingdom,GBR,2018,64.542648250433
4181,3801,United Kingdom,GBR,2019,64.6651336372235
4182,3964,United Kingdom,GBR,2020,58.7811375973028
4183,4127,United Kingdom,GBR,2021,58.5845366237858
4184,4290,United Kingdom,GBR,2022,68.8805301397863
4185,155,United States,USA,1996,22.6870719902412
4186,318,United States,USA,1997,23.4283278026178
4187,481,United States,USA,1998,22.8258939797637
4188,644,United States,USA,1999,23.3135697296238
4189,807,United States,USA,2000,25.1029855568536
4190,970,United States,USA,2001,22.9671830154975
4191,1133,United States,USA,2002,22.2863842136065
4192,1296,United States,USA,2003,22.6272972866813
4193,1459,United States,USA,2004,24.4480566571904
4194,1622,United States,USA,2005,25.6385573436769
4195,1785,United States,USA,2006,26.9752858058903
4196,1948,United States,USA,2007,28.0120155631098
4197,2111,United States,USA,2008,29.8677875257061
4198,2274,United States,USA,2009,24.759527635837
4199,2437,United States,USA,2010,28.2198829408336
4200,2600,United States,USA,2011,30.842478575914
4201,2763,United States,USA,2012,30.681839575193
4202,2926,United States,USA,2013,29.9413062848227
4203,3089,United States,USA,2014,29.906569337428
4204,3252,United States,USA,2015,27.6882139340768
4205,3415,United States,USA,2016,26.4525977865465
4206,3578,United States,USA,2017,27.1253382222874
4207,3741,United States,USA,2018,27.4453591302618
4208,3904,United States,USA,2019,26.2584806245428
4209,4067,United States,USA,2020,23.0797778694073
4210,4230,United States,USA,2021,25.2136560307765
4211,4393,United States,USA,2022,26.891689830077
4212,154,Uruguay,URY,1996,39.5284364552889
4213,317,Uruguay,URY,1997,37.706397080707
4214,480,Uruguay,URY,1998,35.6400154006956
4215,643,Uruguay,URY,1999,33.3864489469027
4216,806,Uruguay,URY,2000,36.7137381507902
4217,969,Uruguay,URY,2001,36.3095126435057
4218,1132,Uruguay,URY,2002,40.02906730756
4219,1295,Uruguay,URY,2003,51.7591995826472
4220,1458,Uruguay,URY,2004,61.4766880860242
4221,1621,Uruguay,URY,2005,58.8776963255774
4222,1784,Uruguay,URY,2006,61.9715745165876
4223,1947,Uruguay,URY,2007,59.2104478374095
4224,2110,Uruguay,URY,2008,65.2080950071821
4225,2273,Uruguay,URY,2009,53.3944192683736
4226,2436,Uruguay,URY,2010,51.6990372012256
4227,2599,Uruguay,URY,2011,53.2470340109018
4228,2762,Uruguay,URY,2012,55.0611541633768
4229,2925,Uruguay,URY,2013,49.7178464746233
4230,3088,Uruguay,URY,2014,49.0876240632174
4231,3251,Uruguay,URY,2015,45.3282408087534
4232,3414,Uruguay,URY,2016,48.4705583785623
4233,3577,Uruguay,URY,2017,46.3780042035515
4234,3740,Uruguay,URY,2018,47.7913104806475
4235,3903,Uruguay,URY,2019,49.7448341159636
4236,4066,Uruguay,URY,2020,47.7318733182088
4237,4229,Uruguay,URY,2021,58.3150410230338
4238,4392,Uruguay,URY,2022,61.0307951043821
4239,156,Uzbekistan,UZB,1996,
4240,319,Uzbekistan,UZB,1997,57.1985913618542
4241,482,Uzbekistan,UZB,1998,45.4179547762326
4242,645,Uzbekistan,UZB,1999,36.6188588125863
4243,808,Uzbekistan,UZB,2000,44.0540299791129
4244,971,Uzbekistan,UZB,2001,56.776277587152
4245,1134,Uzbekistan,UZB,2002,58.954524710746
4246,1297,Uzbekistan,UZB,2003,70.4592746850874
4247,1460,Uzbekistan,UZB,2004,76.5956691950086
4248,1623,Uzbekistan,UZB,2005,69.5252584247083
4249,1786,Uzbekistan,UZB,2006,67.4712921717973
4250,1949,Uzbekistan,UZB,2007,74.4141929762327
4251,2112,Uzbekistan,UZB,2008,79.7479920348578
4252,2275,Uzbekistan,UZB,2009,68.673142199791
4253,2438,Uzbekistan,UZB,2010,49.268997799433
4254,2601,Uzbekistan,UZB,2011,49.6542884929068
4255,2764,Uzbekistan,UZB,2012,44.2393191333095
4256,2927,Uzbekistan,UZB,2013,42.3779149727009
4257,3090,Uzbekistan,UZB,2014,36.3570546649124
4258,3253,Uzbekistan,UZB,2015,30.7561914307205
4259,3416,Uzbekistan,UZB,2016,29.1922970388057
4260,3579,Uzbekistan,UZB,2017,42.5595081895289
4261,3742,Uzbekistan,UZB,2018,64.1381394985722
4262,3905,Uzbekistan,UZB,2019,64.9639227632407
4263,4068,Uzbekistan,UZB,2020,56.0515308349971
4264,4231,Uzbekistan,UZB,2021,57.4589716973222
4265,4394,Uzbekistan,UZB,2022,62.8412525378517
4266,157,Venezuela,VEN,1996,55.9724277883021
4267,320,Venezuela,VEN,1997,51.2450364065399
4268,483,Venezuela,VEN,1998,43.5993929334366
4269,646,Venezuela,VEN,1999,42.0702304843238
4270,809,Venezuela,VEN,2000,47.8572215529808
4271,972,Venezuela,VEN,2001,42.141268017362
4272,1135,Venezuela,VEN,2002,48.5757106494068
4273,1298,Venezuela,VEN,2003,50.5770073781941
4274,1461,Venezuela,VEN,2004,55.367455602322
4275,1624,Venezuela,VEN,2005,60.1273297561422
4276,1787,Venezuela,VEN,2006,58.6655915584603
4277,1950,Venezuela,VEN,2007,56.1990954818909
4278,2113,Venezuela,VEN,2008,51.8290123789932
4279,2276,Venezuela,VEN,2009,38.5209296583297
4280,2439,Venezuela,VEN,2010,46.1368935240203
4281,2602,Venezuela,VEN,2011,49.6381215967995
4282,2765,Venezuela,VEN,2012,50.4035673803654
4283,2928,Venezuela,VEN,2013,54.2777612672313
4284,3091,Venezuela,VEN,2014,48.0908135255646
4285,3254,Venezuela,VEN,2015,
4286,3417,Venezuela,VEN,2016,
4287,3580,Venezuela,VEN,2017,
4288,3743,Venezuela,VEN,2018,
4289,3906,Venezuela,VEN,2019,
4290,4069,Venezuela,VEN,2020,
4291,4232,Venezuela,VEN,2021,
4292,4395,Venezuela,VEN,2022,
4293,158,Vietnam,VNM,1996,92.7057468018939
4294,321,Vietnam,VNM,1997,94.3444840684516
4295,484,Vietnam,VNM,1998,97.0012485118429
4296,647,Vietnam,VNM,1999,102.787406603958
4297,810,Vietnam,VNM,2000,111.417094419512
4298,973,Vietnam,VNM,2001,111.955937998525
4299,1136,Vietnam,VNM,2002,116.696868652499
4300,1299,Vietnam,VNM,2003,124.327954439125
4301,1462,Vietnam,VNM,2004,133.016497868747
4302,1625,Vietnam,VNM,2005,130.714846045026
4303,1788,Vietnam,VNM,2006,138.313621869598
4304,1951,Vietnam,VNM,2007,154.605383996554
4305,2114,Vietnam,VNM,2008,154.317479627758
4306,2277,Vietnam,VNM,2009,134.706317721758
4307,2440,Vietnam,VNM,2010,113.977687539714
4308,2603,Vietnam,VNM,2011,125.260577940829
4309,2766,Vietnam,VNM,2012,123.224116745985
4310,2929,Vietnam,VNM,2013,130.846354866743
4311,3092,Vietnam,VNM,2014,135.410521454361
4312,3255,Vietnam,VNM,2015,144.914228195237
4313,3418,Vietnam,VNM,2016,145.409507973118
4314,3581,Vietnam,VNM,2017,160.98008365887
4315,3744,Vietnam,VNM,2018,164.663936775893
4316,3907,Vietnam,VNM,2019,164.704215031408
4317,4070,Vietnam,VNM,2020,163.245862814935
4318,4233,Vietnam,VNM,2021,186.675832836814
4319,4396,Vietnam,VNM,2022,183.153619147836
4320,159,Yemen,YEM,1996,85.9391074430978
4321,322,Yemen,YEM,1997,80.145988654048
4322,485,Yemen,YEM,1998,72.6619985473237
4323,648,Yemen,YEM,1999,72.0039277408966
4324,811,Yemen,YEM,2000,75.4388386390908
4325,974,Yemen,YEM,2001,70.8923979770182
4326,1137,Yemen,YEM,2002,74.7304558609206
4327,1300,Yemen,YEM,2003,74.3826165968098
4328,1463,Yemen,YEM,2004,71.8466740069203
4329,1626,Yemen,YEM,2005,76.773285677642
4330,1789,Yemen,YEM,2006,82.0761626564135
4331,1952,Yemen,YEM,2007,79.1234205876059
4332,2115,Yemen,YEM,2008,81.244718850294
4333,2278,Yemen,YEM,2009,68.0713910145084
4334,2441,Yemen,YEM,2010,64.3856367789811
4335,2604,Yemen,YEM,2011,63.0594579555133
4336,2767,Yemen,YEM,2012,61.3616371822837
4337,2930,Yemen,YEM,2013,52.5118781365995
4338,3093,Yemen,YEM,2014,48.2430405130867
4339,3256,Yemen,YEM,2015,30.3676590844547
4340,3419,Yemen,YEM,2016,31.0815442909684
4341,3582,Yemen,YEM,2017,42.9699046727963
4342,3745,Yemen,YEM,2018,56.0778227209515
4343,3908,Yemen,YEM,2019,
4344,4071,Yemen,YEM,2020,
4345,4234,Yemen,YEM,2021,
4346,4397,Yemen,YEM,2022,
4347,161,Zambia,ZMB,1996,63.8214821755312
4348,324,Zambia,ZMB,1997,58.272862622336
4349,487,Zambia,ZMB,1998,56.2503070199594
4350,650,Zambia,ZMB,1999,59.7675342029156
4351,813,Zambia,ZMB,2000,60.3874689884965
4352,976,Zambia,ZMB,2001,64.668282708979
4353,1139,Zambia,ZMB,2002,64.9164969990648
4354,1302,Zambia,ZMB,2003,62.3128446757629
4355,1465,Zambia,ZMB,2004,70.8130749317722
4356,1628,Zambia,ZMB,2005,62.200282191364
4357,1791,Zambia,ZMB,2006,57.8568188739027
4358,1954,Zambia,ZMB,2007,65.7714586909068
4359,2117,Zambia,ZMB,2008,59.4548891205874
4360,2280,Zambia,ZMB,2009,56.1213809555165
4361,2443,Zambia,ZMB,2010,65.0147025206122
4362,2606,Zambia,ZMB,2011,72.7954324384283
4363,2769,Zambia,ZMB,2012,75.367709855907
4364,2932,Zambia,ZMB,2013,80.4562410213373
4365,3095,Zambia,ZMB,2014,76.1934997276313
4366,3258,Zambia,ZMB,2015,79.8652687573958
4367,3421,Zambia,ZMB,2016,73.958561254616
4368,3584,Zambia,ZMB,2017,71.5856946542566
4369,3747,Zambia,ZMB,2018,74.8883695274665
4370,3910,Zambia,ZMB,2019,68.791204936096
4371,4073,Zambia,ZMB,2020,79.2068494095955
4372,4236,Zambia,ZMB,2021,86.2085111934645
4373,4399,Zambia,ZMB,2022,69.2973154193203
4374,162,Zimbabwe,ZWE,1996,72.0696205534463
4375,325,Zimbabwe,ZWE,1997,82.2050640855163
4376,488,Zimbabwe,ZWE,1998,88.5140416661236
4377,651,Zimbabwe,ZWE,1999,70.9226598006938
4378,814,Zimbabwe,ZWE,2000,74.0674111297806
4379,977,Zimbabwe,ZWE,2001,67.8978721688914
4380,1140,Zimbabwe,ZWE,2002,66.8073515648498
4381,1303,Zimbabwe,ZWE,2003,70.4519882160596
4382,1466,Zimbabwe,ZWE,2004,76.0396085957308
4383,1629,Zimbabwe,ZWE,2005,76.0437072796165
4384,1792,Zimbabwe,ZWE,2006,82.8206487761108
4385,1955,Zimbabwe,ZWE,2007,84.1729044270467
4386,2118,Zimbabwe,ZWE,2008,109.521637189895
4387,2281,Zimbabwe,ZWE,2009,61.7764909650234
4388,2444,Zimbabwe,ZWE,2010,83.1234047851259
4389,2607,Zimbabwe,ZWE,2011,89.4659437238642
4390,2770,Zimbabwe,ZWE,2012,74.1627003825153
4391,2933,Zimbabwe,ZWE,2013,58.6560737143829
4392,3096,Zimbabwe,ZWE,2014,54.6717592473918
4393,3259,Zimbabwe,ZWE,2015,56.7496526604333
4394,3422,Zimbabwe,ZWE,2016,51.2190376594477
4395,3585,Zimbabwe,ZWE,2017,55.028317831061
4396,3748,Zimbabwe,ZWE,2018,54.55031658746
4397,3911,Zimbabwe,ZWE,2019,55.7959843651922
4398,4074,Zimbabwe,ZWE,2020,47.3133820116249
4399,4237,Zimbabwe,ZWE,2021,50.8471233244119
4400,4400,Zimbabwe,ZWE,2022,64.7636073783674
