geo,year,sector,co2_kt,sec,coverage
AT,1990,CRF1A1A,11056.34,power_heat,covered
AT,1991,CRF1A1A,11767.76,power_heat,covered
AT,1992,CRF1A1A,8599.2,power_heat,covered
AT,1993,CRF1A1A,8430.92,power_heat,covered
AT,1994,CRF1A1A,8712.23,power_heat,covered
AT,1995,CRF1A1A,9811.7,power_heat,covered
AT,1996,CRF1A1A,11073.22,power_heat,covered
AT,1997,CRF1A1A,11107.87,power_heat,covered
AT,1998,CRF1A1A,10103.22,power_heat,covered
AT,1999,CRF1A1A,10048.58,power_heat,covered
AT,2000,CRF1A1A,9768.09,power_heat,covered
AT,2001,CRF1A1A,11269.82,power_heat,covered
AT,2002,CRF1A1A,10529.16,power_heat,covered
AT,2003,CRF1A1A,12985.55,power_heat,covered
AT,2004,CRF1A1A,12685.21,power_heat,covered
AT,2005,CRF1A1A,12726.35,power_heat,covered
AT,2006,CRF1A1A,11638.86,power_heat,covered
AT,2007,CRF1A1A,10394.12,power_heat,covered
AT,2008,CRF1A1A,10300.55,power_heat,covered
AT,2009,CRF1A1A,9256.32,power_heat,covered
AT,2010,CRF1A1A,10660.6,power_heat,covered
AT,2011,CRF1A1A,10248.2,power_heat,covered
AT,2012,CRF1A1A,8805.06,power_heat,covered
AT,2013,CRF1A1A,7804.15,power_heat,covered
AT,2014,CRF1A1A,6308.97,power_heat,covered
AT,2015,CRF1A1A,7299.32,power_heat,covered
AT,2016,CRF1A1A,7109.16,power_heat,covered
AT,2017,CRF1A1A,7784.17,power_heat,covered
AT,2018,CRF1A1A,6872.45,power_heat,covered
AT,2019,CRF1A1A,6947.23,power_heat,covered
AT,2020,CRF1A1A,5661.35,power_heat,covered
AT,2021,CRF1A1A,5641.84,power_heat,covered
AT,2022,CRF1A1A,5595.19,power_heat,covered
AT,2023,CRF1A1A,4450.36,power_heat,covered
AT,2024,CRF1A1A,4351.43,power_heat,covered
BE,1990,CRF1A1A,23173.02,power_heat,covered
BE,1991,CRF1A1A,23835.79,power_heat,covered
BE,1992,CRF1A1A,22890.56,power_heat,covered
BE,1993,CRF1A1A,22886.71,power_heat,covered
BE,1994,CRF1A1A,23931.42,power_heat,covered
BE,1995,CRF1A1A,23803.56,power_heat,covered
BE,1996,CRF1A1A,22706.02,power_heat,covered
BE,1997,CRF1A1A,21875.41,power_heat,covered
BE,1998,CRF1A1A,24705.59,power_heat,covered
BE,1999,CRF1A1A,21440.99,power_heat,covered
BE,2000,CRF1A1A,23205.74,power_heat,covered
BE,2001,CRF1A1A,20825.65,power_heat,covered
BE,2002,CRF1A1A,22237.92,power_heat,covered
BE,2003,CRF1A1A,22957.74,power_heat,covered
BE,2004,CRF1A1A,23802.02,power_heat,covered
BE,2005,CRF1A1A,24046.05,power_heat,covered
BE,2006,CRF1A1A,22764.37,power_heat,covered
BE,2007,CRF1A1A,22037.59,power_heat,covered
BE,2008,CRF1A1A,19990.79,power_heat,covered
BE,2009,CRF1A1A,20384.0,power_heat,covered
BE,2010,CRF1A1A,20955.97,power_heat,covered
BE,2011,CRF1A1A,17982.98,power_heat,covered
BE,2012,CRF1A1A,17513.49,power_heat,covered
BE,2013,CRF1A1A,16205.83,power_heat,covered
BE,2014,CRF1A1A,14967.94,power_heat,covered
BE,2015,CRF1A1A,15793.96,power_heat,covered
BE,2016,CRF1A1A,14543.84,power_heat,covered
BE,2017,CRF1A1A,14619.49,power_heat,covered
BE,2018,CRF1A1A,14763.03,power_heat,covered
BE,2019,CRF1A1A,14960.31,power_heat,covered
BE,2020,CRF1A1A,13810.6,power_heat,covered
BE,2021,CRF1A1A,12777.46,power_heat,covered
BE,2022,CRF1A1A,13449.69,power_heat,covered
BE,2023,CRF1A1A,10842.99,power_heat,covered
BE,2024,CRF1A1A,9760.13,power_heat,covered
BG,1990,CRF1A1A,35178.69,power_heat,covered
BG,1991,CRF1A1A,29038.12,power_heat,covered
BG,1992,CRF1A1A,28122.04,power_heat,covered
BG,1993,CRF1A1A,28548.52,power_heat,covered
BG,1994,CRF1A1A,25846.72,power_heat,covered
BG,1995,CRF1A1A,26070.04,power_heat,covered
BG,1996,CRF1A1A,26111.86,power_heat,covered
BG,1997,CRF1A1A,28169.66,power_heat,covered
BG,1998,CRF1A1A,27052.9,power_heat,covered
BG,1999,CRF1A1A,23090.97,power_heat,covered
BG,2000,CRF1A1A,23228.36,power_heat,covered
BG,2001,CRF1A1A,26929.13,power_heat,covered
BG,2002,CRF1A1A,24161.67,power_heat,covered
BG,2003,CRF1A1A,26250.38,power_heat,covered
BG,2004,CRF1A1A,25996.06,power_heat,covered
BG,2005,CRF1A1A,26174.65,power_heat,covered
BG,2006,CRF1A1A,26357.74,power_heat,covered
BG,2007,CRF1A1A,29699.42,power_heat,covered
BG,2008,CRF1A1A,31222.86,power_heat,covered
BG,2009,CRF1A1A,28551.54,power_heat,covered
BG,2010,CRF1A1A,30479.68,power_heat,covered
BG,2011,CRF1A1A,35265.16,power_heat,covered
BG,2012,CRF1A1A,30482.08,power_heat,covered
BG,2013,CRF1A1A,26226.51,power_heat,covered
BG,2014,CRF1A1A,27992.52,power_heat,covered
BG,2015,CRF1A1A,28834.16,power_heat,covered
BG,2016,CRF1A1A,25423.31,power_heat,covered
BG,2017,CRF1A1A,26677.87,power_heat,covered
BG,2018,CRF1A1A,22590.28,power_heat,covered
BG,2019,CRF1A1A,21433.69,power_heat,covered
BG,2020,CRF1A1A,17012.04,power_heat,covered
BG,2021,CRF1A1A,21245.36,power_heat,covered
BG,2022,CRF1A1A,25838.11,power_heat,covered
BG,2023,CRF1A1A,14713.11,power_heat,covered
BG,2024,CRF1A1A,11735.27,power_heat,covered
CH,1990,CRF1A1A,2103.77,power_heat,covered
CH,1991,CRF1A1A,2230.88,power_heat,covered
CH,1992,CRF1A1A,2364.17,power_heat,covered
CH,1993,CRF1A1A,1965.81,power_heat,covered
CH,1994,CRF1A1A,1922.43,power_heat,covered
CH,1995,CRF1A1A,1978.48,power_heat,covered
CH,1996,CRF1A1A,2155.12,power_heat,covered
CH,1997,CRF1A1A,2175.88,power_heat,covered
CH,1998,CRF1A1A,2522.14,power_heat,covered
CH,1999,CRF1A1A,2527.3,power_heat,covered
CH,2000,CRF1A1A,2516.97,power_heat,covered
CH,2001,CRF1A1A,2610.0,power_heat,covered
CH,2002,CRF1A1A,2664.7,power_heat,covered
CH,2003,CRF1A1A,2712.27,power_heat,covered
CH,2004,CRF1A1A,2747.27,power_heat,covered
CH,2005,CRF1A1A,2852.29,power_heat,covered
CH,2006,CRF1A1A,2986.69,power_heat,covered
CH,2007,CRF1A1A,2809.61,power_heat,covered
CH,2008,CRF1A1A,2823.48,power_heat,covered
CH,2009,CRF1A1A,2722.24,power_heat,covered
CH,2010,CRF1A1A,2907.83,power_heat,covered
CH,2011,CRF1A1A,2724.92,power_heat,covered
CH,2012,CRF1A1A,2858.83,power_heat,covered
CH,2013,CRF1A1A,2823.98,power_heat,covered
CH,2014,CRF1A1A,2678.38,power_heat,covered
CH,2015,CRF1A1A,2859.27,power_heat,covered
CH,2016,CRF1A1A,3032.77,power_heat,covered
CH,2017,CRF1A1A,2972.94,power_heat,covered
CH,2018,CRF1A1A,3031.83,power_heat,covered
CH,2019,CRF1A1A,3091.71,power_heat,covered
CH,2020,CRF1A1A,3062.23,power_heat,covered
CH,2021,CRF1A1A,3067.6,power_heat,covered
CH,2022,CRF1A1A,2937.99,power_heat,covered
CH,2023,CRF1A1A,2843.17,power_heat,covered
CH,2024,CRF1A1A,2886.86,power_heat,covered
CY,1990,CRF1A1A,1675.77,power_heat,covered
CY,1991,CRF1A1A,1738.05,power_heat,covered
CY,1992,CRF1A1A,2031.67,power_heat,covered
CY,1993,CRF1A1A,2165.27,power_heat,covered
CY,1994,CRF1A1A,2258.69,power_heat,covered
CY,1995,CRF1A1A,2075.92,power_heat,covered
CY,1996,CRF1A1A,2196.87,power_heat,covered
CY,1997,CRF1A1A,2321.55,power_heat,covered
CY,1998,CRF1A1A,2550.69,power_heat,covered
CY,1999,CRF1A1A,2719.88,power_heat,covered
CY,2000,CRF1A1A,2850.4,power_heat,covered
CY,2001,CRF1A1A,2783.11,power_heat,covered
CY,2002,CRF1A1A,2891.45,power_heat,covered
CY,2003,CRF1A1A,3117.89,power_heat,covered
CY,2004,CRF1A1A,3257.78,power_heat,covered
CY,2005,CRF1A1A,3471.84,power_heat,covered
CY,2006,CRF1A1A,3653.38,power_heat,covered
CY,2007,CRF1A1A,3801.67,power_heat,covered
CY,2008,CRF1A1A,3967.29,power_heat,covered
CY,2009,CRF1A1A,3992.47,power_heat,covered
CY,2010,CRF1A1A,3868.0,power_heat,covered
CY,2011,CRF1A1A,3710.04,power_heat,covered
CY,2012,CRF1A1A,3545.93,power_heat,covered
CY,2013,CRF1A1A,2829.73,power_heat,covered
CY,2014,CRF1A1A,2940.32,power_heat,covered
CY,2015,CRF1A1A,3023.0,power_heat,covered
CY,2016,CRF1A1A,3300.0,power_heat,covered
CY,2017,CRF1A1A,3287.83,power_heat,covered
CY,2018,CRF1A1A,3342.36,power_heat,covered
CY,2019,CRF1A1A,3282.06,power_heat,covered
CY,2020,CRF1A1A,3003.73,power_heat,covered
CY,2021,CRF1A1A,3077.69,power_heat,covered
CY,2022,CRF1A1A,3098.94,power_heat,covered
CY,2023,CRF1A1A,3049.92,power_heat,covered
CY,2024,CRF1A1A,3215.45,power_heat,covered
CZ,1990,CRF1A1A,54584.9,power_heat,covered
CZ,1991,CRF1A1A,53639.82,power_heat,covered
CZ,1992,CRF1A1A,52865.5,power_heat,covered
CZ,1993,CRF1A1A,52744.5,power_heat,covered
CZ,1994,CRF1A1A,53233.36,power_heat,covered
CZ,1995,CRF1A1A,57727.02,power_heat,covered
CZ,1996,CRF1A1A,60667.17,power_heat,covered
CZ,1997,CRF1A1A,56757.39,power_heat,covered
CZ,1998,CRF1A1A,54374.5,power_heat,covered
CZ,1999,CRF1A1A,51970.21,power_heat,covered
CZ,2000,CRF1A1A,55858.12,power_heat,covered
CZ,2001,CRF1A1A,57741.81,power_heat,covered
CZ,2002,CRF1A1A,55960.61,power_heat,covered
CZ,2003,CRF1A1A,55863.76,power_heat,covered
CZ,2004,CRF1A1A,55729.16,power_heat,covered
CZ,2005,CRF1A1A,56209.57,power_heat,covered
CZ,2006,CRF1A1A,55624.94,power_heat,covered
CZ,2007,CRF1A1A,59721.86,power_heat,covered
CZ,2008,CRF1A1A,54187.86,power_heat,covered
CZ,2009,CRF1A1A,50765.35,power_heat,covered
CZ,2010,CRF1A1A,54363.08,power_heat,covered
CZ,2011,CRF1A1A,53973.55,power_heat,covered
CZ,2012,CRF1A1A,51528.96,power_heat,covered
CZ,2013,CRF1A1A,48315.49,power_heat,covered
CZ,2014,CRF1A1A,46642.02,power_heat,covered
CZ,2015,CRF1A1A,46679.25,power_heat,covered
CZ,2016,CRF1A1A,47396.38,power_heat,covered
CZ,2017,CRF1A1A,46905.19,power_heat,covered
CZ,2018,CRF1A1A,46343.29,power_heat,covered
CZ,2019,CRF1A1A,42954.71,power_heat,covered
CZ,2020,CRF1A1A,36736.3,power_heat,covered
CZ,2021,CRF1A1A,39044.13,power_heat,covered
CZ,2022,CRF1A1A,40439.68,power_heat,covered
CZ,2023,CRF1A1A,33526.68,power_heat,covered
CZ,2024,CRF1A1A,30511.89,power_heat,covered
DE,1990,CRF1A1A,338451.16,power_heat,covered
DE,1991,CRF1A1A,330998.85,power_heat,covered
DE,1992,CRF1A1A,318273.93,power_heat,covered
DE,1993,CRF1A1A,309409.01,power_heat,covered
DE,1994,CRF1A1A,310108.83,power_heat,covered
DE,1995,CRF1A1A,304600.12,power_heat,covered
DE,1996,CRF1A1A,317599.59,power_heat,covered
DE,1997,CRF1A1A,303918.51,power_heat,covered
DE,1998,CRF1A1A,309575.4,power_heat,covered
DE,1999,CRF1A1A,300384.72,power_heat,covered
DE,2000,CRF1A1A,313574.71,power_heat,covered
DE,2001,CRF1A1A,328615.86,power_heat,covered
DE,2002,CRF1A1A,329369.35,power_heat,covered
DE,2003,CRF1A1A,343427.4,power_heat,covered
DE,2004,CRF1A1A,339344.19,power_heat,covered
DE,2005,CRF1A1A,333371.85,power_heat,covered
DE,2006,CRF1A1A,336273.81,power_heat,covered
DE,2007,CRF1A1A,341436.04,power_heat,covered
DE,2008,CRF1A1A,326401.31,power_heat,covered
DE,2009,CRF1A1A,304924.65,power_heat,covered
DE,2010,CRF1A1A,314960.07,power_heat,covered
DE,2011,CRF1A1A,312342.3,power_heat,covered
DE,2012,CRF1A1A,327667.08,power_heat,covered
DE,2013,CRF1A1A,331216.92,power_heat,covered
DE,2014,CRF1A1A,313440.12,power_heat,covered
DE,2015,CRF1A1A,301676.56,power_heat,covered
DE,2016,CRF1A1A,297498.33,power_heat,covered
DE,2017,CRF1A1A,278135.52,power_heat,covered
DE,2018,CRF1A1A,265267.87,power_heat,covered
DE,2019,CRF1A1A,215727.54,power_heat,covered
DE,2020,CRF1A1A,180710.74,power_heat,covered
DE,2021,CRF1A1A,208094.07,power_heat,covered
DE,2022,CRF1A1A,216806.54,power_heat,covered
DE,2023,CRF1A1A,166863.12,power_heat,covered
DE,2024,CRF1A1A,151375.41,power_heat,covered
DK,1990,CRF1A1A,24717.22,power_heat,covered
DK,1991,CRF1A1A,33489.37,power_heat,covered
DK,1992,CRF1A1A,28339.87,power_heat,covered
DK,1993,CRF1A1A,29885.0,power_heat,covered
DK,1994,CRF1A1A,33769.5,power_heat,covered
DK,1995,CRF1A1A,30041.78,power_heat,covered
DK,1996,CRF1A1A,42174.67,power_heat,covered
DK,1997,CRF1A1A,33085.41,power_heat,covered
DK,1998,CRF1A1A,29447.16,power_heat,covered
DK,1999,CRF1A1A,26214.53,power_heat,covered
DK,2000,CRF1A1A,23099.06,power_heat,covered
DK,2001,CRF1A1A,24404.48,power_heat,covered
DK,2002,CRF1A1A,24559.59,power_heat,covered
DK,2003,CRF1A1A,29261.54,power_heat,covered
DK,2004,CRF1A1A,23357.91,power_heat,covered
DK,2005,CRF1A1A,20196.04,power_heat,covered
DK,2006,CRF1A1A,28005.4,power_heat,covered
DK,2007,CRF1A1A,23388.62,power_heat,covered
DK,2008,CRF1A1A,21361.75,power_heat,covered
DK,2009,CRF1A1A,21376.89,power_heat,covered
DK,2010,CRF1A1A,21268.8,power_heat,covered
DK,2011,CRF1A1A,17413.37,power_heat,covered
DK,2012,CRF1A1A,14228.28,power_heat,covered
DK,2013,CRF1A1A,16503.42,power_heat,covered
DK,2014,CRF1A1A,13087.29,power_heat,covered
DK,2015,CRF1A1A,10292.95,power_heat,covered
DK,2016,CRF1A1A,11666.17,power_heat,covered
DK,2017,CRF1A1A,9096.52,power_heat,covered
DK,2018,CRF1A1A,9108.83,power_heat,covered
DK,2019,CRF1A1A,6283.22,power_heat,covered
DK,2020,CRF1A1A,5341.63,power_heat,covered
DK,2021,CRF1A1A,6247.38,power_heat,covered
DK,2022,CRF1A1A,6250.26,power_heat,covered
DK,2023,CRF1A1A,4659.28,power_heat,covered
DK,2024,CRF1A1A,3992.28,power_heat,covered
EE,1990,CRF1A1A,28190.53,power_heat,covered
EE,1991,CRF1A1A,25856.7,power_heat,covered
EE,1992,CRF1A1A,19658.28,power_heat,covered
EE,1993,CRF1A1A,15105.07,power_heat,covered
EE,1994,CRF1A1A,15656.3,power_heat,covered
EE,1995,CRF1A1A,13694.33,power_heat,covered
EE,1996,CRF1A1A,14369.74,power_heat,covered
EE,1997,CRF1A1A,14199.39,power_heat,covered
EE,1998,CRF1A1A,12518.58,power_heat,covered
EE,1999,CRF1A1A,12107.27,power_heat,covered
EE,2000,CRF1A1A,11532.71,power_heat,covered
EE,2001,CRF1A1A,11232.11,power_heat,covered
EE,2002,CRF1A1A,11104.35,power_heat,covered
EE,2003,CRF1A1A,12802.4,power_heat,covered
EE,2004,CRF1A1A,12688.42,power_heat,covered
EE,2005,CRF1A1A,12372.67,power_heat,covered
EE,2006,CRF1A1A,11679.95,power_heat,covered
EE,2007,CRF1A1A,14634.79,power_heat,covered
EE,2008,CRF1A1A,12611.6,power_heat,covered
EE,2009,CRF1A1A,10280.98,power_heat,covered
EE,2010,CRF1A1A,14487.78,power_heat,covered
EE,2011,CRF1A1A,14120.97,power_heat,covered
EE,2012,CRF1A1A,12663.72,power_heat,covered
EE,2013,CRF1A1A,14385.95,power_heat,covered
EE,2014,CRF1A1A,13582.01,power_heat,covered
EE,2015,CRF1A1A,10638.15,power_heat,covered
EE,2016,CRF1A1A,12144.99,power_heat,covered
EE,2017,CRF1A1A,12958.49,power_heat,covered
EE,2018,CRF1A1A,11991.7,power_heat,covered
EE,2019,CRF1A1A,6500.45,power_heat,covered
EE,2020,CRF1A1A,4156.12,power_heat,covered
EE,2021,CRF1A1A,5405.1,power_heat,covered
EE,2022,CRF1A1A,7027.8,power_heat,covered
EE,2023,CRF1A1A,3662.68,power_heat,covered
EE,2024,CRF1A1A,3064.83,power_heat,covered
EL,1990,CRF1A1A,40616.71,power_heat,covered
EL,1991,CRF1A1A,39450.15,power_heat,covered
EL,1992,CRF1A1A,41811.97,power_heat,covered
EL,1993,CRF1A1A,41737.95,power_heat,covered
EL,1994,CRF1A1A,43528.14,power_heat,covered
EL,1995,CRF1A1A,42274.83,power_heat,covered
EL,1996,CRF1A1A,41212.1,power_heat,covered
EL,1997,CRF1A1A,44590.75,power_heat,covered
EL,1998,CRF1A1A,47061.83,power_heat,covered
EL,1999,CRF1A1A,47704.51,power_heat,covered
EL,2000,CRF1A1A,51531.53,power_heat,covered
EL,2001,CRF1A1A,52008.09,power_heat,covered
EL,2002,CRF1A1A,51319.43,power_heat,covered
EL,2003,CRF1A1A,52724.85,power_heat,covered
EL,2004,CRF1A1A,53871.42,power_heat,covered
EL,2005,CRF1A1A,54310.52,power_heat,covered
EL,2006,CRF1A1A,51467.98,power_heat,covered
EL,2007,CRF1A1A,54897.44,power_heat,covered
EL,2008,CRF1A1A,53883.25,power_heat,covered
EL,2009,CRF1A1A,50680.66,power_heat,covered
EL,2010,CRF1A1A,48318.74,power_heat,covered
EL,2011,CRF1A1A,50459.8,power_heat,covered
EL,2012,CRF1A1A,50902.15,power_heat,covered
EL,2013,CRF1A1A,44100.22,power_heat,covered
EL,2014,CRF1A1A,40446.13,power_heat,covered
EL,2015,CRF1A1A,35493.38,power_heat,covered
EL,2016,CRF1A1A,31311.39,power_heat,covered
EL,2017,CRF1A1A,34875.69,power_heat,covered
EL,2018,CRF1A1A,33173.82,power_heat,covered
EL,2019,CRF1A1A,27242.75,power_heat,covered
EL,2020,CRF1A1A,19946.32,power_heat,covered
EL,2021,CRF1A1A,20117.51,power_heat,covered
EL,2022,CRF1A1A,18836.75,power_heat,covered
EL,2023,CRF1A1A,15335.05,power_heat,covered
EL,2024,CRF1A1A,15820.46,power_heat,covered
ES,1990,CRF1A1A,64811.9,power_heat,covered
ES,1991,CRF1A1A,65531.09,power_heat,covered
ES,1992,CRF1A1A,73128.62,power_heat,covered
ES,1993,CRF1A1A,67323.25,power_heat,covered
ES,1994,CRF1A1A,66197.18,power_heat,covered
ES,1995,CRF1A1A,71994.04,power_heat,covered
ES,1996,CRF1A1A,58847.7,power_heat,covered
ES,1997,CRF1A1A,70875.63,power_heat,covered
ES,1998,CRF1A1A,70612.33,power_heat,covered
ES,1999,CRF1A1A,85654.61,power_heat,covered
ES,2000,CRF1A1A,90273.96,power_heat,covered
ES,2001,CRF1A1A,84894.57,power_heat,covered
ES,2002,CRF1A1A,99123.44,power_heat,covered
ES,2003,CRF1A1A,92060.5,power_heat,covered
ES,2004,CRF1A1A,101166.38,power_heat,covered
ES,2005,CRF1A1A,111164.31,power_heat,covered
ES,2006,CRF1A1A,102539.55,power_heat,covered
ES,2007,CRF1A1A,108577.62,power_heat,covered
ES,2008,CRF1A1A,91780.66,power_heat,covered
ES,2009,CRF1A1A,76307.93,power_heat,covered
ES,2010,CRF1A1A,59628.7,power_heat,covered
ES,2011,CRF1A1A,73373.3,power_heat,covered
ES,2012,CRF1A1A,78119.94,power_heat,covered
ES,2013,CRF1A1A,58359.54,power_heat,covered
ES,2014,CRF1A1A,62396.42,power_heat,covered
ES,2015,CRF1A1A,72971.18,power_heat,covered
ES,2016,CRF1A1A,58073.41,power_heat,covered
ES,2017,CRF1A1A,68236.7,power_heat,covered
ES,2018,CRF1A1A,58891.01,power_heat,covered
ES,2019,CRF1A1A,43488.09,power_heat,covered
ES,2020,CRF1A1A,30321.02,power_heat,covered
ES,2021,CRF1A1A,30798.16,power_heat,covered
ES,2022,CRF1A1A,42069.48,power_heat,covered
ES,2023,CRF1A1A,30377.09,power_heat,covered
ES,2024,CRF1A1A,25933.9,power_heat,covered
EU27_2020,1990,CRF1A1A,1226218.22,power_heat,covered
EU27_2020,1991,CRF1A1A,1206358.61,power_heat,covered
EU27_2020,1992,CRF1A1A,1170486.75,power_heat,covered
EU27_2020,1993,CRF1A1A,1118490.17,power_heat,covered
EU27_2020,1994,CRF1A1A,1119742.67,power_heat,covered
EU27_2020,1995,CRF1A1A,1118462.84,power_heat,covered
EU27_2020,1996,CRF1A1A,1148887.85,power_heat,covered
EU27_2020,1997,CRF1A1A,1114480.68,power_heat,covered
EU27_2020,1998,CRF1A1A,1119800.86,power_heat,covered
EU27_2020,1999,CRF1A1A,1093573.4,power_heat,covered
EU27_2020,2000,CRF1A1A,1118514.16,power_heat,covered
EU27_2020,2001,CRF1A1A,1145565.15,power_heat,covered
EU27_2020,2002,CRF1A1A,1167201.12,power_heat,covered
EU27_2020,2003,CRF1A1A,1214528.97,power_heat,covered
EU27_2020,2004,CRF1A1A,1200961.4,power_heat,covered
EU27_2020,2005,CRF1A1A,1188518.78,power_heat,covered
EU27_2020,2006,CRF1A1A,1194198.69,power_heat,covered
EU27_2020,2007,CRF1A1A,1203051.32,power_heat,covered
EU27_2020,2008,CRF1A1A,1140138.72,power_heat,covered
EU27_2020,2009,CRF1A1A,1066411.07,power_heat,covered
EU27_2020,2010,CRF1A1A,1072657.31,power_heat,covered
EU27_2020,2011,CRF1A1A,1064846.02,power_heat,covered
EU27_2020,2012,CRF1A1A,1060162.84,power_heat,covered
EU27_2020,2013,CRF1A1A,1004230.99,power_heat,covered
EU27_2020,2014,CRF1A1A,946750.63,power_heat,covered
EU27_2020,2015,CRF1A1A,955213.53,power_heat,covered
EU27_2020,2016,CRF1A1A,931772.83,power_heat,covered
EU27_2020,2017,CRF1A1A,931633.37,power_heat,covered
EU27_2020,2018,CRF1A1A,873539.89,power_heat,covered
EU27_2020,2019,CRF1A1A,755181.52,power_heat,covered
EU27_2020,2020,CRF1A1A,642407.01,power_heat,covered
EU27_2020,2021,CRF1A1A,707117.19,power_heat,covered
EU27_2020,2022,CRF1A1A,725480.75,power_heat,covered
EU27_2020,2023,CRF1A1A,566547.24,power_heat,covered
EU27_2020,2024,CRF1A1A,513319.0,power_heat,covered
FI,1990,CRF1A1A,16453.37,power_heat,covered
FI,1991,CRF1A1A,16214.45,power_heat,covered
FI,1992,CRF1A1A,15976.33,power_heat,covered
FI,1993,CRF1A1A,18742.21,power_heat,covered
FI,1994,CRF1A1A,23298.65,power_heat,covered
FI,1995,CRF1A1A,21050.87,power_heat,covered
FI,1996,CRF1A1A,26529.12,power_heat,covered
FI,1997,CRF1A1A,24385.26,power_heat,covered
FI,1998,CRF1A1A,20952.89,power_heat,covered
FI,1999,CRF1A1A,20373.06,power_heat,covered
FI,2000,CRF1A1A,19078.67,power_heat,covered
FI,2001,CRF1A1A,24507.79,power_heat,covered
FI,2002,CRF1A1A,27078.26,power_heat,covered
FI,2003,CRF1A1A,34008.12,power_heat,covered
FI,2004,CRF1A1A,29911.19,power_heat,covered
FI,2005,CRF1A1A,18851.13,power_heat,covered
FI,2006,CRF1A1A,29555.98,power_heat,covered
FI,2007,CRF1A1A,27554.84,power_heat,covered
FI,2008,CRF1A1A,21080.93,power_heat,covered
FI,2009,CRF1A1A,22283.23,power_heat,covered
FI,2010,CRF1A1A,27676.22,power_heat,covered
FI,2011,CRF1A1A,21560.78,power_heat,covered
FI,2012,CRF1A1A,17751.7,power_heat,covered
FI,2013,CRF1A1A,19087.58,power_heat,covered
FI,2014,CRF1A1A,17802.9,power_heat,covered
FI,2015,CRF1A1A,14942.32,power_heat,covered
FI,2016,CRF1A1A,16867.27,power_heat,covered
FI,2017,CRF1A1A,15263.63,power_heat,covered
FI,2018,CRF1A1A,16427.86,power_heat,covered
FI,2019,CRF1A1A,13963.41,power_heat,covered
FI,2020,CRF1A1A,10990.86,power_heat,covered
FI,2021,CRF1A1A,11640.05,power_heat,covered
FI,2022,CRF1A1A,10908.19,power_heat,covered
FI,2023,CRF1A1A,8034.49,power_heat,covered
FI,2024,CRF1A1A,6607.43,power_heat,covered
FR,1990,CRF1A1A,49148.07,power_heat,covered
FR,1991,CRF1A1A,50214.77,power_heat,covered
FR,1992,CRF1A1A,51252.32,power_heat,covered
FR,1993,CRF1A1A,39205.66,power_heat,covered
FR,1994,CRF1A1A,35377.87,power_heat,covered
FR,1995,CRF1A1A,37976.76,power_heat,covered
FR,1996,CRF1A1A,42088.12,power_heat,covered
FR,1997,CRF1A1A,37858.48,power_heat,covered
FR,1998,CRF1A1A,50414.06,power_heat,covered
FR,1999,CRF1A1A,44351.96,power_heat,covered
FR,2000,CRF1A1A,44036.14,power_heat,covered
FR,2001,CRF1A1A,37685.86,power_heat,covered
FR,2002,CRF1A1A,41786.67,power_heat,covered
FR,2003,CRF1A1A,45182.98,power_heat,covered
FR,2004,CRF1A1A,43941.12,power_heat,covered
FR,2005,CRF1A1A,49546.86,power_heat,covered
FR,2006,CRF1A1A,45346.2,power_heat,covered
FR,2007,CRF1A1A,45275.0,power_heat,covered
FR,2008,CRF1A1A,44421.3,power_heat,covered
FR,2009,CRF1A1A,43614.11,power_heat,covered
FR,2010,CRF1A1A,45737.55,power_heat,covered
FR,2011,CRF1A1A,40857.41,power_heat,covered
FR,2012,CRF1A1A,45285.95,power_heat,covered
FR,2013,CRF1A1A,44143.31,power_heat,covered
FR,2014,CRF1A1A,30917.74,power_heat,covered
FR,2015,CRF1A1A,34141.37,power_heat,covered
FR,2016,CRF1A1A,37985.42,power_heat,covered
FR,2017,CRF1A1A,42297.16,power_heat,covered
FR,2018,CRF1A1A,33561.91,power_heat,covered
FR,2019,CRF1A1A,32271.46,power_heat,covered
FR,2020,CRF1A1A,29718.55,power_heat,covered
FR,2021,CRF1A1A,32480.19,power_heat,covered
FR,2022,CRF1A1A,33816.0,power_heat,covered
FR,2023,CRF1A1A,25801.52,power_heat,covered
FR,2024,CRF1A1A,21116.88,power_heat,covered
HR,1990,CRF1A1A,3728.89,power_heat,covered
HR,1991,CRF1A1A,2514.56,power_heat,covered
HR,1992,CRF1A1A,3532.88,power_heat,covered
HR,1993,CRF1A1A,3837.2,power_heat,covered
HR,1994,CRF1A1A,2511.69,power_heat,covered
HR,1995,CRF1A1A,3007.62,power_heat,covered
HR,1996,CRF1A1A,2731.81,power_heat,covered
HR,1997,CRF1A1A,3604.01,power_heat,covered
HR,1998,CRF1A1A,4271.95,power_heat,covered
HR,1999,CRF1A1A,4469.36,power_heat,covered
HR,2000,CRF1A1A,3788.4,power_heat,covered
HR,2001,CRF1A1A,4528.35,power_heat,covered
HR,2002,CRF1A1A,5178.84,power_heat,covered
HR,2003,CRF1A1A,5789.89,power_heat,covered
HR,2004,CRF1A1A,4678.33,power_heat,covered
HR,2005,CRF1A1A,4728.34,power_heat,covered
HR,2006,CRF1A1A,4720.6,power_heat,covered
HR,2007,CRF1A1A,5592.71,power_heat,covered
HR,2008,CRF1A1A,5100.15,power_heat,covered
HR,2009,CRF1A1A,4342.64,power_heat,covered
HR,2010,CRF1A1A,3967.44,power_heat,covered
HR,2011,CRF1A1A,4144.1,power_heat,covered
HR,2012,CRF1A1A,3781.77,power_heat,covered
HR,2013,CRF1A1A,3614.08,power_heat,covered
HR,2014,CRF1A1A,3049.69,power_heat,covered
HR,2015,CRF1A1A,3095.98,power_heat,covered
HR,2016,CRF1A1A,3347.32,power_heat,covered
HR,2017,CRF1A1A,2895.71,power_heat,covered
HR,2018,CRF1A1A,2385.31,power_heat,covered
HR,2019,CRF1A1A,2643.15,power_heat,covered
HR,2020,CRF1A1A,2623.54,power_heat,covered
HR,2021,CRF1A1A,2748.63,power_heat,covered
HR,2022,CRF1A1A,3060.92,power_heat,covered
HR,2023,CRF1A1A,3022.75,power_heat,covered
HR,2024,CRF1A1A,2136.13,power_heat,covered
HU,1990,CRF1A1A,17850.2,power_heat,covered
HU,1991,CRF1A1A,18817.86,power_heat,covered
HU,1992,CRF1A1A,19731.21,power_heat,covered
HU,1993,CRF1A1A,19990.39,power_heat,covered
HU,1994,CRF1A1A,19411.11,power_heat,covered
HU,1995,CRF1A1A,19881.52,power_heat,covered
HU,1996,CRF1A1A,20062.05,power_heat,covered
HU,1997,CRF1A1A,22125.24,power_heat,covered
HU,1998,CRF1A1A,23966.59,power_heat,covered
HU,1999,CRF1A1A,23590.42,power_heat,covered
HU,2000,CRF1A1A,21655.15,power_heat,covered
HU,2001,CRF1A1A,22116.74,power_heat,covered
HU,2002,CRF1A1A,20676.47,power_heat,covered
HU,2003,CRF1A1A,22103.35,power_heat,covered
HU,2004,CRF1A1A,20085.0,power_heat,covered
HU,2005,CRF1A1A,18203.93,power_heat,covered
HU,2006,CRF1A1A,18252.38,power_heat,covered
HU,2007,CRF1A1A,19590.88,power_heat,covered
HU,2008,CRF1A1A,18538.76,power_heat,covered
HU,2009,CRF1A1A,15551.55,power_heat,covered
HU,2010,CRF1A1A,16125.56,power_heat,covered
HU,2011,CRF1A1A,15318.48,power_heat,covered
HU,2012,CRF1A1A,14880.59,power_heat,covered
HU,2013,CRF1A1A,12306.24,power_heat,covered
HU,2014,CRF1A1A,11508.04,power_heat,covered
HU,2015,CRF1A1A,11895.86,power_heat,covered
HU,2016,CRF1A1A,11660.86,power_heat,covered
HU,2017,CRF1A1A,11910.36,power_heat,covered
HU,2018,CRF1A1A,10988.92,power_heat,covered
HU,2019,CRF1A1A,10545.52,power_heat,covered
HU,2020,CRF1A1A,10356.51,power_heat,covered
HU,2021,CRF1A1A,9642.21,power_heat,covered
HU,2022,CRF1A1A,8968.42,power_heat,covered
HU,2023,CRF1A1A,7413.54,power_heat,covered
HU,2024,CRF1A1A,7051.32,power_heat,covered
IE,1990,CRF1A1A,10876.49,power_heat,covered
IE,1991,CRF1A1A,11361.81,power_heat,covered
IE,1992,CRF1A1A,12027.13,power_heat,covered
IE,1993,CRF1A1A,12047.52,power_heat,covered
IE,1994,CRF1A1A,12368.4,power_heat,covered
IE,1995,CRF1A1A,13051.27,power_heat,covered
IE,1996,CRF1A1A,13765.81,power_heat,covered
IE,1997,CRF1A1A,14404.19,power_heat,covered
IE,1998,CRF1A1A,14730.09,power_heat,covered
IE,1999,CRF1A1A,15411.99,power_heat,covered
IE,2000,CRF1A1A,15667.31,power_heat,covered
IE,2001,CRF1A1A,16799.71,power_heat,covered
IE,2002,CRF1A1A,15830.46,power_heat,covered
IE,2003,CRF1A1A,15108.59,power_heat,covered
IE,2004,CRF1A1A,14736.82,power_heat,covered
IE,2005,CRF1A1A,15136.45,power_heat,covered
IE,2006,CRF1A1A,14410.77,power_heat,covered
IE,2007,CRF1A1A,13932.81,power_heat,covered
IE,2008,CRF1A1A,14005.0,power_heat,covered
IE,2009,CRF1A1A,12466.32,power_heat,covered
IE,2010,CRF1A1A,12745.14,power_heat,covered
IE,2011,CRF1A1A,11423.8,power_heat,covered
IE,2012,CRF1A1A,12224.62,power_heat,covered
IE,2013,CRF1A1A,10876.31,power_heat,covered
IE,2014,CRF1A1A,10713.85,power_heat,covered
IE,2015,CRF1A1A,11264.97,power_heat,covered
IE,2016,CRF1A1A,12004.38,power_heat,covered
IE,2017,CRF1A1A,11188.04,power_heat,covered
IE,2018,CRF1A1A,9863.25,power_heat,covered
IE,2019,CRF1A1A,8680.63,power_heat,covered
IE,2020,CRF1A1A,8037.4,power_heat,covered
IE,2021,CRF1A1A,9603.93,power_heat,covered
IE,2022,CRF1A1A,9413.8,power_heat,covered
IE,2023,CRF1A1A,7337.38,power_heat,covered
IE,2024,CRF1A1A,6745.89,power_heat,covered
IS,1990,CRF1A1A,13.46,power_heat,covered
IS,1991,CRF1A1A,15.05,power_heat,covered
IS,1992,CRF1A1A,14.06,power_heat,covered
IS,1993,CRF1A1A,14.42,power_heat,covered
IS,1994,CRF1A1A,14.28,power_heat,covered
IS,1995,CRF1A1A,15.1,power_heat,covered
IS,1996,CRF1A1A,12.11,power_heat,covered
IS,1997,CRF1A1A,7.0,power_heat,covered
IS,1998,CRF1A1A,9.03,power_heat,covered
IS,1999,CRF1A1A,6.68,power_heat,covered
IS,2000,CRF1A1A,6.47,power_heat,covered
IS,2001,CRF1A1A,5.97,power_heat,covered
IS,2002,CRF1A1A,6.85,power_heat,covered
IS,2003,CRF1A1A,4.99,power_heat,covered
IS,2004,CRF1A1A,3.16,power_heat,covered
IS,2005,CRF1A1A,3.26,power_heat,covered
IS,2006,CRF1A1A,9.03,power_heat,covered
IS,2007,CRF1A1A,24.94,power_heat,covered
IS,2008,CRF1A1A,10.16,power_heat,covered
IS,2009,CRF1A1A,7.75,power_heat,covered
IS,2010,CRF1A1A,8.36,power_heat,covered
IS,2011,CRF1A1A,6.42,power_heat,covered
IS,2012,CRF1A1A,7.71,power_heat,covered
IS,2013,CRF1A1A,4.37,power_heat,covered
IS,2014,CRF1A1A,5.1,power_heat,covered
IS,2015,CRF1A1A,4.18,power_heat,covered
IS,2016,CRF1A1A,2.36,power_heat,covered
IS,2017,CRF1A1A,2.31,power_heat,covered
IS,2018,CRF1A1A,2.35,power_heat,covered
IS,2019,CRF1A1A,4.95,power_heat,covered
IS,2020,CRF1A1A,2.61,power_heat,covered
IS,2021,CRF1A1A,3.19,power_heat,covered
IS,2022,CRF1A1A,10.45,power_heat,covered
IS,2023,CRF1A1A,10.92,power_heat,covered
IS,2024,CRF1A1A,15.4,power_heat,covered
IT,1990,CRF1A1A,108669.92,power_heat,covered
IT,1991,CRF1A1A,104082.84,power_heat,covered
IT,1992,CRF1A1A,103855.2,power_heat,covered
IT,1993,CRF1A1A,98480.97,power_heat,covered
IT,1994,CRF1A1A,100767.41,power_heat,covered
IT,1995,CRF1A1A,110334.97,power_heat,covered
IT,1996,CRF1A1A,105309.22,power_heat,covered
IT,1997,CRF1A1A,102232.75,power_heat,covered
IT,1998,CRF1A1A,103082.31,power_heat,covered
IT,1999,CRF1A1A,99565.41,power_heat,covered
IT,2000,CRF1A1A,109193.32,power_heat,covered
IT,2001,CRF1A1A,106684.53,power_heat,covered
IT,2002,CRF1A1A,115559.46,power_heat,covered
IT,2003,CRF1A1A,121641.38,power_heat,covered
IT,2004,CRF1A1A,120598.18,power_heat,covered
IT,2005,CRF1A1A,115444.55,power_heat,covered
IT,2006,CRF1A1A,118202.57,power_heat,covered
IT,2007,CRF1A1A,115170.7,power_heat,covered
IT,2008,CRF1A1A,114368.2,power_heat,covered
IT,2009,CRF1A1A,99031.24,power_heat,covered
IT,2010,CRF1A1A,97194.98,power_heat,covered
IT,2011,CRF1A1A,93759.33,power_heat,covered
IT,2012,CRF1A1A,91700.1,power_heat,covered
IT,2013,CRF1A1A,78792.75,power_heat,covered
IT,2014,CRF1A1A,71654.27,power_heat,covered
IT,2015,CRF1A1A,78921.97,power_heat,covered
IT,2016,CRF1A1A,76288.77,power_heat,covered
IT,2017,CRF1A1A,78127.28,power_heat,covered
IT,2018,CRF1A1A,70206.92,power_heat,covered
IT,2019,CRF1A1A,67034.42,power_heat,covered
IT,2020,CRF1A1A,59921.75,power_heat,covered
IT,2021,CRF1A1A,64236.93,power_heat,covered
IT,2022,CRF1A1A,71031.36,power_heat,covered
IT,2023,CRF1A1A,53261.75,power_heat,covered
IT,2024,CRF1A1A,43637.82,power_heat,covered
LT,1990,CRF1A1A,12002.95,power_heat,covered
LT,1991,CRF1A1A,12856.57,power_heat,covered
LT,1992,CRF1A1A,7587.97,power_heat,covered
LT,1993,CRF1A1A,5944.35,power_heat,covered
LT,1994,CRF1A1A,6289.88,power_heat,covered
LT,1995,CRF1A1A,5596.36,power_heat,covered
LT,1996,CRF1A1A,6126.29,power_heat,covered
LT,1997,CRF1A1A,5429.39,power_heat,covered
LT,1998,CRF1A1A,6013.76,power_heat,covered
LT,1999,CRF1A1A,4961.57,power_heat,covered
LT,2000,CRF1A1A,3889.28,power_heat,covered
LT,2001,CRF1A1A,4043.53,power_heat,covered
LT,2002,CRF1A1A,3839.2,power_heat,covered
LT,2003,CRF1A1A,3726.47,power_heat,covered
LT,2004,CRF1A1A,3671.4,power_heat,covered
LT,2005,CRF1A1A,3821.14,power_heat,covered
LT,2006,CRF1A1A,3641.13,power_heat,covered
LT,2007,CRF1A1A,3254.5,power_heat,covered
LT,2008,CRF1A1A,2956.32,power_heat,covered
LT,2009,CRF1A1A,3066.14,power_heat,covered
LT,2010,CRF1A1A,3706.16,power_heat,covered
LT,2011,CRF1A1A,2871.78,power_heat,covered
LT,2012,CRF1A1A,2935.92,power_heat,covered
LT,2013,CRF1A1A,2333.81,power_heat,covered
LT,2014,CRF1A1A,1793.84,power_heat,covered
LT,2015,CRF1A1A,1642.08,power_heat,covered
LT,2016,CRF1A1A,1390.9,power_heat,covered
LT,2017,CRF1A1A,1078.25,power_heat,covered
LT,2018,CRF1A1A,993.51,power_heat,covered
LT,2019,CRF1A1A,816.39,power_heat,covered
LT,2020,CRF1A1A,1203.81,power_heat,covered
LT,2021,CRF1A1A,1362.63,power_heat,covered
LT,2022,CRF1A1A,1109.88,power_heat,covered
LT,2023,CRF1A1A,925.31,power_heat,covered
LT,2024,CRF1A1A,820.82,power_heat,covered
LU,1990,CRF1A1A,32.46,power_heat,covered
LU,1991,CRF1A1A,33.96,power_heat,covered
LU,1992,CRF1A1A,33.86,power_heat,covered
LU,1993,CRF1A1A,36.03,power_heat,covered
LU,1994,CRF1A1A,38.98,power_heat,covered
LU,1995,CRF1A1A,101.22,power_heat,covered
LU,1996,CRF1A1A,91.05,power_heat,covered
LU,1997,CRF1A1A,103.3,power_heat,covered
LU,1998,CRF1A1A,145.73,power_heat,covered
LU,1999,CRF1A1A,165.44,power_heat,covered
LU,2000,CRF1A1A,114.83,power_heat,covered
LU,2001,CRF1A1A,279.69,power_heat,covered
LU,2002,CRF1A1A,1025.27,power_heat,covered
LU,2003,CRF1A1A,1029.29,power_heat,covered
LU,2004,CRF1A1A,1248.38,power_heat,covered
LU,2005,CRF1A1A,1232.81,power_heat,covered
LU,2006,CRF1A1A,1292.6,power_heat,covered
LU,2007,CRF1A1A,1167.48,power_heat,covered
LU,2008,CRF1A1A,979.76,power_heat,covered
LU,2009,CRF1A1A,1177.84,power_heat,covered
LU,2010,CRF1A1A,1196.02,power_heat,covered
LU,2011,CRF1A1A,999.13,power_heat,covered
LU,2012,CRF1A1A,1041.59,power_heat,covered
LU,2013,CRF1A1A,692.51,power_heat,covered
LU,2014,CRF1A1A,664.76,power_heat,covered
LU,2015,CRF1A1A,456.84,power_heat,covered
LU,2016,CRF1A1A,249.99,power_heat,covered
LU,2017,CRF1A1A,240.22,power_heat,covered
LU,2018,CRF1A1A,216.95,power_heat,covered
LU,2019,CRF1A1A,203.02,power_heat,covered
LU,2020,CRF1A1A,207.09,power_heat,covered
LU,2021,CRF1A1A,257.74,power_heat,covered
LU,2022,CRF1A1A,216.45,power_heat,covered
LU,2023,CRF1A1A,177.56,power_heat,covered
LU,2024,CRF1A1A,151.03,power_heat,covered
LV,1990,CRF1A1A,6096.57,power_heat,covered
LV,1991,CRF1A1A,5608.93,power_heat,covered
LV,1992,CRF1A1A,4747.3,power_heat,covered
LV,1993,CRF1A1A,3851.97,power_heat,covered
LV,1994,CRF1A1A,3614.45,power_heat,covered
LV,1995,CRF1A1A,3268.54,power_heat,covered
LV,1996,CRF1A1A,3329.28,power_heat,covered
LV,1997,CRF1A1A,3193.72,power_heat,covered
LV,1998,CRF1A1A,3089.49,power_heat,covered
LV,1999,CRF1A1A,2654.8,power_heat,covered
LV,2000,CRF1A1A,2291.94,power_heat,covered
LV,2001,CRF1A1A,2363.27,power_heat,covered
LV,2002,CRF1A1A,2269.49,power_heat,covered
LV,2003,CRF1A1A,2197.4,power_heat,covered
LV,2004,CRF1A1A,2002.94,power_heat,covered
LV,2005,CRF1A1A,1991.72,power_heat,covered
LV,2006,CRF1A1A,2015.59,power_heat,covered
LV,2007,CRF1A1A,1909.4,power_heat,covered
LV,2008,CRF1A1A,1866.51,power_heat,covered
LV,2009,CRF1A1A,1837.24,power_heat,covered
LV,2010,CRF1A1A,2196.4,power_heat,covered
LV,2011,CRF1A1A,2010.4,power_heat,covered
LV,2012,CRF1A1A,1797.58,power_heat,covered
LV,2013,CRF1A1A,1859.49,power_heat,covered
LV,2014,CRF1A1A,1603.45,power_heat,covered
LV,2015,CRF1A1A,1690.04,power_heat,covered
LV,2016,CRF1A1A,1773.57,power_heat,covered
LV,2017,CRF1A1A,1464.91,power_heat,covered
LV,2018,CRF1A1A,1841.71,power_heat,covered
LV,2019,CRF1A1A,1719.53,power_heat,covered
LV,2020,CRF1A1A,1280.37,power_heat,covered
LV,2021,CRF1A1A,1338.94,power_heat,covered
LV,2022,CRF1A1A,907.74,power_heat,covered
LV,2023,CRF1A1A,903.66,power_heat,covered
LV,2024,CRF1A1A,961.46,power_heat,covered
MT,1990,CRF1A1A,1758.52,power_heat,covered
MT,1991,CRF1A1A,1599.05,power_heat,covered
MT,1992,CRF1A1A,1536.25,power_heat,covered
MT,1993,CRF1A1A,2101.83,power_heat,covered
MT,1994,CRF1A1A,1809.12,power_heat,covered
MT,1995,CRF1A1A,1590.47,power_heat,covered
MT,1996,CRF1A1A,1646.98,power_heat,covered
MT,1997,CRF1A1A,1611.63,power_heat,covered
MT,1998,CRF1A1A,1636.41,power_heat,covered
MT,1999,CRF1A1A,1709.52,power_heat,covered
MT,2000,CRF1A1A,1602.33,power_heat,covered
MT,2001,CRF1A1A,1943.92,power_heat,covered
MT,2002,CRF1A1A,1956.86,power_heat,covered
MT,2003,CRF1A1A,2159.66,power_heat,covered
MT,2004,CRF1A1A,2065.53,power_heat,covered
MT,2005,CRF1A1A,1971.26,power_heat,covered
MT,2006,CRF1A1A,1985.77,power_heat,covered
MT,2007,CRF1A1A,2027.37,power_heat,covered
MT,2008,CRF1A1A,2018.59,power_heat,covered
MT,2009,CRF1A1A,1897.11,power_heat,covered
MT,2010,CRF1A1A,1878.31,power_heat,covered
MT,2011,CRF1A1A,1931.57,power_heat,covered
MT,2012,CRF1A1A,2050.66,power_heat,covered
MT,2013,CRF1A1A,1689.84,power_heat,covered
MT,2014,CRF1A1A,1651.59,power_heat,covered
MT,2015,CRF1A1A,883.81,power_heat,covered
MT,2016,CRF1A1A,576.57,power_heat,covered
MT,2017,CRF1A1A,723.42,power_heat,covered
MT,2018,CRF1A1A,697.86,power_heat,covered
MT,2019,CRF1A1A,739.08,power_heat,covered
MT,2020,CRF1A1A,809.85,power_heat,covered
MT,2021,CRF1A1A,771.63,power_heat,covered
MT,2022,CRF1A1A,796.42,power_heat,covered
MT,2023,CRF1A1A,798.7,power_heat,covered
MT,2024,CRF1A1A,736.6,power_heat,covered
NL,1990,CRF1A1A,40025.99,power_heat,covered
NL,1991,CRF1A1A,40508.58,power_heat,covered
NL,1992,CRF1A1A,41025.0,power_heat,covered
NL,1993,CRF1A1A,42409.39,power_heat,covered
NL,1994,CRF1A1A,46229.32,power_heat,covered
NL,1995,CRF1A1A,48502.4,power_heat,covered
NL,1996,CRF1A1A,49185.99,power_heat,covered
NL,1997,CRF1A1A,49610.68,power_heat,covered
NL,1998,CRF1A1A,51460.8,power_heat,covered
NL,1999,CRF1A1A,48514.96,power_heat,covered
NL,2000,CRF1A1A,49787.6,power_heat,covered
NL,2001,CRF1A1A,53262.26,power_heat,covered
NL,2002,CRF1A1A,54401.3,power_heat,covered
NL,2003,CRF1A1A,55288.45,power_heat,covered
NL,2004,CRF1A1A,56743.41,power_heat,covered
NL,2005,CRF1A1A,53982.45,power_heat,covered
NL,2006,CRF1A1A,49794.44,power_heat,covered
NL,2007,CRF1A1A,52666.46,power_heat,covered
NL,2008,CRF1A1A,52084.01,power_heat,covered
NL,2009,CRF1A1A,52312.58,power_heat,covered
NL,2010,CRF1A1A,54360.24,power_heat,covered
NL,2011,CRF1A1A,50251.57,power_heat,covered
NL,2012,CRF1A1A,47291.69,power_heat,covered
NL,2013,CRF1A1A,47636.45,power_heat,covered
NL,2014,CRF1A1A,51295.57,power_heat,covered
NL,2015,CRF1A1A,55782.3,power_heat,covered
NL,2016,CRF1A1A,54755.72,power_heat,covered
NL,2017,CRF1A1A,51131.53,power_heat,covered
NL,2018,CRF1A1A,47326.97,power_heat,covered
NL,2019,CRF1A1A,44209.35,power_heat,covered
NL,2020,CRF1A1A,35226.78,power_heat,covered
NL,2021,CRF1A1A,35042.2,power_heat,covered
NL,2022,CRF1A1A,33143.8,power_heat,covered
NL,2023,CRF1A1A,26186.01,power_heat,covered
NL,2024,CRF1A1A,25456.57,power_heat,covered
NO,1990,CRF1A1A,316.3,power_heat,covered
NO,1991,CRF1A1A,363.45,power_heat,covered
NO,1992,CRF1A1A,357.2,power_heat,covered
NO,1993,CRF1A1A,372.74,power_heat,covered
NO,1994,CRF1A1A,433.59,power_heat,covered
NO,1995,CRF1A1A,435.96,power_heat,covered
NO,1996,CRF1A1A,525.64,power_heat,covered
NO,1997,CRF1A1A,457.94,power_heat,covered
NO,1998,CRF1A1A,501.01,power_heat,covered
NO,1999,CRF1A1A,470.53,power_heat,covered
NO,2000,CRF1A1A,388.89,power_heat,covered
NO,2001,CRF1A1A,425.34,power_heat,covered
NO,2002,CRF1A1A,462.44,power_heat,covered
NO,2003,CRF1A1A,581.52,power_heat,covered
NO,2004,CRF1A1A,472.65,power_heat,covered
NO,2005,CRF1A1A,443.09,power_heat,covered
NO,2006,CRF1A1A,489.13,power_heat,covered
NO,2007,CRF1A1A,784.61,power_heat,covered
NO,2008,CRF1A1A,633.98,power_heat,covered
NO,2009,CRF1A1A,1880.96,power_heat,covered
NO,2010,CRF1A1A,2207.62,power_heat,covered
NO,2011,CRF1A1A,1933.44,power_heat,covered
NO,2012,CRF1A1A,1448.28,power_heat,covered
NO,2013,CRF1A1A,1461.05,power_heat,covered
NO,2014,CRF1A1A,1406.57,power_heat,covered
NO,2015,CRF1A1A,1434.26,power_heat,covered
NO,2016,CRF1A1A,1407.97,power_heat,covered
NO,2017,CRF1A1A,1536.65,power_heat,covered
NO,2018,CRF1A1A,1518.57,power_heat,covered
NO,2019,CRF1A1A,1442.49,power_heat,covered
NO,2020,CRF1A1A,1353.37,power_heat,covered
NO,2021,CRF1A1A,1458.85,power_heat,covered
NO,2022,CRF1A1A,1168.06,power_heat,covered
NO,2023,CRF1A1A,939.32,power_heat,covered
NO,2024,CRF1A1A,888.65,power_heat,covered
PL,1990,CRF1A1A,227279.46,power_heat,covered
PL,1991,CRF1A1A,223117.49,power_heat,covered
PL,1992,CRF1A1A,214502.32,power_heat,covered
PL,1993,CRF1A1A,199847.01,power_heat,covered
PL,1994,CRF1A1A,194329.78,power_heat,covered
PL,1995,CRF1A1A,177729.32,power_heat,covered
PL,1996,CRF1A1A,184150.33,power_heat,covered
PL,1997,CRF1A1A,178796.42,power_heat,covered
PL,1998,CRF1A1A,172344.61,power_heat,covered
PL,1999,CRF1A1A,168103.76,power_heat,covered
PL,2000,CRF1A1A,166239.44,power_heat,covered
PL,2001,CRF1A1A,168389.39,power_heat,covered
PL,2002,CRF1A1A,163761.06,power_heat,covered
PL,2003,CRF1A1A,172032.07,power_heat,covered
PL,2004,CRF1A1A,170915.07,power_heat,covered
PL,2005,CRF1A1A,170316.29,power_heat,covered
PL,2006,CRF1A1A,176082.55,power_heat,covered
PL,2007,CRF1A1A,170564.21,power_heat,covered
PL,2008,CRF1A1A,165382.72,power_heat,covered
PL,2009,CRF1A1A,159217.41,power_heat,covered
PL,2010,CRF1A1A,165013.62,power_heat,covered
PL,2011,CRF1A1A,165933.11,power_heat,covered
PL,2012,CRF1A1A,161202.21,power_heat,covered
PL,2013,CRF1A1A,162500.5,power_heat,covered
PL,2014,CRF1A1A,153378.11,power_heat,covered
PL,2015,CRF1A1A,154920.15,power_heat,covered
PL,2016,CRF1A1A,155103.76,power_heat,covered
PL,2017,CRF1A1A,156836.67,power_heat,covered
PL,2018,CRF1A1A,155143.05,power_heat,covered
PL,2019,CRF1A1A,141949.31,power_heat,covered
PL,2020,CRF1A1A,131217.05,power_heat,covered
PL,2021,CRF1A1A,151554.67,power_heat,covered
PL,2022,CRF1A1A,145092.44,power_heat,covered
PL,2023,CRF1A1A,119090.18,power_heat,covered
PL,2024,CRF1A1A,115377.32,power_heat,covered
PT,1990,CRF1A1A,14354.84,power_heat,covered
PT,1991,CRF1A1A,15193.3,power_heat,covered
PT,1992,CRF1A1A,18112.04,power_heat,covered
PT,1993,CRF1A1A,16097.0,power_heat,covered
PT,1994,CRF1A1A,14761.98,power_heat,covered
PT,1995,CRF1A1A,17360.56,power_heat,covered
PT,1996,CRF1A1A,13443.25,power_heat,covered
PT,1997,CRF1A1A,14088.7,power_heat,covered
PT,1998,CRF1A1A,16530.62,power_heat,covered
PT,1999,CRF1A1A,22619.05,power_heat,covered
PT,2000,CRF1A1A,19113.14,power_heat,covered
PT,2001,CRF1A1A,19507.09,power_heat,covered
PT,2002,CRF1A1A,22824.81,power_heat,covered
PT,2003,CRF1A1A,18330.85,power_heat,covered
PT,2004,CRF1A1A,19755.1,power_heat,covered
PT,2005,CRF1A1A,22878.19,power_heat,covered
PT,2006,CRF1A1A,19870.52,power_heat,covered
PT,2007,CRF1A1A,17302.19,power_heat,covered
PT,2008,CRF1A1A,16637.34,power_heat,covered
PT,2009,CRF1A1A,17082.99,power_heat,covered
PT,2010,CRF1A1A,12073.5,power_heat,covered
PT,2011,CRF1A1A,14220.39,power_heat,covered
PT,2012,CRF1A1A,15179.29,power_heat,covered
PT,2013,CRF1A1A,12566.5,power_heat,covered
PT,2014,CRF1A1A,12316.28,power_heat,covered
PT,2015,CRF1A1A,15873.35,power_heat,covered
PT,2016,CRF1A1A,14901.46,power_heat,covered
PT,2017,CRF1A1A,18656.1,power_heat,covered
PT,2018,CRF1A1A,15512.08,power_heat,covered
PT,2019,CRF1A1A,10754.99,power_heat,covered
PT,2020,CRF1A1A,8173.78,power_heat,covered
PT,2021,CRF1A1A,6444.15,power_heat,covered
PT,2022,CRF1A1A,6728.29,power_heat,covered
PT,2023,CRF1A1A,4406.38,power_heat,covered
PT,2024,CRF1A1A,2765.3,power_heat,covered
RO,1990,CRF1A1A,67019.86,power_heat,covered
RO,1991,CRF1A1A,62619.0,power_heat,covered
RO,1992,CRF1A1A,55166.84,power_heat,covered
RO,1993,CRF1A1A,53240.45,power_heat,covered
RO,1994,CRF1A1A,52038.61,power_heat,covered
RO,1995,CRF1A1A,54080.29,power_heat,covered
RO,1996,CRF1A1A,56722.98,power_heat,covered
RO,1997,CRF1A1A,47711.34,power_heat,covered
RO,1998,CRF1A1A,39532.17,power_heat,covered
RO,1999,CRF1A1A,34263.05,power_heat,covered
RO,2000,CRF1A1A,36373.65,power_heat,covered
RO,2001,CRF1A1A,38939.77,power_heat,covered
RO,2002,CRF1A1A,35424.38,power_heat,covered
RO,2003,CRF1A1A,38705.1,power_heat,covered
RO,2004,CRF1A1A,33969.05,power_heat,covered
RO,2005,CRF1A1A,33463.83,power_heat,covered
RO,2006,CRF1A1A,36582.93,power_heat,covered
RO,2007,CRF1A1A,36721.4,power_heat,covered
RO,2008,CRF1A1A,33807.19,power_heat,covered
RO,2009,CRF1A1A,35505.67,power_heat,covered
RO,2010,CRF1A1A,27037.25,power_heat,covered
RO,2011,CRF1A1A,29974.55,power_heat,covered
RO,2012,CRF1A1A,28065.34,power_heat,covered
RO,2013,CRF1A1A,21566.9,power_heat,covered
RO,2014,CRF1A1A,21279.77,power_heat,covered
RO,2015,CRF1A1A,21690.81,power_heat,covered
RO,2016,CRF1A1A,20157.61,power_heat,covered
RO,2017,CRF1A1A,21135.07,power_heat,covered
RO,2018,CRF1A1A,19843.73,power_heat,covered
RO,2019,CRF1A1A,16822.62,power_heat,covered
RO,2020,CRF1A1A,12683.3,power_heat,covered
RO,2021,CRF1A1A,13318.49,power_heat,covered
RO,2022,CRF1A1A,12388.3,power_heat,covered
RO,2023,CRF1A1A,10488.33,power_heat,covered
RO,2024,CRF1A1A,9543.04,power_heat,covered
SE,1990,CRF1A1A,7667.86,power_heat,covered
SE,1991,CRF1A1A,8546.8,power_heat,covered
SE,1992,CRF1A1A,9063.97,power_heat,covered
SE,1993,CRF1A1A,9155.68,power_heat,covered
SE,1994,CRF1A1A,9605.66,power_heat,covered
SE,1995,CRF1A1A,8876.48,power_heat,covered
SE,1996,CRF1A1A,13211.8,power_heat,covered
SE,1997,CRF1A1A,8575.97,power_heat,covered
SE,1998,CRF1A1A,9519.86,power_heat,covered
SE,1999,CRF1A1A,7833.07,power_heat,covered
SE,2000,CRF1A1A,6328.82,power_heat,covered
SE,2001,CRF1A1A,7668.98,power_heat,covered
SE,2002,CRF1A1A,8636.02,power_heat,covered
SE,2003,CRF1A1A,9837.28,power_heat,covered
SE,2004,CRF1A1A,8759.99,power_heat,covered
SE,2005,CRF1A1A,7839.27,power_heat,covered
SE,2006,CRF1A1A,7963.24,power_heat,covered
SE,2007,CRF1A1A,7693.14,power_heat,covered
SE,2008,CRF1A1A,7307.19,power_heat,covered
SE,2009,CRF1A1A,7823.45,power_heat,covered
SE,2010,CRF1A1A,10217.38,power_heat,covered
SE,2011,CRF1A1A,7968.85,power_heat,covered
SE,2012,CRF1A1A,7386.2,power_heat,covered
SE,2013,CRF1A1A,7223.42,power_heat,covered
SE,2014,CRF1A1A,6202.74,power_heat,covered
SE,2015,CRF1A1A,5849.69,power_heat,covered
SE,2016,CRF1A1A,6527.82,power_heat,covered
SE,2017,CRF1A1A,6331.78,power_heat,covered
SE,2018,CRF1A1A,6688.75,power_heat,covered
SE,2019,CRF1A1A,5022.64,power_heat,covered
SE,2020,CRF1A1A,4839.69,power_heat,covered
SE,2021,CRF1A1A,5705.91,power_heat,covered
SE,2022,CRF1A1A,1799.55,power_heat,covered
SE,2023,CRF1A1A,4725.21,power_heat,covered
SE,2024,CRF1A1A,4476.0,power_heat,covered
SI,1990,CRF1A1A,6096.39,power_heat,covered
SI,1991,CRF1A1A,5309.53,power_heat,covered
SI,1992,CRF1A1A,5783.94,power_heat,covered
SI,1993,CRF1A1A,5595.14,power_heat,covered
SI,1994,CRF1A1A,5406.76,power_heat,covered
SI,1995,CRF1A1A,5586.36,power_heat,covered
SI,1996,CRF1A1A,5204.37,power_heat,covered
SI,1997,CRF1A1A,5649.95,power_heat,covered
SI,1998,CRF1A1A,5895.99,power_heat,covered
SI,1999,CRF1A1A,5247.63,power_heat,covered
SI,2000,CRF1A1A,5537.88,power_heat,covered
SI,2001,CRF1A1A,6257.47,power_heat,covered
SI,2002,CRF1A1A,6516.97,power_heat,covered
SI,2003,CRF1A1A,6249.6,power_heat,covered
SI,2004,CRF1A1A,6392.21,power_heat,covered
SI,2005,CRF1A1A,6421.22,power_heat,covered
SI,2006,CRF1A1A,6469.67,power_heat,covered
SI,2007,CRF1A1A,6698.64,power_heat,covered
SI,2008,CRF1A1A,6461.92,power_heat,covered
SI,2009,CRF1A1A,6181.82,power_heat,covered
SI,2010,CRF1A1A,6304.26,power_heat,covered
SI,2011,CRF1A1A,6333.27,power_heat,covered
SI,2012,CRF1A1A,6027.2,power_heat,covered
SI,2013,CRF1A1A,5746.9,power_heat,covered
SI,2014,CRF1A1A,4425.75,power_heat,covered
SI,2015,CRF1A1A,4538.67,power_heat,covered
SI,2016,CRF1A1A,4911.74,power_heat,covered
SI,2017,CRF1A1A,4899.18,power_heat,covered
SI,2018,CRF1A1A,4784.14,power_heat,covered
SI,2019,CRF1A1A,4557.79,power_heat,covered
SI,2020,CRF1A1A,4494.26,power_heat,covered
SI,2021,CRF1A1A,4178.43,power_heat,covered
SI,2022,CRF1A1A,3400.45,power_heat,covered
SI,2023,CRF1A1A,3291.23,power_heat,covered
SI,2024,CRF1A1A,3615.51,power_heat,covered
SK,1990,CRF1A1A,14700.15,power_heat,covered
SK,1991,CRF1A1A,12413.4,power_heat,covered
SK,1992,CRF1A1A,10830.52,power_heat,covered
SK,1993,CRF1A1A,9671.2,power_heat,covered
SK,1994,CRF1A1A,8640.63,power_heat,covered
SK,1995,CRF1A1A,8374.46,power_heat,covered
SK,1996,CRF1A1A,8330.46,power_heat,covered
SK,1997,CRF1A1A,8198.07,power_heat,covered
SK,1998,CRF1A1A,8211.3,power_heat,covered
SK,1999,CRF1A1A,8402.07,power_heat,covered
SK,2000,CRF1A1A,8893.62,power_heat,covered
SK,2001,CRF1A1A,9882.2,power_heat,covered
SK,2002,CRF1A1A,9178.64,power_heat,covered
SK,2003,CRF1A1A,9686.47,power_heat,covered
SK,2004,CRF1A1A,9589.15,power_heat,covered
SK,2005,CRF1A1A,8645.45,power_heat,covered
SK,2006,CRF1A1A,8005.77,power_heat,covered
SK,2007,CRF1A1A,7340.43,power_heat,covered
SK,2008,CRF1A1A,7414.9,power_heat,covered
SK,2009,CRF1A1A,6498.95,power_heat,covered
SK,2010,CRF1A1A,6235.86,power_heat,covered
SK,2011,CRF1A1A,6397.81,power_heat,covered
SK,2012,CRF1A1A,6103.72,power_heat,covered
SK,2013,CRF1A1A,5646.64,power_heat,covered
SK,2014,CRF1A1A,4688.56,power_heat,covered
SK,2015,CRF1A1A,4921.41,power_heat,covered
SK,2016,CRF1A1A,4802.72,power_heat,covered
SK,2017,CRF1A1A,4876.56,power_heat,covered
SK,2018,CRF1A1A,4712.37,power_heat,covered
SK,2019,CRF1A1A,4428.17,power_heat,covered
SK,2020,CRF1A1A,3922.58,power_heat,covered
SK,2021,CRF1A1A,4341.73,power_heat,covered
SK,2022,CRF1A1A,3286.28,power_heat,covered
SK,2023,CRF1A1A,3202.95,power_heat,covered
SK,2024,CRF1A1A,2358.83,power_heat,covered
TR,1990,CRF1A1A,32822.59,power_heat,covered
TR,1991,CRF1A1A,34429.22,power_heat,covered
TR,1992,CRF1A1A,39046.71,power_heat,covered
TR,1993,CRF1A1A,38254.63,power_heat,covered
TR,1994,CRF1A1A,44561.79,power_heat,covered
TR,1995,CRF1A1A,45859.74,power_heat,covered
TR,1996,CRF1A1A,49743.75,power_heat,covered
TR,1997,CRF1A1A,54809.81,power_heat,covered
TR,1998,CRF1A1A,60336.34,power_heat,covered
TR,1999,CRF1A1A,65778.23,power_heat,covered
TR,2000,CRF1A1A,73139.36,power_heat,covered
TR,2001,CRF1A1A,75350.52,power_heat,covered
TR,2002,CRF1A1A,69374.31,power_heat,covered
TR,2003,CRF1A1A,68970.01,power_heat,covered
TR,2004,CRF1A1A,69839.78,power_heat,covered
TR,2005,CRF1A1A,84623.5,power_heat,covered
TR,2006,CRF1A1A,90114.56,power_heat,covered
TR,2007,CRF1A1A,107431.18,power_heat,covered
TR,2008,CRF1A1A,112407.62,power_heat,covered
TR,2009,CRF1A1A,113841.73,power_heat,covered
TR,2010,CRF1A1A,107664.41,power_heat,covered
TR,2011,CRF1A1A,118729.68,power_heat,covered
TR,2012,CRF1A1A,119702.46,power_heat,covered
TR,2013,CRF1A1A,114861.49,power_heat,covered
TR,2014,CRF1A1A,125665.04,power_heat,covered
TR,2015,CRF1A1A,126766.96,power_heat,covered
TR,2016,CRF1A1A,134279.82,power_heat,covered
TR,2017,CRF1A1A,144814.09,power_heat,covered
TR,2018,CRF1A1A,148992.1,power_heat,covered
TR,2019,CRF1A1A,138272.87,power_heat,covered
TR,2020,CRF1A1A,130770.48,power_heat,covered
TR,2021,CRF1A1A,147901.12,power_heat,covered
TR,2022,CRF1A1A,143848.1,power_heat,covered
TR,2023,CRF1A1A,142490.71,power_heat,covered
TR,2024,CRF1A1A,149914.09,power_heat,covered
AT,1990,CRF1A1B,2394.34,refining,covered
AT,1991,CRF1A1B,2427.91,refining,covered
AT,1992,CRF1A1B,2389.33,refining,covered
AT,1993,CRF1A1B,2731.61,refining,covered
AT,1994,CRF1A1B,2709.24,refining,covered
AT,1995,CRF1A1B,2590.41,refining,covered
AT,1996,CRF1A1B,2646.52,refining,covered
AT,1997,CRF1A1B,2639.86,refining,covered
AT,1998,CRF1A1B,2633.11,refining,covered
AT,1999,CRF1A1B,2234.48,refining,covered
AT,2000,CRF1A1B,2213.81,refining,covered
AT,2001,CRF1A1B,2128.94,refining,covered
AT,2002,CRF1A1B,2565.08,refining,covered
AT,2003,CRF1A1B,2687.15,refining,covered
AT,2004,CRF1A1B,2843.55,refining,covered
AT,2005,CRF1A1B,2826.92,refining,covered
AT,2006,CRF1A1B,2829.98,refining,covered
AT,2007,CRF1A1B,2867.63,refining,covered
AT,2008,CRF1A1B,2806.07,refining,covered
AT,2009,CRF1A1B,2809.23,refining,covered
AT,2010,CRF1A1B,2724.48,refining,covered
AT,2011,CRF1A1B,2768.08,refining,covered
AT,2012,CRF1A1B,2836.13,refining,covered
AT,2013,CRF1A1B,2826.64,refining,covered
AT,2014,CRF1A1B,2713.19,refining,covered
AT,2015,CRF1A1B,2804.05,refining,covered
AT,2016,CRF1A1B,2784.46,refining,covered
AT,2017,CRF1A1B,2738.6,refining,covered
AT,2018,CRF1A1B,2824.37,refining,covered
AT,2019,CRF1A1B,2791.04,refining,covered
AT,2020,CRF1A1B,2731.77,refining,covered
AT,2021,CRF1A1B,2749.64,refining,covered
AT,2022,CRF1A1B,2255.07,refining,covered
AT,2023,CRF1A1B,2579.59,refining,covered
AT,2024,CRF1A1B,2620.21,refining,covered
BE,1990,CRF1A1B,4299.17,refining,covered
BE,1991,CRF1A1B,4297.16,refining,covered
BE,1992,CRF1A1B,4428.09,refining,covered
BE,1993,CRF1A1B,4075.88,refining,covered
BE,1994,CRF1A1B,4253.54,refining,covered
BE,1995,CRF1A1B,4088.89,refining,covered
BE,1996,CRF1A1B,4743.62,refining,covered
BE,1997,CRF1A1B,4779.72,refining,covered
BE,1998,CRF1A1B,4863.33,refining,covered
BE,1999,CRF1A1B,4567.61,refining,covered
BE,2000,CRF1A1B,4606.75,refining,covered
BE,2001,CRF1A1B,4642.99,refining,covered
BE,2002,CRF1A1B,4759.65,refining,covered
BE,2003,CRF1A1B,5190.25,refining,covered
BE,2004,CRF1A1B,4800.83,refining,covered
BE,2005,CRF1A1B,4353.23,refining,covered
BE,2006,CRF1A1B,4521.63,refining,covered
BE,2007,CRF1A1B,4581.92,refining,covered
BE,2008,CRF1A1B,4642.91,refining,covered
BE,2009,CRF1A1B,4762.35,refining,covered
BE,2010,CRF1A1B,4709.69,refining,covered
BE,2011,CRF1A1B,4267.28,refining,covered
BE,2012,CRF1A1B,4614.71,refining,covered
BE,2013,CRF1A1B,4397.84,refining,covered
BE,2014,CRF1A1B,4753.48,refining,covered
BE,2015,CRF1A1B,4680.01,refining,covered
BE,2016,CRF1A1B,4625.87,refining,covered
BE,2017,CRF1A1B,4690.35,refining,covered
BE,2018,CRF1A1B,4502.1,refining,covered
BE,2019,CRF1A1B,5610.97,refining,covered
BE,2020,CRF1A1B,4826.28,refining,covered
BE,2021,CRF1A1B,5081.03,refining,covered
BE,2022,CRF1A1B,4726.91,refining,covered
BE,2023,CRF1A1B,4525.19,refining,covered
BE,2024,CRF1A1B,4768.26,refining,covered
BG,1990,CRF1A1B,859.81,refining,covered
BG,1991,CRF1A1B,717.04,refining,covered
BG,1992,CRF1A1B,613.75,refining,covered
BG,1993,CRF1A1B,812.0,refining,covered
BG,1994,CRF1A1B,788.16,refining,covered
BG,1995,CRF1A1B,963.04,refining,covered
BG,1996,CRF1A1B,929.79,refining,covered
BG,1997,CRF1A1B,677.55,refining,covered
BG,1998,CRF1A1B,540.26,refining,covered
BG,1999,CRF1A1B,801.25,refining,covered
BG,2000,CRF1A1B,641.36,refining,covered
BG,2001,CRF1A1B,651.77,refining,covered
BG,2002,CRF1A1B,684.9,refining,covered
BG,2003,CRF1A1B,598.54,refining,covered
BG,2004,CRF1A1B,628.87,refining,covered
BG,2005,CRF1A1B,660.66,refining,covered
BG,2006,CRF1A1B,785.1,refining,covered
BG,2007,CRF1A1B,780.2,refining,covered
BG,2008,CRF1A1B,808.32,refining,covered
BG,2009,CRF1A1B,798.25,refining,covered
BG,2010,CRF1A1B,715.04,refining,covered
BG,2011,CRF1A1B,682.66,refining,covered
BG,2012,CRF1A1B,704.95,refining,covered
BG,2013,CRF1A1B,646.84,refining,covered
BG,2014,CRF1A1B,649.71,refining,covered
BG,2015,CRF1A1B,814.97,refining,covered
BG,2016,CRF1A1B,832.67,refining,covered
BG,2017,CRF1A1B,862.1,refining,covered
BG,2018,CRF1A1B,820.62,refining,covered
BG,2019,CRF1A1B,991.48,refining,covered
BG,2020,CRF1A1B,803.05,refining,covered
BG,2021,CRF1A1B,728.71,refining,covered
BG,2022,CRF1A1B,1031.49,refining,covered
BG,2023,CRF1A1B,954.8,refining,covered
BG,2024,CRF1A1B,1025.1,refining,covered
CH,1990,CRF1A1B,366.12,refining,covered
CH,1991,CRF1A1B,525.85,refining,covered
CH,1992,CRF1A1B,490.23,refining,covered
CH,1993,CRF1A1B,561.34,refining,covered
CH,1994,CRF1A1B,649.11,refining,covered
CH,1995,CRF1A1B,632.71,refining,covered
CH,1996,CRF1A1B,673.1,refining,covered
CH,1997,CRF1A1B,654.87,refining,covered
CH,1998,CRF1A1B,668.82,refining,covered
CH,1999,CRF1A1B,690.73,refining,covered
CH,2000,CRF1A1B,622.56,refining,covered
CH,2001,CRF1A1B,670.41,refining,covered
CH,2002,CRF1A1B,694.89,refining,covered
CH,2003,CRF1A1B,646.42,refining,covered
CH,2004,CRF1A1B,905.17,refining,covered
CH,2005,CRF1A1B,934.05,refining,covered
CH,2006,CRF1A1B,1014.56,refining,covered
CH,2007,CRF1A1B,880.8,refining,covered
CH,2008,CRF1A1B,984.99,refining,covered
CH,2009,CRF1A1B,924.13,refining,covered
CH,2010,CRF1A1B,906.61,refining,covered
CH,2011,CRF1A1B,842.5,refining,covered
CH,2012,CRF1A1B,749.76,refining,covered
CH,2013,CRF1A1B,887.11,refining,covered
CH,2014,CRF1A1B,916.33,refining,covered
CH,2015,CRF1A1B,436.12,refining,covered
CH,2016,CRF1A1B,360.29,refining,covered
CH,2017,CRF1A1B,349.93,refining,covered
CH,2018,CRF1A1B,364.96,refining,covered
CH,2019,CRF1A1B,326.39,refining,covered
CH,2020,CRF1A1B,323.94,refining,covered
CH,2021,CRF1A1B,281.73,refining,covered
CH,2022,CRF1A1B,358.43,refining,covered
CH,2023,CRF1A1B,345.31,refining,covered
CH,2024,CRF1A1B,302.32,refining,covered
CY,1990,CRF1A1B,85.72,refining,covered
CY,1991,CRF1A1B,85.99,refining,covered
CY,1992,CRF1A1B,89.12,refining,covered
CY,1993,CRF1A1B,77.72,refining,covered
CY,1994,CRF1A1B,112.21,refining,covered
CY,1995,CRF1A1B,90.22,refining,covered
CY,1996,CRF1A1B,84.25,refining,covered
CY,1997,CRF1A1B,89.4,refining,covered
CY,1998,CRF1A1B,92.52,refining,covered
CY,1999,CRF1A1B,107.06,refining,covered
CY,2000,CRF1A1B,104.2,refining,covered
CY,2001,CRF1A1B,54.17,refining,covered
CY,2002,CRF1A1B,107.02,refining,covered
CY,2003,CRF1A1B,107.02,refining,covered
CY,2004,CRF1A1B,25.66,refining,covered
CY,2005,CRF1A1B,0.0,refining,covered
CY,2006,CRF1A1B,0.0,refining,covered
CY,2007,CRF1A1B,0.0,refining,covered
CY,2008,CRF1A1B,0.0,refining,covered
CY,2009,CRF1A1B,0.0,refining,covered
CY,2010,CRF1A1B,0.0,refining,covered
CY,2011,CRF1A1B,0.0,refining,covered
CY,2012,CRF1A1B,0.0,refining,covered
CY,2013,CRF1A1B,0.0,refining,covered
CY,2014,CRF1A1B,0.0,refining,covered
CY,2015,CRF1A1B,0.0,refining,covered
CY,2016,CRF1A1B,0.0,refining,covered
CY,2017,CRF1A1B,0.0,refining,covered
CY,2018,CRF1A1B,0.0,refining,covered
CY,2019,CRF1A1B,0.0,refining,covered
CY,2020,CRF1A1B,0.0,refining,covered
CY,2021,CRF1A1B,0.0,refining,covered
CY,2022,CRF1A1B,0.0,refining,covered
CY,2023,CRF1A1B,0.0,refining,covered
CY,2024,CRF1A1B,0.0,refining,covered
CZ,1990,CRF1A1B,492.56,refining,covered
CZ,1991,CRF1A1B,470.1,refining,covered
CZ,1992,CRF1A1B,500.79,refining,covered
CZ,1993,CRF1A1B,513.91,refining,covered
CZ,1994,CRF1A1B,675.53,refining,covered
CZ,1995,CRF1A1B,482.47,refining,covered
CZ,1996,CRF1A1B,598.49,refining,covered
CZ,1997,CRF1A1B,568.02,refining,covered
CZ,1998,CRF1A1B,523.15,refining,covered
CZ,1999,CRF1A1B,569.84,refining,covered
CZ,2000,CRF1A1B,620.9,refining,covered
CZ,2001,CRF1A1B,798.58,refining,covered
CZ,2002,CRF1A1B,791.28,refining,covered
CZ,2003,CRF1A1B,777.3,refining,covered
CZ,2004,CRF1A1B,770.73,refining,covered
CZ,2005,CRF1A1B,890.45,refining,covered
CZ,2006,CRF1A1B,959.14,refining,covered
CZ,2007,CRF1A1B,943.42,refining,covered
CZ,2008,CRF1A1B,960.84,refining,covered
CZ,2009,CRF1A1B,863.11,refining,covered
CZ,2010,CRF1A1B,861.07,refining,covered
CZ,2011,CRF1A1B,832.33,refining,covered
CZ,2012,CRF1A1B,826.35,refining,covered
CZ,2013,CRF1A1B,725.4,refining,covered
CZ,2014,CRF1A1B,805.71,refining,covered
CZ,2015,CRF1A1B,570.3,refining,covered
CZ,2016,CRF1A1B,405.41,refining,covered
CZ,2017,CRF1A1B,538.59,refining,covered
CZ,2018,CRF1A1B,504.95,refining,covered
CZ,2019,CRF1A1B,539.87,refining,covered
CZ,2020,CRF1A1B,433.31,refining,covered
CZ,2021,CRF1A1B,479.35,refining,covered
CZ,2022,CRF1A1B,506.01,refining,covered
CZ,2023,CRF1A1B,527.64,refining,covered
CZ,2024,CRF1A1B,461.85,refining,covered
DE,1990,CRF1A1B,24212.49,refining,covered
DE,1991,CRF1A1B,23251.69,refining,covered
DE,1992,CRF1A1B,24731.11,refining,covered
DE,1993,CRF1A1B,25069.54,refining,covered
DE,1994,CRF1A1B,25454.25,refining,covered
DE,1995,CRF1A1B,22675.97,refining,covered
DE,1996,CRF1A1B,22785.18,refining,covered
DE,1997,CRF1A1B,21853.29,refining,covered
DE,1998,CRF1A1B,23096.37,refining,covered
DE,1999,CRF1A1B,22674.26,refining,covered
DE,2000,CRF1A1B,22836.27,refining,covered
DE,2001,CRF1A1B,22413.11,refining,covered
DE,2002,CRF1A1B,22429.83,refining,covered
DE,2003,CRF1A1B,24081.02,refining,covered
DE,2004,CRF1A1B,24760.04,refining,covered
DE,2005,CRF1A1B,25560.38,refining,covered
DE,2006,CRF1A1B,24909.09,refining,covered
DE,2007,CRF1A1B,24457.42,refining,covered
DE,2008,CRF1A1B,25866.92,refining,covered
DE,2009,CRF1A1B,25469.78,refining,covered
DE,2010,CRF1A1B,23637.02,refining,covered
DE,2011,CRF1A1B,23105.31,refining,covered
DE,2012,CRF1A1B,22958.23,refining,covered
DE,2013,CRF1A1B,24623.28,refining,covered
DE,2014,CRF1A1B,23042.86,refining,covered
DE,2015,CRF1A1B,24121.9,refining,covered
DE,2016,CRF1A1B,24166.87,refining,covered
DE,2017,CRF1A1B,24102.21,refining,covered
DE,2018,CRF1A1B,21304.35,refining,covered
DE,2019,CRF1A1B,20860.81,refining,covered
DE,2020,CRF1A1B,20409.01,refining,covered
DE,2021,CRF1A1B,20315.11,refining,covered
DE,2022,CRF1A1B,22274.0,refining,covered
DE,2023,CRF1A1B,20373.12,refining,covered
DE,2024,CRF1A1B,21079.8,refining,covered
DK,1990,CRF1A1B,908.17,refining,covered
DK,1991,CRF1A1B,993.5,refining,covered
DK,1992,CRF1A1B,1134.79,refining,covered
DK,1993,CRF1A1B,1157.92,refining,covered
DK,1994,CRF1A1B,1208.78,refining,covered
DK,1995,CRF1A1B,1387.14,refining,covered
DK,1996,CRF1A1B,1410.34,refining,covered
DK,1997,CRF1A1B,1103.75,refining,covered
DK,1998,CRF1A1B,962.38,refining,covered
DK,1999,CRF1A1B,991.33,refining,covered
DK,2000,CRF1A1B,1000.03,refining,covered
DK,2001,CRF1A1B,1020.93,refining,covered
DK,2002,CRF1A1B,982.45,refining,covered
DK,2003,CRF1A1B,1025.07,refining,covered
DK,2004,CRF1A1B,1000.23,refining,covered
DK,2005,CRF1A1B,938.45,refining,covered
DK,2006,CRF1A1B,981.07,refining,covered
DK,2007,CRF1A1B,993.26,refining,covered
DK,2008,CRF1A1B,884.52,refining,covered
DK,2009,CRF1A1B,907.39,refining,covered
DK,2010,CRF1A1B,853.81,refining,covered
DK,2011,CRF1A1B,835.25,refining,covered
DK,2012,CRF1A1B,926.43,refining,covered
DK,2013,CRF1A1B,910.66,refining,covered
DK,2014,CRF1A1B,920.27,refining,covered
DK,2015,CRF1A1B,978.1,refining,covered
DK,2016,CRF1A1B,867.54,refining,covered
DK,2017,CRF1A1B,931.62,refining,covered
DK,2018,CRF1A1B,889.32,refining,covered
DK,2019,CRF1A1B,955.84,refining,covered
DK,2020,CRF1A1B,910.24,refining,covered
DK,2021,CRF1A1B,938.14,refining,covered
DK,2022,CRF1A1B,911.63,refining,covered
DK,2023,CRF1A1B,898.13,refining,covered
DK,2024,CRF1A1B,848.68,refining,covered
EE,1990,CRF1A1B,0.0,refining,covered
EE,1991,CRF1A1B,0.0,refining,covered
EE,1992,CRF1A1B,0.0,refining,covered
EE,1993,CRF1A1B,0.0,refining,covered
EE,1994,CRF1A1B,0.0,refining,covered
EE,1995,CRF1A1B,0.0,refining,covered
EE,1996,CRF1A1B,0.0,refining,covered
EE,1997,CRF1A1B,0.0,refining,covered
EE,1998,CRF1A1B,0.0,refining,covered
EE,1999,CRF1A1B,0.0,refining,covered
EE,2000,CRF1A1B,0.0,refining,covered
EE,2001,CRF1A1B,0.0,refining,covered
EE,2002,CRF1A1B,0.0,refining,covered
EE,2003,CRF1A1B,0.0,refining,covered
EE,2004,CRF1A1B,0.0,refining,covered
EE,2005,CRF1A1B,0.0,refining,covered
EE,2006,CRF1A1B,0.0,refining,covered
EE,2007,CRF1A1B,0.0,refining,covered
EE,2008,CRF1A1B,0.0,refining,covered
EE,2009,CRF1A1B,0.0,refining,covered
EE,2010,CRF1A1B,0.0,refining,covered
EE,2011,CRF1A1B,0.0,refining,covered
EE,2012,CRF1A1B,0.0,refining,covered
EE,2013,CRF1A1B,0.0,refining,covered
EE,2014,CRF1A1B,0.0,refining,covered
EE,2015,CRF1A1B,0.0,refining,covered
EE,2016,CRF1A1B,0.0,refining,covered
EE,2017,CRF1A1B,0.0,refining,covered
EE,2018,CRF1A1B,0.0,refining,covered
EE,2019,CRF1A1B,0.0,refining,covered
EE,2020,CRF1A1B,0.0,refining,covered
EE,2021,CRF1A1B,0.0,refining,covered
EE,2022,CRF1A1B,0.0,refining,covered
EE,2023,CRF1A1B,0.0,refining,covered
EE,2024,CRF1A1B,0.0,refining,covered
EL,1990,CRF1A1B,2374.96,refining,covered
EL,1991,CRF1A1B,2373.99,refining,covered
EL,1992,CRF1A1B,2306.43,refining,covered
EL,1993,CRF1A1B,2284.53,refining,covered
EL,1994,CRF1A1B,2457.79,refining,covered
EL,1995,CRF1A1B,2483.78,refining,covered
EL,1996,CRF1A1B,2721.55,refining,covered
EL,1997,CRF1A1B,2772.01,refining,covered
EL,1998,CRF1A1B,2849.78,refining,covered
EL,1999,CRF1A1B,2584.13,refining,covered
EL,2000,CRF1A1B,3103.45,refining,covered
EL,2001,CRF1A1B,3148.03,refining,covered
EL,2002,CRF1A1B,3254.93,refining,covered
EL,2003,CRF1A1B,3106.39,refining,covered
EL,2004,CRF1A1B,3257.96,refining,covered
EL,2005,CRF1A1B,3656.49,refining,covered
EL,2006,CRF1A1B,4330.58,refining,covered
EL,2007,CRF1A1B,4380.48,refining,covered
EL,2008,CRF1A1B,4046.94,refining,covered
EL,2009,CRF1A1B,3713.85,refining,covered
EL,2010,CRF1A1B,3668.95,refining,covered
EL,2011,CRF1A1B,3332.58,refining,covered
EL,2012,CRF1A1B,3559.71,refining,covered
EL,2013,CRF1A1B,5063.23,refining,covered
EL,2014,CRF1A1B,5305.25,refining,covered
EL,2015,CRF1A1B,5252.89,refining,covered
EL,2016,CRF1A1B,5562.28,refining,covered
EL,2017,CRF1A1B,4904.42,refining,covered
EL,2018,CRF1A1B,4930.25,refining,covered
EL,2019,CRF1A1B,4599.56,refining,covered
EL,2020,CRF1A1B,4448.22,refining,covered
EL,2021,CRF1A1B,5276.59,refining,covered
EL,2022,CRF1A1B,5841.41,refining,covered
EL,2023,CRF1A1B,5534.79,refining,covered
EL,2024,CRF1A1B,5306.11,refining,covered
ES,1990,CRF1A1B,10858.12,refining,covered
ES,1991,CRF1A1B,10425.59,refining,covered
ES,1992,CRF1A1B,10372.69,refining,covered
ES,1993,CRF1A1B,10246.76,refining,covered
ES,1994,CRF1A1B,11317.15,refining,covered
ES,1995,CRF1A1B,11406.97,refining,covered
ES,1996,CRF1A1B,11759.47,refining,covered
ES,1997,CRF1A1B,12026.26,refining,covered
ES,1998,CRF1A1B,12004.97,refining,covered
ES,1999,CRF1A1B,12094.67,refining,covered
ES,2000,CRF1A1B,12170.28,refining,covered
ES,2001,CRF1A1B,11961.24,refining,covered
ES,2002,CRF1A1B,11733.55,refining,covered
ES,2003,CRF1A1B,11655.1,refining,covered
ES,2004,CRF1A1B,12171.34,refining,covered
ES,2005,CRF1A1B,11854.26,refining,covered
ES,2006,CRF1A1B,12025.17,refining,covered
ES,2007,CRF1A1B,11828.77,refining,covered
ES,2008,CRF1A1B,11658.59,refining,covered
ES,2009,CRF1A1B,10816.04,refining,covered
ES,2010,CRF1A1B,10348.33,refining,covered
ES,2011,CRF1A1B,10682.14,refining,covered
ES,2012,CRF1A1B,11115.07,refining,covered
ES,2013,CRF1A1B,10850.4,refining,covered
ES,2014,CRF1A1B,10408.08,refining,covered
ES,2015,CRF1A1B,10441.08,refining,covered
ES,2016,CRF1A1B,10268.97,refining,covered
ES,2017,CRF1A1B,10210.17,refining,covered
ES,2018,CRF1A1B,10308.68,refining,covered
ES,2019,CRF1A1B,10218.71,refining,covered
ES,2020,CRF1A1B,9236.08,refining,covered
ES,2021,CRF1A1B,9044.18,refining,covered
ES,2022,CRF1A1B,9606.16,refining,covered
ES,2023,CRF1A1B,9533.93,refining,covered
ES,2024,CRF1A1B,9816.87,refining,covered
EU27_2020,1990,CRF1A1B,107309.22,refining,covered
EU27_2020,1991,CRF1A1B,101118.58,refining,covered
EU27_2020,1992,CRF1A1B,101249.2,refining,covered
EU27_2020,1993,CRF1A1B,103694.14,refining,covered
EU27_2020,1994,CRF1A1B,107634.04,refining,covered
EU27_2020,1995,CRF1A1B,110238.47,refining,covered
EU27_2020,1996,CRF1A1B,113679.62,refining,covered
EU27_2020,1997,CRF1A1B,114158.49,refining,covered
EU27_2020,1998,CRF1A1B,117063.0,refining,covered
EU27_2020,1999,CRF1A1B,113265.25,refining,covered
EU27_2020,2000,CRF1A1B,116685.24,refining,covered
EU27_2020,2001,CRF1A1B,117322.66,refining,covered
EU27_2020,2002,CRF1A1B,117570.58,refining,covered
EU27_2020,2003,CRF1A1B,118506.38,refining,covered
EU27_2020,2004,CRF1A1B,123355.75,refining,covered
EU27_2020,2005,CRF1A1B,125563.14,refining,covered
EU27_2020,2006,CRF1A1B,125958.13,refining,covered
EU27_2020,2007,CRF1A1B,126486.09,refining,covered
EU27_2020,2008,CRF1A1B,126831.52,refining,covered
EU27_2020,2009,CRF1A1B,119494.05,refining,covered
EU27_2020,2010,CRF1A1B,118327.79,refining,covered
EU27_2020,2011,CRF1A1B,115719.87,refining,covered
EU27_2020,2012,CRF1A1B,113165.53,refining,covered
EU27_2020,2013,CRF1A1B,109517.37,refining,covered
EU27_2020,2014,CRF1A1B,106207.43,refining,covered
EU27_2020,2015,CRF1A1B,108094.66,refining,covered
EU27_2020,2016,CRF1A1B,106971.6,refining,covered
EU27_2020,2017,CRF1A1B,104967.31,refining,covered
EU27_2020,2018,CRF1A1B,99914.14,refining,covered
EU27_2020,2019,CRF1A1B,96968.48,refining,covered
EU27_2020,2020,CRF1A1B,90566.66,refining,covered
EU27_2020,2021,CRF1A1B,92051.47,refining,covered
EU27_2020,2022,CRF1A1B,96978.2,refining,covered
EU27_2020,2023,CRF1A1B,92210.38,refining,covered
EU27_2020,2024,CRF1A1B,91137.28,refining,covered
FI,1990,CRF1A1B,1993.89,refining,covered
FI,1991,CRF1A1B,2033.33,refining,covered
FI,1992,CRF1A1B,2072.82,refining,covered
FI,1993,CRF1A1B,2029.49,refining,covered
FI,1994,CRF1A1B,2453.08,refining,covered
FI,1995,CRF1A1B,2383.63,refining,covered
FI,1996,CRF1A1B,2658.36,refining,covered
FI,1997,CRF1A1B,2387.65,refining,covered
FI,1998,CRF1A1B,2541.57,refining,covered
FI,1999,CRF1A1B,2504.54,refining,covered
FI,2000,CRF1A1B,2351.11,refining,covered
FI,2001,CRF1A1B,2379.34,refining,covered
FI,2002,CRF1A1B,2558.55,refining,covered
FI,2003,CRF1A1B,2597.4,refining,covered
FI,2004,CRF1A1B,2588.42,refining,covered
FI,2005,CRF1A1B,2511.55,refining,covered
FI,2006,CRF1A1B,2657.83,refining,covered
FI,2007,CRF1A1B,2599.88,refining,covered
FI,2008,CRF1A1B,2660.74,refining,covered
FI,2009,CRF1A1B,2704.94,refining,covered
FI,2010,CRF1A1B,2568.81,refining,covered
FI,2011,CRF1A1B,2638.93,refining,covered
FI,2012,CRF1A1B,2413.11,refining,covered
FI,2013,CRF1A1B,2412.19,refining,covered
FI,2014,CRF1A1B,2467.69,refining,covered
FI,2015,CRF1A1B,2139.46,refining,covered
FI,2016,CRF1A1B,1552.07,refining,covered
FI,2017,CRF1A1B,1553.53,refining,covered
FI,2018,CRF1A1B,1544.07,refining,covered
FI,2019,CRF1A1B,1576.96,refining,covered
FI,2020,CRF1A1B,1467.32,refining,covered
FI,2021,CRF1A1B,1082.28,refining,covered
FI,2022,CRF1A1B,1321.72,refining,covered
FI,2023,CRF1A1B,1391.41,refining,covered
FI,2024,CRF1A1B,1202.03,refining,covered
FR,1990,CRF1A1B,11935.46,refining,covered
FR,1991,CRF1A1B,12254.48,refining,covered
FR,1992,CRF1A1B,12313.18,refining,covered
FR,1993,CRF1A1B,12525.79,refining,covered
FR,1994,CRF1A1B,12969.8,refining,covered
FR,1995,CRF1A1B,13144.7,refining,covered
FR,1996,CRF1A1B,13649.73,refining,covered
FR,1997,CRF1A1B,14420.63,refining,covered
FR,1998,CRF1A1B,14178.23,refining,covered
FR,1999,CRF1A1B,13650.39,refining,covered
FR,2000,CRF1A1B,13585.09,refining,covered
FR,2001,CRF1A1B,13621.4,refining,covered
FR,2002,CRF1A1B,12975.26,refining,covered
FR,2003,CRF1A1B,12929.96,refining,covered
FR,2004,CRF1A1B,13266.97,refining,covered
FR,2005,CRF1A1B,13288.29,refining,covered
FR,2006,CRF1A1B,13422.78,refining,covered
FR,2007,CRF1A1B,13233.69,refining,covered
FR,2008,CRF1A1B,13036.52,refining,covered
FR,2009,CRF1A1B,12362.69,refining,covered
FR,2010,CRF1A1B,10915.44,refining,covered
FR,2011,CRF1A1B,10582.14,refining,covered
FR,2012,CRF1A1B,8618.45,refining,covered
FR,2013,CRF1A1B,8052.51,refining,covered
FR,2014,CRF1A1B,7926.03,refining,covered
FR,2015,CRF1A1B,7610.93,refining,covered
FR,2016,CRF1A1B,7353.28,refining,covered
FR,2017,CRF1A1B,6830.12,refining,covered
FR,2018,CRF1A1B,6222.01,refining,covered
FR,2019,CRF1A1B,6222.99,refining,covered
FR,2020,CRF1A1B,5089.74,refining,covered
FR,2021,CRF1A1B,4882.99,refining,covered
FR,2022,CRF1A1B,5190.32,refining,covered
FR,2023,CRF1A1B,5624.48,refining,covered
FR,2024,CRF1A1B,5462.41,refining,covered
HR,1990,CRF1A1B,2424.74,refining,covered
HR,1991,CRF1A1B,1623.7,refining,covered
HR,1992,CRF1A1B,1300.54,refining,covered
HR,1993,CRF1A1B,1531.2,refining,covered
HR,1994,CRF1A1B,1602.74,refining,covered
HR,1995,CRF1A1B,1813.32,refining,covered
HR,1996,CRF1A1B,1959.35,refining,covered
HR,1997,CRF1A1B,1532.43,refining,covered
HR,1998,CRF1A1B,1633.44,refining,covered
HR,1999,CRF1A1B,1686.66,refining,covered
HR,2000,CRF1A1B,1683.27,refining,covered
HR,2001,CRF1A1B,1526.05,refining,covered
HR,2002,CRF1A1B,1718.31,refining,covered
HR,2003,CRF1A1B,1791.81,refining,covered
HR,2004,CRF1A1B,1825.38,refining,covered
HR,2005,CRF1A1B,1729.54,refining,covered
HR,2006,CRF1A1B,1600.77,refining,covered
HR,2007,CRF1A1B,1859.27,refining,covered
HR,2008,CRF1A1B,1424.85,refining,covered
HR,2009,CRF1A1B,1642.64,refining,covered
HR,2010,CRF1A1B,1448.87,refining,covered
HR,2011,CRF1A1B,1805.63,refining,covered
HR,2012,CRF1A1B,1849.22,refining,covered
HR,2013,CRF1A1B,1394.72,refining,covered
HR,2014,CRF1A1B,1516.22,refining,covered
HR,2015,CRF1A1B,1387.39,refining,covered
HR,2016,CRF1A1B,1298.59,refining,covered
HR,2017,CRF1A1B,1350.64,refining,covered
HR,2018,CRF1A1B,1317.29,refining,covered
HR,2019,CRF1A1B,990.69,refining,covered
HR,2020,CRF1A1B,835.52,refining,covered
HR,2021,CRF1A1B,745.35,refining,covered
HR,2022,CRF1A1B,695.24,refining,covered
HR,2023,CRF1A1B,717.34,refining,covered
HR,2024,CRF1A1B,702.89,refining,covered
HU,1990,CRF1A1B,2375.62,refining,covered
HU,1991,CRF1A1B,2275.15,refining,covered
HU,1992,CRF1A1B,2158.31,refining,covered
HU,1993,CRF1A1B,2354.33,refining,covered
HU,1994,CRF1A1B,2129.1,refining,covered
HU,1995,CRF1A1B,2143.68,refining,covered
HU,1996,CRF1A1B,2327.23,refining,covered
HU,1997,CRF1A1B,2299.08,refining,covered
HU,1998,CRF1A1B,2115.12,refining,covered
HU,1999,CRF1A1B,2076.14,refining,covered
HU,2000,CRF1A1B,1446.53,refining,covered
HU,2001,CRF1A1B,1318.47,refining,covered
HU,2002,CRF1A1B,1385.31,refining,covered
HU,2003,CRF1A1B,1188.6,refining,covered
HU,2004,CRF1A1B,1245.16,refining,covered
HU,2005,CRF1A1B,1262.23,refining,covered
HU,2006,CRF1A1B,1387.68,refining,covered
HU,2007,CRF1A1B,1270.58,refining,covered
HU,2008,CRF1A1B,1414.43,refining,covered
HU,2009,CRF1A1B,1322.78,refining,covered
HU,2010,CRF1A1B,1360.57,refining,covered
HU,2011,CRF1A1B,1446.27,refining,covered
HU,2012,CRF1A1B,1396.93,refining,covered
HU,2013,CRF1A1B,1314.75,refining,covered
HU,2014,CRF1A1B,1403.68,refining,covered
HU,2015,CRF1A1B,1454.66,refining,covered
HU,2016,CRF1A1B,1465.64,refining,covered
HU,2017,CRF1A1B,1530.39,refining,covered
HU,2018,CRF1A1B,1601.05,refining,covered
HU,2019,CRF1A1B,1558.35,refining,covered
HU,2020,CRF1A1B,1610.67,refining,covered
HU,2021,CRF1A1B,1515.48,refining,covered
HU,2022,CRF1A1B,1493.3,refining,covered
HU,2023,CRF1A1B,1562.02,refining,covered
HU,2024,CRF1A1B,1469.46,refining,covered
IE,1990,CRF1A1B,168.38,refining,covered
IE,1991,CRF1A1B,166.39,refining,covered
IE,1992,CRF1A1B,171.56,refining,covered
IE,1993,CRF1A1B,172.39,refining,covered
IE,1994,CRF1A1B,177.99,refining,covered
IE,1995,CRF1A1B,181.0,refining,covered
IE,1996,CRF1A1B,179.12,refining,covered
IE,1997,CRF1A1B,218.4,refining,covered
IE,1998,CRF1A1B,247.45,refining,covered
IE,1999,CRF1A1B,223.5,refining,covered
IE,2000,CRF1A1B,274.31,refining,covered
IE,2001,CRF1A1B,320.94,refining,covered
IE,2002,CRF1A1B,339.2,refining,covered
IE,2003,CRF1A1B,337.07,refining,covered
IE,2004,CRF1A1B,336.14,refining,covered
IE,2005,CRF1A1B,411.22,refining,covered
IE,2006,CRF1A1B,376.53,refining,covered
IE,2007,CRF1A1B,360.2,refining,covered
IE,2008,CRF1A1B,366.89,refining,covered
IE,2009,CRF1A1B,314.91,refining,covered
IE,2010,CRF1A1B,310.11,refining,covered
IE,2011,CRF1A1B,285.17,refining,covered
IE,2012,CRF1A1B,313.3,refining,covered
IE,2013,CRF1A1B,294.26,refining,covered
IE,2014,CRF1A1B,279.18,refining,covered
IE,2015,CRF1A1B,358.38,refining,covered
IE,2016,CRF1A1B,313.25,refining,covered
IE,2017,CRF1A1B,310.86,refining,covered
IE,2018,CRF1A1B,321.85,refining,covered
IE,2019,CRF1A1B,274.24,refining,covered
IE,2020,CRF1A1B,300.68,refining,covered
IE,2021,CRF1A1B,294.06,refining,covered
IE,2022,CRF1A1B,307.97,refining,covered
IE,2023,CRF1A1B,286.86,refining,covered
IE,2024,CRF1A1B,209.75,refining,covered
IS,1990,CRF1A1B,0.0,refining,covered
IS,1991,CRF1A1B,0.0,refining,covered
IS,1992,CRF1A1B,0.0,refining,covered
IS,1993,CRF1A1B,0.0,refining,covered
IS,1994,CRF1A1B,0.0,refining,covered
IS,1995,CRF1A1B,0.0,refining,covered
IS,1996,CRF1A1B,0.0,refining,covered
IS,1997,CRF1A1B,0.0,refining,covered
IS,1998,CRF1A1B,0.0,refining,covered
IS,1999,CRF1A1B,0.0,refining,covered
IS,2000,CRF1A1B,0.0,refining,covered
IS,2001,CRF1A1B,0.0,refining,covered
IS,2002,CRF1A1B,0.0,refining,covered
IS,2003,CRF1A1B,0.0,refining,covered
IS,2004,CRF1A1B,0.0,refining,covered
IS,2005,CRF1A1B,0.0,refining,covered
IS,2006,CRF1A1B,0.0,refining,covered
IS,2007,CRF1A1B,0.0,refining,covered
IS,2008,CRF1A1B,0.0,refining,covered
IS,2009,CRF1A1B,0.0,refining,covered
IS,2010,CRF1A1B,0.0,refining,covered
IS,2011,CRF1A1B,0.0,refining,covered
IS,2012,CRF1A1B,0.0,refining,covered
IS,2013,CRF1A1B,0.0,refining,covered
IS,2014,CRF1A1B,0.0,refining,covered
IS,2015,CRF1A1B,0.0,refining,covered
IS,2016,CRF1A1B,0.0,refining,covered
IS,2017,CRF1A1B,0.0,refining,covered
IS,2018,CRF1A1B,0.0,refining,covered
IS,2019,CRF1A1B,0.0,refining,covered
IS,2020,CRF1A1B,0.0,refining,covered
IS,2021,CRF1A1B,0.0,refining,covered
IS,2022,CRF1A1B,0.0,refining,covered
IS,2023,CRF1A1B,0.0,refining,covered
IS,2024,CRF1A1B,0.0,refining,covered
IT,1990,CRF1A1B,15817.13,refining,covered
IT,1991,CRF1A1B,14300.97,refining,covered
IT,1992,CRF1A1B,15286.93,refining,covered
IT,1993,CRF1A1B,15320.78,refining,covered
IT,1994,CRF1A1B,15379.3,refining,covered
IT,1995,CRF1A1B,17980.78,refining,covered
IT,1996,CRF1A1B,17968.88,refining,covered
IT,1997,CRF1A1B,20224.07,refining,covered
IT,1998,CRF1A1B,20274.82,refining,covered
IT,1999,CRF1A1B,19899.86,refining,covered
IT,2000,CRF1A1B,22223.35,refining,covered
IT,2001,CRF1A1B,22829.17,refining,covered
IT,2002,CRF1A1B,24561.24,refining,covered
IT,2003,CRF1A1B,23429.84,refining,covered
IT,2004,CRF1A1B,26289.06,refining,covered
IT,2005,CRF1A1B,27875.75,refining,covered
IT,2006,CRF1A1B,27796.36,refining,covered
IT,2007,CRF1A1B,29333.45,refining,covered
IT,2008,CRF1A1B,27898.52,refining,covered
IT,2009,CRF1A1B,25460.44,refining,covered
IT,2010,CRF1A1B,28258.24,refining,covered
IT,2011,CRF1A1B,26862.4,refining,covered
IT,2012,CRF1A1B,25724.58,refining,covered
IT,2013,CRF1A1B,22138.77,refining,covered
IT,2014,CRF1A1B,20999.14,refining,covered
IT,2015,CRF1A1B,20947.14,refining,covered
IT,2016,CRF1A1B,21325.01,refining,covered
IT,2017,CRF1A1B,20618.47,refining,covered
IT,2018,CRF1A1B,19691.3,refining,covered
IT,2019,CRF1A1B,18986.15,refining,covered
IT,2020,CRF1A1B,17447.6,refining,covered
IT,2021,CRF1A1B,16547.99,refining,covered
IT,2022,CRF1A1B,19035.46,refining,covered
IT,2023,CRF1A1B,18248.3,refining,covered
IT,2024,CRF1A1B,17182.24,refining,covered
LT,1990,CRF1A1B,1509.64,refining,covered
LT,1991,CRF1A1B,1727.27,refining,covered
LT,1992,CRF1A1B,992.28,refining,covered
LT,1993,CRF1A1B,1313.49,refining,covered
LT,1994,CRF1A1B,926.4,refining,covered
LT,1995,CRF1A1B,745.39,refining,covered
LT,1996,CRF1A1B,904.81,refining,covered
LT,1997,CRF1A1B,1045.23,refining,covered
LT,1998,CRF1A1B,1254.1,refining,covered
LT,1999,CRF1A1B,915.55,refining,covered
LT,2000,CRF1A1B,1132.55,refining,covered
LT,2001,CRF1A1B,1450.36,refining,covered
LT,2002,CRF1A1B,1473.11,refining,covered
LT,2003,CRF1A1B,1457.28,refining,covered
LT,2004,CRF1A1B,1690.66,refining,covered
LT,2005,CRF1A1B,1791.92,refining,covered
LT,2006,CRF1A1B,1520.47,refining,covered
LT,2007,CRF1A1B,1445.39,refining,covered
LT,2008,CRF1A1B,1809.15,refining,covered
LT,2009,CRF1A1B,1672.42,refining,covered
LT,2010,CRF1A1B,1580.91,refining,covered
LT,2011,CRF1A1B,1541.07,refining,covered
LT,2012,CRF1A1B,1424.32,refining,covered
LT,2013,CRF1A1B,1460.23,refining,covered
LT,2014,CRF1A1B,1306.38,refining,covered
LT,2015,CRF1A1B,1366.64,refining,covered
LT,2016,CRF1A1B,1423.73,refining,covered
LT,2017,CRF1A1B,1380.32,refining,covered
LT,2018,CRF1A1B,1312.38,refining,covered
LT,2019,CRF1A1B,1324.21,refining,covered
LT,2020,CRF1A1B,1222.28,refining,covered
LT,2021,CRF1A1B,1210.09,refining,covered
LT,2022,CRF1A1B,1240.83,refining,covered
LT,2023,CRF1A1B,1372.66,refining,covered
LT,2024,CRF1A1B,1331.9,refining,covered
LU,1990,CRF1A1B,0.0,refining,covered
LU,1991,CRF1A1B,0.0,refining,covered
LU,1992,CRF1A1B,0.0,refining,covered
LU,1993,CRF1A1B,0.0,refining,covered
LU,1994,CRF1A1B,0.0,refining,covered
LU,1995,CRF1A1B,0.0,refining,covered
LU,1996,CRF1A1B,0.0,refining,covered
LU,1997,CRF1A1B,0.0,refining,covered
LU,1998,CRF1A1B,0.0,refining,covered
LU,1999,CRF1A1B,0.0,refining,covered
LU,2000,CRF1A1B,0.0,refining,covered
LU,2001,CRF1A1B,0.0,refining,covered
LU,2002,CRF1A1B,0.0,refining,covered
LU,2003,CRF1A1B,0.0,refining,covered
LU,2004,CRF1A1B,0.0,refining,covered
LU,2005,CRF1A1B,0.0,refining,covered
LU,2006,CRF1A1B,0.0,refining,covered
LU,2007,CRF1A1B,0.0,refining,covered
LU,2008,CRF1A1B,0.0,refining,covered
LU,2009,CRF1A1B,0.0,refining,covered
LU,2010,CRF1A1B,0.0,refining,covered
LU,2011,CRF1A1B,0.0,refining,covered
LU,2012,CRF1A1B,0.0,refining,covered
LU,2013,CRF1A1B,0.0,refining,covered
LU,2014,CRF1A1B,0.0,refining,covered
LU,2015,CRF1A1B,0.0,refining,covered
LU,2016,CRF1A1B,0.0,refining,covered
LU,2017,CRF1A1B,0.0,refining,covered
LU,2018,CRF1A1B,0.0,refining,covered
LU,2019,CRF1A1B,0.0,refining,covered
LU,2020,CRF1A1B,0.0,refining,covered
LU,2021,CRF1A1B,0.0,refining,covered
LU,2022,CRF1A1B,0.0,refining,covered
LU,2023,CRF1A1B,0.0,refining,covered
LU,2024,CRF1A1B,0.0,refining,covered
LV,1990,CRF1A1B,0.0,refining,covered
LV,1991,CRF1A1B,0.0,refining,covered
LV,1992,CRF1A1B,0.0,refining,covered
LV,1993,CRF1A1B,0.0,refining,covered
LV,1994,CRF1A1B,0.0,refining,covered
LV,1995,CRF1A1B,0.0,refining,covered
LV,1996,CRF1A1B,0.0,refining,covered
LV,1997,CRF1A1B,0.0,refining,covered
LV,1998,CRF1A1B,0.0,refining,covered
LV,1999,CRF1A1B,0.0,refining,covered
LV,2000,CRF1A1B,0.0,refining,covered
LV,2001,CRF1A1B,0.0,refining,covered
LV,2002,CRF1A1B,0.0,refining,covered
LV,2003,CRF1A1B,0.0,refining,covered
LV,2004,CRF1A1B,0.0,refining,covered
LV,2005,CRF1A1B,0.0,refining,covered
LV,2006,CRF1A1B,0.0,refining,covered
LV,2007,CRF1A1B,0.0,refining,covered
LV,2008,CRF1A1B,0.0,refining,covered
LV,2009,CRF1A1B,0.0,refining,covered
LV,2010,CRF1A1B,0.0,refining,covered
LV,2011,CRF1A1B,0.0,refining,covered
LV,2012,CRF1A1B,0.0,refining,covered
LV,2013,CRF1A1B,0.0,refining,covered
LV,2014,CRF1A1B,0.0,refining,covered
LV,2015,CRF1A1B,0.0,refining,covered
LV,2016,CRF1A1B,0.0,refining,covered
LV,2017,CRF1A1B,0.0,refining,covered
LV,2018,CRF1A1B,0.0,refining,covered
LV,2019,CRF1A1B,0.0,refining,covered
LV,2020,CRF1A1B,0.0,refining,covered
LV,2021,CRF1A1B,0.0,refining,covered
LV,2022,CRF1A1B,0.0,refining,covered
LV,2023,CRF1A1B,0.0,refining,covered
LV,2024,CRF1A1B,0.0,refining,covered
MT,1990,CRF1A1B,0.0,refining,covered
MT,1991,CRF1A1B,0.0,refining,covered
MT,1992,CRF1A1B,0.0,refining,covered
MT,1993,CRF1A1B,0.0,refining,covered
MT,1994,CRF1A1B,0.0,refining,covered
MT,1995,CRF1A1B,0.0,refining,covered
MT,1996,CRF1A1B,0.0,refining,covered
MT,1997,CRF1A1B,0.0,refining,covered
MT,1998,CRF1A1B,0.0,refining,covered
MT,1999,CRF1A1B,0.0,refining,covered
MT,2000,CRF1A1B,0.0,refining,covered
MT,2001,CRF1A1B,0.0,refining,covered
MT,2002,CRF1A1B,0.0,refining,covered
MT,2003,CRF1A1B,0.0,refining,covered
MT,2004,CRF1A1B,0.0,refining,covered
MT,2005,CRF1A1B,0.0,refining,covered
MT,2006,CRF1A1B,0.0,refining,covered
MT,2007,CRF1A1B,0.0,refining,covered
MT,2008,CRF1A1B,0.0,refining,covered
MT,2009,CRF1A1B,0.0,refining,covered
MT,2010,CRF1A1B,0.0,refining,covered
MT,2011,CRF1A1B,0.0,refining,covered
MT,2012,CRF1A1B,0.0,refining,covered
MT,2013,CRF1A1B,0.0,refining,covered
MT,2014,CRF1A1B,0.0,refining,covered
MT,2015,CRF1A1B,0.0,refining,covered
MT,2016,CRF1A1B,0.0,refining,covered
MT,2017,CRF1A1B,0.0,refining,covered
MT,2018,CRF1A1B,0.0,refining,covered
MT,2019,CRF1A1B,0.0,refining,covered
MT,2020,CRF1A1B,0.0,refining,covered
MT,2021,CRF1A1B,0.0,refining,covered
MT,2022,CRF1A1B,0.0,refining,covered
MT,2023,CRF1A1B,0.0,refining,covered
MT,2024,CRF1A1B,0.0,refining,covered
NL,1990,CRF1A1B,11010.4,refining,covered
NL,1991,CRF1A1B,11064.32,refining,covered
NL,1992,CRF1A1B,10413.61,refining,covered
NL,1993,CRF1A1B,11492.13,refining,covered
NL,1994,CRF1A1B,11319.67,refining,covered
NL,1995,CRF1A1B,11567.5,refining,covered
NL,1996,CRF1A1B,11772.4,refining,covered
NL,1997,CRF1A1B,11924.5,refining,covered
NL,1998,CRF1A1B,12339.04,refining,covered
NL,1999,CRF1A1B,11802.65,refining,covered
NL,2000,CRF1A1B,12346.41,refining,covered
NL,2001,CRF1A1B,12695.96,refining,covered
NL,2002,CRF1A1B,10743.76,refining,covered
NL,2003,CRF1A1B,11339.84,refining,covered
NL,2004,CRF1A1B,11324.01,refining,covered
NL,2005,CRF1A1B,11384.82,refining,covered
NL,2006,CRF1A1B,10633.31,refining,covered
NL,2007,CRF1A1B,10563.85,refining,covered
NL,2008,CRF1A1B,10935.54,refining,covered
NL,2009,CRF1A1B,9729.25,refining,covered
NL,2010,CRF1A1B,9638.7,refining,covered
NL,2011,CRF1A1B,9920.04,refining,covered
NL,2012,CRF1A1B,9759.61,refining,covered
NL,2013,CRF1A1B,9275.49,refining,covered
NL,2014,CRF1A1B,9686.65,refining,covered
NL,2015,CRF1A1B,10235.48,refining,covered
NL,2016,CRF1A1B,9717.66,refining,covered
NL,2017,CRF1A1B,9140.18,refining,covered
NL,2018,CRF1A1B,9211.54,refining,covered
NL,2019,CRF1A1B,10061.77,refining,covered
NL,2020,CRF1A1B,9141.68,refining,covered
NL,2021,CRF1A1B,9397.62,refining,covered
NL,2022,CRF1A1B,9430.63,refining,covered
NL,2023,CRF1A1B,9290.87,refining,covered
NL,2024,CRF1A1B,8636.16,refining,covered
NO,1990,CRF1A1B,945.02,refining,covered
NO,1991,CRF1A1B,900.76,refining,covered
NO,1992,CRF1A1B,1076.65,refining,covered
NO,1993,CRF1A1B,1069.4,refining,covered
NO,1994,CRF1A1B,1110.78,refining,covered
NO,1995,CRF1A1B,947.59,refining,covered
NO,1996,CRF1A1B,1145.02,refining,covered
NO,1997,CRF1A1B,1049.19,refining,covered
NO,1998,CRF1A1B,1033.61,refining,covered
NO,1999,CRF1A1B,1068.28,refining,covered
NO,2000,CRF1A1B,929.52,refining,covered
NO,2001,CRF1A1B,931.68,refining,covered
NO,2002,CRF1A1B,860.43,refining,covered
NO,2003,CRF1A1B,935.25,refining,covered
NO,2004,CRF1A1B,859.74,refining,covered
NO,2005,CRF1A1B,988.78,refining,covered
NO,2006,CRF1A1B,1069.7,refining,covered
NO,2007,CRF1A1B,1102.22,refining,covered
NO,2008,CRF1A1B,1069.88,refining,covered
NO,2009,CRF1A1B,1007.85,refining,covered
NO,2010,CRF1A1B,865.53,refining,covered
NO,2011,CRF1A1B,845.87,refining,covered
NO,2012,CRF1A1B,788.62,refining,covered
NO,2013,CRF1A1B,916.34,refining,covered
NO,2014,CRF1A1B,871.03,refining,covered
NO,2015,CRF1A1B,912.8,refining,covered
NO,2016,CRF1A1B,756.69,refining,covered
NO,2017,CRF1A1B,870.79,refining,covered
NO,2018,CRF1A1B,926.57,refining,covered
NO,2019,CRF1A1B,903.95,refining,covered
NO,2020,CRF1A1B,890.34,refining,covered
NO,2021,CRF1A1B,746.92,refining,covered
NO,2022,CRF1A1B,595.69,refining,covered
NO,2023,CRF1A1B,777.84,refining,covered
NO,2024,CRF1A1B,718.64,refining,covered
PL,1990,CRF1A1B,2169.13,refining,covered
PL,1991,CRF1A1B,1401.17,refining,covered
PL,1992,CRF1A1B,1906.81,refining,covered
PL,1993,CRF1A1B,1653.53,refining,covered
PL,1994,CRF1A1B,1671.82,refining,covered
PL,1995,CRF1A1B,3718.71,refining,covered
PL,1996,CRF1A1B,4015.62,refining,covered
PL,1997,CRF1A1B,3484.08,refining,covered
PL,1998,CRF1A1B,3471.62,refining,covered
PL,1999,CRF1A1B,3213.6,refining,covered
PL,2000,CRF1A1B,3528.42,refining,covered
PL,2001,CRF1A1B,3610.55,refining,covered
PL,2002,CRF1A1B,3582.36,refining,covered
PL,2003,CRF1A1B,3595.8,refining,covered
PL,2004,CRF1A1B,3794.37,refining,covered
PL,2005,CRF1A1B,3560.91,refining,covered
PL,2006,CRF1A1B,3574.57,refining,covered
PL,2007,CRF1A1B,4313.83,refining,covered
PL,2008,CRF1A1B,4304.52,refining,covered
PL,2009,CRF1A1B,4187.21,refining,covered
PL,2010,CRF1A1B,4779.65,refining,covered
PL,2011,CRF1A1B,5018.41,refining,covered
PL,2012,CRF1A1B,5038.14,refining,covered
PL,2013,CRF1A1B,4275.94,refining,covered
PL,2014,CRF1A1B,3991.91,refining,covered
PL,2015,CRF1A1B,4426.62,refining,covered
PL,2016,CRF1A1B,4503.01,refining,covered
PL,2017,CRF1A1B,4653.97,refining,covered
PL,2018,CRF1A1B,4351.3,refining,covered
PL,2019,CRF1A1B,4598.15,refining,covered
PL,2020,CRF1A1B,4585.17,refining,covered
PL,2021,CRF1A1B,4403.43,refining,covered
PL,2022,CRF1A1B,3935.44,refining,covered
PL,2023,CRF1A1B,4482.77,refining,covered
PL,2024,CRF1A1B,4684.05,refining,covered
PT,1990,CRF1A1B,1870.05,refining,covered
PT,1991,CRF1A1B,1652.86,refining,covered
PT,1992,CRF1A1B,1780.14,refining,covered
PT,1993,CRF1A1B,1841.57,refining,covered
PT,1994,CRF1A1B,2356.15,refining,covered
PT,1995,CRF1A1B,2400.4,refining,covered
PT,1996,CRF1A1B,2337.5,refining,covered
PT,1997,CRF1A1B,2434.69,refining,covered
PT,1998,CRF1A1B,2627.08,refining,covered
PT,1999,CRF1A1B,2608.43,refining,covered
PT,2000,CRF1A1B,2303.65,refining,covered
PT,2001,CRF1A1B,2418.17,refining,covered
PT,2002,CRF1A1B,2545.62,refining,covered
PT,2003,CRF1A1B,2528.76,refining,covered
PT,2004,CRF1A1B,2575.72,refining,covered
PT,2005,CRF1A1B,2459.9,refining,covered
PT,2006,CRF1A1B,2499.55,refining,covered
PT,2007,CRF1A1B,2423.8,refining,covered
PT,2008,CRF1A1B,2486.87,refining,covered
PT,2009,CRF1A1B,2185.91,refining,covered
PT,2010,CRF1A1B,2308.73,refining,covered
PT,2011,CRF1A1B,2134.43,refining,covered
PT,2012,CRF1A1B,2144.56,refining,covered
PT,2013,CRF1A1B,2550.52,refining,covered
PT,2014,CRF1A1B,2123.09,refining,covered
PT,2015,CRF1A1B,2364.96,refining,covered
PT,2016,CRF1A1B,2388.76,refining,covered
PT,2017,CRF1A1B,2472.47,refining,covered
PT,2018,CRF1A1B,2209.05,refining,covered
PT,2019,CRF1A1B,2163.65,refining,covered
PT,2020,CRF1A1B,2093.53,refining,covered
PT,2021,CRF1A1B,1760.87,refining,covered
PT,2022,CRF1A1B,1524.22,refining,covered
PT,2023,CRF1A1B,1372.64,refining,covered
PT,2024,CRF1A1B,1488.08,refining,covered
RO,1990,CRF1A1B,4281.87,refining,covered
RO,1991,CRF1A1B,3121.42,refining,covered
RO,1992,CRF1A1B,2044.28,refining,covered
RO,1993,CRF1A1B,2198.59,refining,covered
RO,1994,CRF1A1B,3279.13,refining,covered
RO,1995,CRF1A1B,3473.73,refining,covered
RO,1996,CRF1A1B,3569.76,refining,covered
RO,1997,CRF1A1B,3019.67,refining,covered
RO,1998,CRF1A1B,4062.66,refining,covered
RO,1999,CRF1A1B,3349.97,refining,covered
RO,2000,CRF1A1B,3890.96,refining,covered
RO,2001,CRF1A1B,3415.54,refining,covered
RO,2002,CRF1A1B,3584.91,refining,covered
RO,2003,CRF1A1B,3328.21,refining,covered
RO,2004,CRF1A1B,3397.18,refining,covered
RO,2005,CRF1A1B,3870.77,refining,covered
RO,2006,CRF1A1B,3984.53,refining,covered
RO,2007,CRF1A1B,3359.69,refining,covered
RO,2008,CRF1A1B,3559.18,refining,covered
RO,2009,CRF1A1B,2755.89,refining,covered
RO,2010,CRF1A1B,2778.83,refining,covered
RO,2011,CRF1A1B,2207.36,refining,covered
RO,2012,CRF1A1B,2097.06,refining,covered
RO,2013,CRF1A1B,1865.08,refining,covered
RO,2014,CRF1A1B,1548.37,refining,covered
RO,2015,CRF1A1B,1465.11,refining,covered
RO,2016,CRF1A1B,1459.87,refining,covered
RO,2017,CRF1A1B,1439.25,refining,covered
RO,2018,CRF1A1B,1210.28,refining,covered
RO,2019,CRF1A1B,911.47,refining,covered
RO,2020,CRF1A1B,1163.88,refining,covered
RO,2021,CRF1A1B,993.97,refining,covered
RO,2022,CRF1A1B,1085.12,refining,covered
RO,2023,CRF1A1B,1050.88,refining,covered
RO,2024,CRF1A1B,1087.63,refining,covered
SE,1990,CRF1A1B,2106.2,refining,covered
SE,1991,CRF1A1B,2093.57,refining,covered
SE,1992,CRF1A1B,2219.37,refining,covered
SE,1993,CRF1A1B,2293.62,refining,covered
SE,1994,CRF1A1B,2229.61,refining,covered
SE,1995,CRF1A1B,2219.27,refining,covered
SE,1996,CRF1A1B,2301.48,refining,covered
SE,1997,CRF1A1B,2332.03,refining,covered
SE,1998,CRF1A1B,2420.66,refining,covered
SE,1999,CRF1A1B,2417.21,refining,covered
SE,2000,CRF1A1B,2426.98,refining,covered
SE,2001,CRF1A1B,2562.03,refining,covered
SE,2002,CRF1A1B,2490.05,refining,covered
SE,2003,CRF1A1B,2460.21,refining,covered
SE,2004,CRF1A1B,2561.87,refining,covered
SE,2005,CRF1A1B,2580.86,refining,covered
SE,2006,CRF1A1B,2969.53,refining,covered
SE,2007,CRF1A1B,2762.4,refining,covered
SE,2008,CRF1A1B,3047.99,refining,covered
SE,2009,CRF1A1B,2940.53,refining,covered
SE,2010,CRF1A1B,2949.22,refining,covered
SE,2011,CRF1A1B,2850.16,refining,covered
SE,2012,CRF1A1B,3027.7,refining,covered
SE,2013,CRF1A1B,2599.54,refining,covered
SE,2014,CRF1A1B,2791.11,refining,covered
SE,2015,CRF1A1B,2861.15,refining,covered
SE,2016,CRF1A1B,2789.98,refining,covered
SE,2017,CRF1A1B,2861.39,refining,covered
SE,2018,CRF1A1B,3019.67,refining,covered
SE,2019,CRF1A1B,0.0,refining,covered
SE,2020,CRF1A1B,0.0,refining,covered
SE,2021,CRF1A1B,2766.57,refining,covered
SE,2022,CRF1A1B,2671.89,refining,covered
SE,2023,CRF1A1B,0.0,refining,covered
SE,2024,CRF1A1B,0.0,refining,covered
SI,1990,CRF1A1B,170.92,refining,covered
SI,1991,CRF1A1B,65.86,refining,covered
SI,1992,CRF1A1B,132.37,refining,covered
SI,1993,CRF1A1B,114.09,refining,covered
SI,1994,CRF1A1B,87.46,refining,covered
SI,1995,CRF1A1B,93.35,refining,covered
SI,1996,CRF1A1B,91.15,refining,covered
SI,1997,CRF1A1B,67.77,refining,covered
SI,1998,CRF1A1B,59.84,refining,covered
SI,1999,CRF1A1B,13.92,refining,covered
SI,2000,CRF1A1B,31.74,refining,covered
SI,2001,CRF1A1B,27.51,refining,covered
SI,2002,CRF1A1B,19.83,refining,covered
SI,2003,CRF1A1B,14.3,refining,covered
SI,2004,CRF1A1B,0.0,refining,covered
SI,2005,CRF1A1B,0.0,refining,covered
SI,2006,CRF1A1B,0.0,refining,covered
SI,2007,CRF1A1B,0.0,refining,covered
SI,2008,CRF1A1B,0.0,refining,covered
SI,2009,CRF1A1B,0.0,refining,covered
SI,2010,CRF1A1B,0.0,refining,covered
SI,2011,CRF1A1B,0.0,refining,covered
SI,2012,CRF1A1B,0.0,refining,covered
SI,2013,CRF1A1B,0.0,refining,covered
SI,2014,CRF1A1B,0.0,refining,covered
SI,2015,CRF1A1B,0.0,refining,covered
SI,2016,CRF1A1B,0.0,refining,covered
SI,2017,CRF1A1B,0.0,refining,covered
SI,2018,CRF1A1B,0.0,refining,covered
SI,2019,CRF1A1B,0.0,refining,covered
SI,2020,CRF1A1B,0.0,refining,covered
SI,2021,CRF1A1B,0.0,refining,covered
SI,2022,CRF1A1B,0.0,refining,covered
SI,2023,CRF1A1B,0.0,refining,covered
SI,2024,CRF1A1B,0.0,refining,covered
SK,1990,CRF1A1B,2990.46,refining,covered
SK,1991,CRF1A1B,2295.14,refining,covered
SK,1992,CRF1A1B,1890.9,refining,covered
SK,1993,CRF1A1B,1883.26,refining,covered
SK,1994,CRF1A1B,2075.13,refining,covered
SK,1995,CRF1A1B,2204.14,refining,covered
SK,1996,CRF1A1B,2265.03,refining,covered
SK,1997,CRF1A1B,2258.39,refining,covered
SK,1998,CRF1A1B,2271.5,refining,covered
SK,1999,CRF1A1B,2278.22,refining,covered
SK,2000,CRF1A1B,2163.81,refining,covered
SK,2001,CRF1A1B,2327.41,refining,covered
SK,2002,CRF1A1B,2284.36,refining,covered
SK,2003,CRF1A1B,2279.47,refining,covered
SK,2004,CRF1A1B,2201.61,refining,covered
SK,2005,CRF1A1B,2094.53,refining,covered
SK,2006,CRF1A1B,2192.45,refining,covered
SK,2007,CRF1A1B,2126.96,refining,covered
SK,2008,CRF1A1B,2211.22,refining,covered
SK,2009,CRF1A1B,2074.48,refining,covered
SK,2010,CRF1A1B,1911.31,refining,covered
SK,2011,CRF1A1B,1922.22,refining,covered
SK,2012,CRF1A1B,1816.97,refining,covered
SK,2013,CRF1A1B,1839.09,refining,covered
SK,2014,CRF1A1B,1569.44,refining,covered
SK,2015,CRF1A1B,1813.44,refining,covered
SK,2016,CRF1A1B,1866.65,refining,covered
SK,2017,CRF1A1B,1847.65,refining,covered
SK,2018,CRF1A1B,1817.72,refining,covered
SK,2019,CRF1A1B,1731.58,refining,covered
SK,2020,CRF1A1B,1810.63,refining,covered
SK,2021,CRF1A1B,1838.02,refining,covered
SK,2022,CRF1A1B,1893.39,refining,covered
SK,2023,CRF1A1B,1882.94,refining,covered
SK,2024,CRF1A1B,1753.8,refining,covered
TR,1990,CRF1A1B,5253.39,refining,covered
TR,1991,CRF1A1B,5193.78,refining,covered
TR,1992,CRF1A1B,5328.93,refining,covered
TR,1993,CRF1A1B,5644.63,refining,covered
TR,1994,CRF1A1B,5743.53,refining,covered
TR,1995,CRF1A1B,6122.84,refining,covered
TR,1996,CRF1A1B,6258.2,refining,covered
TR,1997,CRF1A1B,6154.57,refining,covered
TR,1998,CRF1A1B,6355.79,refining,covered
TR,1999,CRF1A1B,6081.14,refining,covered
TR,2000,CRF1A1B,5797.1,refining,covered
TR,2001,CRF1A1B,6142.71,refining,covered
TR,2002,CRF1A1B,6155.93,refining,covered
TR,2003,CRF1A1B,6315.35,refining,covered
TR,2004,CRF1A1B,6440.32,refining,covered
TR,2005,CRF1A1B,6553.55,refining,covered
TR,2006,CRF1A1B,6658.22,refining,covered
TR,2007,CRF1A1B,6465.36,refining,covered
TR,2008,CRF1A1B,5950.0,refining,covered
TR,2009,CRF1A1B,4346.95,refining,covered
TR,2010,CRF1A1B,4735.58,refining,covered
TR,2011,CRF1A1B,4931.93,refining,covered
TR,2012,CRF1A1B,5273.8,refining,covered
TR,2013,CRF1A1B,5062.3,refining,covered
TR,2014,CRF1A1B,4447.2,refining,covered
TR,2015,CRF1A1B,6017.28,refining,covered
TR,2016,CRF1A1B,7367.94,refining,covered
TR,2017,CRF1A1B,7284.69,refining,covered
TR,2018,CRF1A1B,6224.25,refining,covered
TR,2019,CRF1A1B,8127.42,refining,covered
TR,2020,CRF1A1B,8037.58,refining,covered
TR,2021,CRF1A1B,7743.89,refining,covered
TR,2022,CRF1A1B,8826.32,refining,covered
TR,2023,CRF1A1B,8482.5,refining,covered
TR,2024,CRF1A1B,7836.86,refining,covered
AT,1990,CRF1A2,9544.74,manufacturing,covered
AT,1991,CRF1A2,9855.63,manufacturing,covered
AT,1992,CRF1A2,8913.15,manufacturing,covered
AT,1993,CRF1A2,9341.69,manufacturing,covered
AT,1994,CRF1A2,9742.73,manufacturing,covered
AT,1995,CRF1A2,9700.27,manufacturing,covered
AT,1996,CRF1A2,10317.05,manufacturing,covered
AT,1997,CRF1A2,11447.75,manufacturing,covered
AT,1998,CRF1A2,10067.58,manufacturing,covered
AT,1999,CRF1A2,9351.46,manufacturing,covered
AT,2000,CRF1A2,9620.03,manufacturing,covered
AT,2001,CRF1A2,9662.09,manufacturing,covered
AT,2002,CRF1A2,10054.75,manufacturing,covered
AT,2003,CRF1A2,10438.86,manufacturing,covered
AT,2004,CRF1A2,10654.41,manufacturing,covered
AT,2005,CRF1A2,10933.82,manufacturing,covered
AT,2006,CRF1A2,10767.18,manufacturing,covered
AT,2007,CRF1A2,10356.87,manufacturing,covered
AT,2008,CRF1A2,10733.8,manufacturing,covered
AT,2009,CRF1A2,10231.11,manufacturing,covered
AT,2010,CRF1A2,10876.57,manufacturing,covered
AT,2011,CRF1A2,10924.05,manufacturing,covered
AT,2012,CRF1A2,10707.81,manufacturing,covered
AT,2013,CRF1A2,10469.83,manufacturing,covered
AT,2014,CRF1A2,10037.71,manufacturing,covered
AT,2015,CRF1A2,9906.09,manufacturing,covered
AT,2016,CRF1A2,10214.75,manufacturing,covered
AT,2017,CRF1A2,10459.15,manufacturing,covered
AT,2018,CRF1A2,10671.79,manufacturing,covered
AT,2019,CRF1A2,10660.52,manufacturing,covered
AT,2020,CRF1A2,10401.46,manufacturing,covered
AT,2021,CRF1A2,10850.35,manufacturing,covered
AT,2022,CRF1A2,10337.2,manufacturing,covered
AT,2023,CRF1A2,9325.42,manufacturing,covered
AT,2024,CRF1A2,9013.36,manufacturing,covered
BE,1990,CRF1A2,23464.08,manufacturing,covered
BE,1991,CRF1A2,23740.08,manufacturing,covered
BE,1992,CRF1A2,22620.95,manufacturing,covered
BE,1993,CRF1A2,22549.83,manufacturing,covered
BE,1994,CRF1A2,23123.78,manufacturing,covered
BE,1995,CRF1A2,23139.74,manufacturing,covered
BE,1996,CRF1A2,22439.05,manufacturing,covered
BE,1997,CRF1A2,21823.42,manufacturing,covered
BE,1998,CRF1A2,22358.72,manufacturing,covered
BE,1999,CRF1A2,21409.5,manufacturing,covered
BE,2000,CRF1A2,21581.69,manufacturing,covered
BE,2001,CRF1A2,21560.46,manufacturing,covered
BE,2002,CRF1A2,20848.62,manufacturing,covered
BE,2003,CRF1A2,19716.36,manufacturing,covered
BE,2004,CRF1A2,19440.84,manufacturing,covered
BE,2005,CRF1A2,18858.75,manufacturing,covered
BE,2006,CRF1A2,19016.64,manufacturing,covered
BE,2007,CRF1A2,19037.94,manufacturing,covered
BE,2008,CRF1A2,19128.67,manufacturing,covered
BE,2009,CRF1A2,13688.74,manufacturing,covered
BE,2010,CRF1A2,15815.7,manufacturing,covered
BE,2011,CRF1A2,15421.28,manufacturing,covered
BE,2012,CRF1A2,14444.15,manufacturing,covered
BE,2013,CRF1A2,14245.51,manufacturing,covered
BE,2014,CRF1A2,13692.06,manufacturing,covered
BE,2015,CRF1A2,13631.4,manufacturing,covered
BE,2016,CRF1A2,13636.6,manufacturing,covered
BE,2017,CRF1A2,13760.69,manufacturing,covered
BE,2018,CRF1A2,13982.97,manufacturing,covered
BE,2019,CRF1A2,13845.56,manufacturing,covered
BE,2020,CRF1A2,13783.86,manufacturing,covered
BE,2021,CRF1A2,14436.22,manufacturing,covered
BE,2022,CRF1A2,12778.22,manufacturing,covered
BE,2023,CRF1A2,12449.86,manufacturing,covered
BE,2024,CRF1A2,12838.19,manufacturing,covered
BG,1990,CRF1A2,17663.93,manufacturing,covered
BG,1991,CRF1A2,15652.4,manufacturing,covered
BG,1992,CRF1A2,13371.5,manufacturing,covered
BG,1993,CRF1A2,12306.51,manufacturing,covered
BG,1994,CRF1A2,12428.5,manufacturing,covered
BG,1995,CRF1A2,13027.79,manufacturing,covered
BG,1996,CRF1A2,13346.2,manufacturing,covered
BG,1997,CRF1A2,10398.98,manufacturing,covered
BG,1998,CRF1A2,9852.4,manufacturing,covered
BG,1999,CRF1A2,7904.03,manufacturing,covered
BG,2000,CRF1A2,7195.53,manufacturing,covered
BG,2001,CRF1A2,7147.19,manufacturing,covered
BG,2002,CRF1A2,7055.39,manufacturing,covered
BG,2003,CRF1A2,8086.11,manufacturing,covered
BG,2004,CRF1A2,7303.87,manufacturing,covered
BG,2005,CRF1A2,7045.41,manufacturing,covered
BG,2006,CRF1A2,7158.98,manufacturing,covered
BG,2007,CRF1A2,7807.33,manufacturing,covered
BG,2008,CRF1A2,5498.03,manufacturing,covered
BG,2009,CRF1A2,3113.93,manufacturing,covered
BG,2010,CRF1A2,3128.48,manufacturing,covered
BG,2011,CRF1A2,2716.76,manufacturing,covered
BG,2012,CRF1A2,2572.41,manufacturing,covered
BG,2013,CRF1A2,2599.17,manufacturing,covered
BG,2014,CRF1A2,2549.27,manufacturing,covered
BG,2015,CRF1A2,2820.78,manufacturing,covered
BG,2016,CRF1A2,2871.81,manufacturing,covered
BG,2017,CRF1A2,3562.48,manufacturing,covered
BG,2018,CRF1A2,4231.77,manufacturing,covered
BG,2019,CRF1A2,4063.94,manufacturing,covered
BG,2020,CRF1A2,3969.26,manufacturing,covered
BG,2021,CRF1A2,4572.74,manufacturing,covered
BG,2022,CRF1A2,4316.1,manufacturing,covered
BG,2023,CRF1A2,3780.98,manufacturing,covered
BG,2024,CRF1A2,3999.25,manufacturing,covered
CH,1990,CRF1A2,6541.35,manufacturing,covered
CH,1991,CRF1A2,6770.12,manufacturing,covered
CH,1992,CRF1A2,6351.51,manufacturing,covered
CH,1993,CRF1A2,6183.56,manufacturing,covered
CH,1994,CRF1A2,6125.27,manufacturing,covered
CH,1995,CRF1A2,6265.77,manufacturing,covered
CH,1996,CRF1A2,6009.89,manufacturing,covered
CH,1997,CRF1A2,5970.63,manufacturing,covered
CH,1998,CRF1A2,6169.03,manufacturing,covered
CH,1999,CRF1A2,6028.27,manufacturing,covered
CH,2000,CRF1A2,5970.09,manufacturing,covered
CH,2001,CRF1A2,6215.81,manufacturing,covered
CH,2002,CRF1A2,5769.2,manufacturing,covered
CH,2003,CRF1A2,5857.77,manufacturing,covered
CH,2004,CRF1A2,6001.21,manufacturing,covered
CH,2005,CRF1A2,5999.78,manufacturing,covered
CH,2006,CRF1A2,6163.89,manufacturing,covered
CH,2007,CRF1A2,5969.3,manufacturing,covered
CH,2008,CRF1A2,6030.23,manufacturing,covered
CH,2009,CRF1A2,5715.07,manufacturing,covered
CH,2010,CRF1A2,5817.79,manufacturing,covered
CH,2011,CRF1A2,5393.03,manufacturing,covered
CH,2012,CRF1A2,5391.25,manufacturing,covered
CH,2013,CRF1A2,5457.02,manufacturing,covered
CH,2014,CRF1A2,5058.2,manufacturing,covered
CH,2015,CRF1A2,4939.61,manufacturing,covered
CH,2016,CRF1A2,4941.12,manufacturing,covered
CH,2017,CRF1A2,4909.1,manufacturing,covered
CH,2018,CRF1A2,4750.69,manufacturing,covered
CH,2019,CRF1A2,4664.67,manufacturing,covered
CH,2020,CRF1A2,4443.8,manufacturing,covered
CH,2021,CRF1A2,4543.6,manufacturing,covered
CH,2022,CRF1A2,4173.92,manufacturing,covered
CH,2023,CRF1A2,3817.45,manufacturing,covered
CH,2024,CRF1A2,3743.19,manufacturing,covered
CY,1990,CRF1A2,502.36,manufacturing,covered
CY,1991,CRF1A2,927.52,manufacturing,covered
CY,1992,CRF1A2,713.19,manufacturing,covered
CY,1993,CRF1A2,754.74,manufacturing,covered
CY,1994,CRF1A2,767.83,manufacturing,covered
CY,1995,CRF1A2,755.57,manufacturing,covered
CY,1996,CRF1A2,855.95,manufacturing,covered
CY,1997,CRF1A2,755.54,manufacturing,covered
CY,1998,CRF1A2,758.48,manufacturing,covered
CY,1999,CRF1A2,783.43,manufacturing,covered
CY,2000,CRF1A2,799.36,manufacturing,covered
CY,2001,CRF1A2,744.43,manufacturing,covered
CY,2002,CRF1A2,756.66,manufacturing,covered
CY,2003,CRF1A2,782.47,manufacturing,covered
CY,2004,CRF1A2,858.86,manufacturing,covered
CY,2005,CRF1A2,899.74,manufacturing,covered
CY,2006,CRF1A2,863.96,manufacturing,covered
CY,2007,CRF1A2,894.72,manufacturing,covered
CY,2008,CRF1A2,875.66,manufacturing,covered
CY,2009,CRF1A2,763.75,manufacturing,covered
CY,2010,CRF1A2,666.73,manufacturing,covered
CY,2011,CRF1A2,577.14,manufacturing,covered
CY,2012,CRF1A2,458.8,manufacturing,covered
CY,2013,CRF1A2,538.17,manufacturing,covered
CY,2014,CRF1A2,676.81,manufacturing,covered
CY,2015,CRF1A2,592.72,manufacturing,covered
CY,2016,CRF1A2,593.32,manufacturing,covered
CY,2017,CRF1A2,610.64,manufacturing,covered
CY,2018,CRF1A2,540.47,manufacturing,covered
CY,2019,CRF1A2,548.95,manufacturing,covered
CY,2020,CRF1A2,553.42,manufacturing,covered
CY,2021,CRF1A2,553.0,manufacturing,covered
CY,2022,CRF1A2,557.67,manufacturing,covered
CY,2023,CRF1A2,557.62,manufacturing,covered
CY,2024,CRF1A2,552.45,manufacturing,covered
CZ,1990,CRF1A2,46823.53,manufacturing,covered
CZ,1991,CRF1A2,39612.35,manufacturing,covered
CZ,1992,CRF1A2,43631.25,manufacturing,covered
CZ,1993,CRF1A2,36531.67,manufacturing,covered
CZ,1994,CRF1A2,28999.11,manufacturing,covered
CZ,1995,CRF1A2,24326.06,manufacturing,covered
CZ,1996,CRF1A2,24113.08,manufacturing,covered
CZ,1997,CRF1A2,23921.49,manufacturing,covered
CZ,1998,CRF1A2,21581.41,manufacturing,covered
CZ,1999,CRF1A2,18400.29,manufacturing,covered
CZ,2000,CRF1A2,23293.03,manufacturing,covered
CZ,2001,CRF1A2,20761.56,manufacturing,covered
CZ,2002,CRF1A2,19874.66,manufacturing,covered
CZ,2003,CRF1A2,19822.32,manufacturing,covered
CZ,2004,CRF1A2,19453.41,manufacturing,covered
CZ,2005,CRF1A2,18715.29,manufacturing,covered
CZ,2006,CRF1A2,18412.67,manufacturing,covered
CZ,2007,CRF1A2,16537.32,manufacturing,covered
CZ,2008,CRF1A2,15954.97,manufacturing,covered
CZ,2009,CRF1A2,15660.06,manufacturing,covered
CZ,2010,CRF1A2,12020.4,manufacturing,covered
CZ,2011,CRF1A2,11052.8,manufacturing,covered
CZ,2012,CRF1A2,10708.84,manufacturing,covered
CZ,2013,CRF1A2,10167.25,manufacturing,covered
CZ,2014,CRF1A2,9634.29,manufacturing,covered
CZ,2015,CRF1A2,9768.01,manufacturing,covered
CZ,2016,CRF1A2,9505.63,manufacturing,covered
CZ,2017,CRF1A2,10368.29,manufacturing,covered
CZ,2018,CRF1A2,10119.91,manufacturing,covered
CZ,2019,CRF1A2,9673.49,manufacturing,covered
CZ,2020,CRF1A2,10161.97,manufacturing,covered
CZ,2021,CRF1A2,12849.49,manufacturing,covered
CZ,2022,CRF1A2,11225.37,manufacturing,covered
CZ,2023,CRF1A2,10050.69,manufacturing,covered
CZ,2024,CRF1A2,8760.78,manufacturing,covered
DE,1990,CRF1A2,182953.25,manufacturing,covered
DE,1991,CRF1A2,161493.5,manufacturing,covered
DE,1992,CRF1A2,150302.84,manufacturing,covered
DE,1993,CRF1A2,139407.28,manufacturing,covered
DE,1994,CRF1A2,137471.03,manufacturing,covered
DE,1995,CRF1A2,140872.15,manufacturing,covered
DE,1996,CRF1A2,131594.76,manufacturing,covered
DE,1997,CRF1A2,135517.41,manufacturing,covered
DE,1998,CRF1A2,131065.16,manufacturing,covered
DE,1999,CRF1A2,128572.22,manufacturing,covered
DE,2000,CRF1A2,124948.23,manufacturing,covered
DE,2001,CRF1A2,117960.63,manufacturing,covered
DE,2002,CRF1A2,117329.23,manufacturing,covered
DE,2003,CRF1A2,114020.4,manufacturing,covered
DE,2004,CRF1A2,112239.42,manufacturing,covered
DE,2005,CRF1A2,112632.35,manufacturing,covered
DE,2006,CRF1A2,116844.19,manufacturing,covered
DE,2007,CRF1A2,121796.77,manufacturing,covered
DE,2008,CRF1A2,122437.47,manufacturing,covered
DE,2009,CRF1A2,104864.25,manufacturing,covered
DE,2010,CRF1A2,120863.46,manufacturing,covered
DE,2011,CRF1A2,117434.39,manufacturing,covered
DE,2012,CRF1A2,115504.38,manufacturing,covered
DE,2013,CRF1A2,115529.57,manufacturing,covered
DE,2014,CRF1A2,114366.34,manufacturing,covered
DE,2015,CRF1A2,121965.98,manufacturing,covered
DE,2016,CRF1A2,124050.24,manufacturing,covered
DE,2017,CRF1A2,125949.25,manufacturing,covered
DE,2018,CRF1A2,121466.95,manufacturing,covered
DE,2019,CRF1A2,118925.81,manufacturing,covered
DE,2020,CRF1A2,116363.18,manufacturing,covered
DE,2021,CRF1A2,122183.92,manufacturing,covered
DE,2022,CRF1A2,111828.32,manufacturing,covered
DE,2023,CRF1A2,101813.77,manufacturing,covered
DE,2024,CRF1A2,100999.77,manufacturing,covered
DK,1990,CRF1A2,5668.39,manufacturing,covered
DK,1991,CRF1A2,6099.55,manufacturing,covered
DK,1992,CRF1A2,5919.29,manufacturing,covered
DK,1993,CRF1A2,5833.95,manufacturing,covered
DK,1994,CRF1A2,5943.97,manufacturing,covered
DK,1995,CRF1A2,6072.06,manufacturing,covered
DK,1996,CRF1A2,6178.21,manufacturing,covered
DK,1997,CRF1A2,6192.02,manufacturing,covered
DK,1998,CRF1A2,6129.77,manufacturing,covered
DK,1999,CRF1A2,6199.57,manufacturing,covered
DK,2000,CRF1A2,5959.97,manufacturing,covered
DK,2001,CRF1A2,6071.1,manufacturing,covered
DK,2002,CRF1A2,5720.43,manufacturing,covered
DK,2003,CRF1A2,5694.13,manufacturing,covered
DK,2004,CRF1A2,5786.48,manufacturing,covered
DK,2005,CRF1A2,5498.07,manufacturing,covered
DK,2006,CRF1A2,5629.96,manufacturing,covered
DK,2007,CRF1A2,5373.16,manufacturing,covered
DK,2008,CRF1A2,4847.97,manufacturing,covered
DK,2009,CRF1A2,4034.22,manufacturing,covered
DK,2010,CRF1A2,4528.01,manufacturing,covered
DK,2011,CRF1A2,4359.18,manufacturing,covered
DK,2012,CRF1A2,4057.42,manufacturing,covered
DK,2013,CRF1A2,3879.44,manufacturing,covered
DK,2014,CRF1A2,3876.09,manufacturing,covered
DK,2015,CRF1A2,3827.28,manufacturing,covered
DK,2016,CRF1A2,3913.69,manufacturing,covered
DK,2017,CRF1A2,3987.66,manufacturing,covered
DK,2018,CRF1A2,4019.5,manufacturing,covered
DK,2019,CRF1A2,3776.74,manufacturing,covered
DK,2020,CRF1A2,3680.95,manufacturing,covered
DK,2021,CRF1A2,3767.69,manufacturing,covered
DK,2022,CRF1A2,3384.59,manufacturing,covered
DK,2023,CRF1A2,2924.57,manufacturing,covered
DK,2024,CRF1A2,2629.51,manufacturing,covered
EE,1990,CRF1A2,3445.64,manufacturing,covered
EE,1991,CRF1A2,3328.08,manufacturing,covered
EE,1992,CRF1A2,1926.14,manufacturing,covered
EE,1993,CRF1A2,1789.14,manufacturing,covered
EE,1994,CRF1A2,1513.22,manufacturing,covered
EE,1995,CRF1A2,1476.67,manufacturing,covered
EE,1996,CRF1A2,1560.28,manufacturing,covered
EE,1997,CRF1A2,1318.64,manufacturing,covered
EE,1998,CRF1A2,1183.62,manufacturing,covered
EE,1999,CRF1A2,807.67,manufacturing,covered
EE,2000,CRF1A2,885.6,manufacturing,covered
EE,2001,CRF1A2,1084.17,manufacturing,covered
EE,2002,CRF1A2,792.04,manufacturing,covered
EE,2003,CRF1A2,927.97,manufacturing,covered
EE,2004,CRF1A2,975.84,manufacturing,covered
EE,2005,CRF1A2,1012.34,manufacturing,covered
EE,2006,CRF1A2,1006.55,manufacturing,covered
EE,2007,CRF1A2,1293.75,manufacturing,covered
EE,2008,CRF1A2,1188.3,manufacturing,covered
EE,2009,CRF1A2,740.52,manufacturing,covered
EE,2010,CRF1A2,764.91,manufacturing,covered
EE,2011,CRF1A2,888.57,manufacturing,covered
EE,2012,CRF1A2,882.64,manufacturing,covered
EE,2013,CRF1A2,891.17,manufacturing,covered
EE,2014,CRF1A2,804.03,manufacturing,covered
EE,2015,CRF1A2,583.72,manufacturing,covered
EE,2016,CRF1A2,609.88,manufacturing,covered
EE,2017,CRF1A2,573.52,manufacturing,covered
EE,2018,CRF1A2,607.31,manufacturing,covered
EE,2019,CRF1A2,632.18,manufacturing,covered
EE,2020,CRF1A2,408.67,manufacturing,covered
EE,2021,CRF1A2,305.65,manufacturing,covered
EE,2022,CRF1A2,264.36,manufacturing,covered
EE,2023,CRF1A2,226.58,manufacturing,covered
EE,2024,CRF1A2,259.22,manufacturing,covered
EL,1990,CRF1A2,9338.49,manufacturing,covered
EL,1991,CRF1A2,9387.8,manufacturing,covered
EL,1992,CRF1A2,9044.66,manufacturing,covered
EL,1993,CRF1A2,8760.33,manufacturing,covered
EL,1994,CRF1A2,8610.16,manufacturing,covered
EL,1995,CRF1A2,9481.9,manufacturing,covered
EL,1996,CRF1A2,10087.6,manufacturing,covered
EL,1997,CRF1A2,10194.95,manufacturing,covered
EL,1998,CRF1A2,10152.18,manufacturing,covered
EL,1999,CRF1A2,9139.77,manufacturing,covered
EL,2000,CRF1A2,9847.74,manufacturing,covered
EL,2001,CRF1A2,9971.73,manufacturing,covered
EL,2002,CRF1A2,9426.05,manufacturing,covered
EL,2003,CRF1A2,9102.77,manufacturing,covered
EL,2004,CRF1A2,8618.35,manufacturing,covered
EL,2005,CRF1A2,10134.37,manufacturing,covered
EL,2006,CRF1A2,10369.07,manufacturing,covered
EL,2007,CRF1A2,9959.13,manufacturing,covered
EL,2008,CRF1A2,9325.77,manufacturing,covered
EL,2009,CRF1A2,7436.78,manufacturing,covered
EL,2010,CRF1A2,6813.24,manufacturing,covered
EL,2011,CRF1A2,4917.03,manufacturing,covered
EL,2012,CRF1A2,5457.78,manufacturing,covered
EL,2013,CRF1A2,5229.16,manufacturing,covered
EL,2014,CRF1A2,5397.33,manufacturing,covered
EL,2015,CRF1A2,5166.28,manufacturing,covered
EL,2016,CRF1A2,5291.92,manufacturing,covered
EL,2017,CRF1A2,5715.97,manufacturing,covered
EL,2018,CRF1A2,5048.8,manufacturing,covered
EL,2019,CRF1A2,4568.5,manufacturing,covered
EL,2020,CRF1A2,4405.52,manufacturing,covered
EL,2021,CRF1A2,4779.79,manufacturing,covered
EL,2022,CRF1A2,4396.19,manufacturing,covered
EL,2023,CRF1A2,4298.52,manufacturing,covered
EL,2024,CRF1A2,4643.69,manufacturing,covered
ES,1990,CRF1A2,44536.5,manufacturing,covered
ES,1991,CRF1A2,49001.37,manufacturing,covered
ES,1992,CRF1A2,46943.03,manufacturing,covered
ES,1993,CRF1A2,45789.77,manufacturing,covered
ES,1994,CRF1A2,51191.04,manufacturing,covered
ES,1995,CRF1A2,58907.16,manufacturing,covered
ES,1996,CRF1A2,54253.19,manufacturing,covered
ES,1997,CRF1A2,53994.91,manufacturing,covered
ES,1998,CRF1A2,53873.86,manufacturing,covered
ES,1999,CRF1A2,56337.19,manufacturing,covered
ES,2000,CRF1A2,59887.27,manufacturing,covered
ES,2001,CRF1A2,62482.54,manufacturing,covered
ES,2002,CRF1A2,64860.09,manufacturing,covered
ES,2003,CRF1A2,68632.77,manufacturing,covered
ES,2004,CRF1A2,68881.41,manufacturing,covered
ES,2005,CRF1A2,70843.55,manufacturing,covered
ES,2006,CRF1A2,61758.47,manufacturing,covered
ES,2007,CRF1A2,62716.69,manufacturing,covered
ES,2008,CRF1A2,59670.72,manufacturing,covered
ES,2009,CRF1A2,50713.05,manufacturing,covered
ES,2010,CRF1A2,52005.36,manufacturing,covered
ES,2011,CRF1A2,48506.99,manufacturing,covered
ES,2012,CRF1A2,46681.44,manufacturing,covered
ES,2013,CRF1A2,43354.1,manufacturing,covered
ES,2014,CRF1A2,39250.96,manufacturing,covered
ES,2015,CRF1A2,41322.11,manufacturing,covered
ES,2016,CRF1A2,43181.65,manufacturing,covered
ES,2017,CRF1A2,44888.13,manufacturing,covered
ES,2018,CRF1A2,46263.41,manufacturing,covered
ES,2019,CRF1A2,46887.14,manufacturing,covered
ES,2020,CRF1A2,42132.44,manufacturing,covered
ES,2021,CRF1A2,44688.35,manufacturing,covered
ES,2022,CRF1A2,36893.94,manufacturing,covered
ES,2023,CRF1A2,33890.12,manufacturing,covered
ES,2024,CRF1A2,32069.55,manufacturing,covered
EU27_2020,1990,CRF1A2,715117.11,manufacturing,covered
EU27_2020,1991,CRF1A2,672477.11,manufacturing,covered
EU27_2020,1992,CRF1A2,633792.59,manufacturing,covered
EU27_2020,1993,CRF1A2,613956.18,manufacturing,covered
EU27_2020,1994,CRF1A2,611875.24,manufacturing,covered
EU27_2020,1995,CRF1A2,632579.68,manufacturing,covered
EU27_2020,1996,CRF1A2,624465.58,manufacturing,covered
EU27_2020,1997,CRF1A2,615809.86,manufacturing,covered
EU27_2020,1998,CRF1A2,590871.15,manufacturing,covered
EU27_2020,1999,CRF1A2,576506.17,manufacturing,covered
EU27_2020,2000,CRF1A2,574923.97,manufacturing,covered
EU27_2020,2001,CRF1A2,563598.04,manufacturing,covered
EU27_2020,2002,CRF1A2,553054.95,manufacturing,covered
EU27_2020,2003,CRF1A2,557056.11,manufacturing,covered
EU27_2020,2004,CRF1A2,549615.92,manufacturing,covered
EU27_2020,2005,CRF1A2,545219.3,manufacturing,covered
EU27_2020,2006,CRF1A2,535180.54,manufacturing,covered
EU27_2020,2007,CRF1A2,540939.09,manufacturing,covered
EU27_2020,2008,CRF1A2,521383.07,manufacturing,covered
EU27_2020,2009,CRF1A2,434950.34,manufacturing,covered
EU27_2020,2010,CRF1A2,464142.98,manufacturing,covered
EU27_2020,2011,CRF1A2,452260.96,manufacturing,covered
EU27_2020,2012,CRF1A2,435050.36,manufacturing,covered
EU27_2020,2013,CRF1A2,419653.26,manufacturing,covered
EU27_2020,2014,CRF1A2,403643.22,manufacturing,covered
EU27_2020,2015,CRF1A2,413185.1,manufacturing,covered
EU27_2020,2016,CRF1A2,416485.36,manufacturing,covered
EU27_2020,2017,CRF1A2,424462.22,manufacturing,covered
EU27_2020,2018,CRF1A2,424319.16,manufacturing,covered
EU27_2020,2019,CRF1A2,413591.78,manufacturing,covered
EU27_2020,2020,CRF1A2,393597.38,manufacturing,covered
EU27_2020,2021,CRF1A2,423245.09,manufacturing,covered
EU27_2020,2022,CRF1A2,385042.86,manufacturing,covered
EU27_2020,2023,CRF1A2,353482.91,manufacturing,covered
EU27_2020,2024,CRF1A2,346349.81,manufacturing,covered
FI,1990,CRF1A2,13188.51,manufacturing,covered
FI,1991,CRF1A2,12694.18,manufacturing,covered
FI,1992,CRF1A2,12192.48,manufacturing,covered
FI,1993,CRF1A2,12260.01,manufacturing,covered
FI,1994,CRF1A2,12588.95,manufacturing,covered
FI,1995,CRF1A2,11985.27,manufacturing,covered
FI,1996,CRF1A2,11845.56,manufacturing,covered
FI,1997,CRF1A2,12108.56,manufacturing,covered
FI,1998,CRF1A2,11739.72,manufacturing,covered
FI,1999,CRF1A2,11671.43,manufacturing,covered
FI,2000,CRF1A2,11690.45,manufacturing,covered
FI,2001,CRF1A2,11280.51,manufacturing,covered
FI,2002,CRF1A2,10981.26,manufacturing,covered
FI,2003,CRF1A2,11370.81,manufacturing,covered
FI,2004,CRF1A2,11439.76,manufacturing,covered
FI,2005,CRF1A2,11175.36,manufacturing,covered
FI,2006,CRF1A2,11442.85,manufacturing,covered
FI,2007,CRF1A2,11275.43,manufacturing,covered
FI,2008,CRF1A2,10737.13,manufacturing,covered
FI,2009,CRF1A2,8574.34,manufacturing,covered
FI,2010,CRF1A2,9860.65,manufacturing,covered
FI,2011,CRF1A2,9461.16,manufacturing,covered
FI,2012,CRF1A2,8242.58,manufacturing,covered
FI,2013,CRF1A2,8213.35,manufacturing,covered
FI,2014,CRF1A2,6888.95,manufacturing,covered
FI,2015,CRF1A2,6573.69,manufacturing,covered
FI,2016,CRF1A2,6616.06,manufacturing,covered
FI,2017,CRF1A2,6424.36,manufacturing,covered
FI,2018,CRF1A2,6556.05,manufacturing,covered
FI,2019,CRF1A2,6367.16,manufacturing,covered
FI,2020,CRF1A2,6072.59,manufacturing,covered
FI,2021,CRF1A2,6199.26,manufacturing,covered
FI,2022,CRF1A2,5679.33,manufacturing,covered
FI,2023,CRF1A2,4865.71,manufacturing,covered
FI,2024,CRF1A2,4711.23,manufacturing,covered
FR,1990,CRF1A2,63989.42,manufacturing,covered
FR,1991,CRF1A2,76947.32,manufacturing,covered
FR,1992,CRF1A2,66944.49,manufacturing,covered
FR,1993,CRF1A2,64059.21,manufacturing,covered
FR,1994,CRF1A2,65102.71,manufacturing,covered
FR,1995,CRF1A2,67466.44,manufacturing,covered
FR,1996,CRF1A2,69477.81,manufacturing,covered
FR,1997,CRF1A2,67569.27,manufacturing,covered
FR,1998,CRF1A2,66580.5,manufacturing,covered
FR,1999,CRF1A2,67593.8,manufacturing,covered
FR,2000,CRF1A2,66144.84,manufacturing,covered
FR,2001,CRF1A2,71323.24,manufacturing,covered
FR,2002,CRF1A2,67191.6,manufacturing,covered
FR,2003,CRF1A2,67350.45,manufacturing,covered
FR,2004,CRF1A2,63332.76,manufacturing,covered
FR,2005,CRF1A2,64701.42,manufacturing,covered
FR,2006,CRF1A2,63635.11,manufacturing,covered
FR,2007,CRF1A2,62484.6,manufacturing,covered
FR,2008,CRF1A2,60670.2,manufacturing,covered
FR,2009,CRF1A2,52190.46,manufacturing,covered
FR,2010,CRF1A2,55528.16,manufacturing,covered
FR,2011,CRF1A2,52543.39,manufacturing,covered
FR,2012,CRF1A2,51028.58,manufacturing,covered
FR,2013,CRF1A2,50854.29,manufacturing,covered
FR,2014,CRF1A2,48571.65,manufacturing,covered
FR,2015,CRF1A2,47162.44,manufacturing,covered
FR,2016,CRF1A2,46965.59,manufacturing,covered
FR,2017,CRF1A2,45084.68,manufacturing,covered
FR,2018,CRF1A2,45227.39,manufacturing,covered
FR,2019,CRF1A2,44369.66,manufacturing,covered
FR,2020,CRF1A2,40452.27,manufacturing,covered
FR,2021,CRF1A2,43532.09,manufacturing,covered
FR,2022,CRF1A2,39361.88,manufacturing,covered
FR,2023,CRF1A2,35831.12,manufacturing,covered
FR,2024,CRF1A2,34586.45,manufacturing,covered
HR,1990,CRF1A2,5103.04,manufacturing,covered
HR,1991,CRF1A2,3773.02,manufacturing,covered
HR,1992,CRF1A2,3083.15,manufacturing,covered
HR,1993,CRF1A2,2916.99,manufacturing,covered
HR,1994,CRF1A2,3077.43,manufacturing,covered
HR,1995,CRF1A2,2868.29,manufacturing,covered
HR,1996,CRF1A2,2857.5,manufacturing,covered
HR,1997,CRF1A2,3088.88,manufacturing,covered
HR,1998,CRF1A2,3091.23,manufacturing,covered
HR,1999,CRF1A2,2925.26,manufacturing,covered
HR,2000,CRF1A2,3052.78,manufacturing,covered
HR,2001,CRF1A2,3189.68,manufacturing,covered
HR,2002,CRF1A2,3084.91,manufacturing,covered
HR,2003,CRF1A2,3150.05,manufacturing,covered
HR,2004,CRF1A2,3551.72,manufacturing,covered
HR,2005,CRF1A2,3681.1,manufacturing,covered
HR,2006,CRF1A2,3806.68,manufacturing,covered
HR,2007,CRF1A2,3797.32,manufacturing,covered
HR,2008,CRF1A2,3798.07,manufacturing,covered
HR,2009,CRF1A2,3108.28,manufacturing,covered
HR,2010,CRF1A2,2983.81,manufacturing,covered
HR,2011,CRF1A2,2750.09,manufacturing,covered
HR,2012,CRF1A2,2384.35,manufacturing,covered
HR,2013,CRF1A2,2359.25,manufacturing,covered
HR,2014,CRF1A2,2300.57,manufacturing,covered
HR,2015,CRF1A2,2201.79,manufacturing,covered
HR,2016,CRF1A2,2210.6,manufacturing,covered
HR,2017,CRF1A2,2405.83,manufacturing,covered
HR,2018,CRF1A2,2390.76,manufacturing,covered
HR,2019,CRF1A2,2397.37,manufacturing,covered
HR,2020,CRF1A2,2392.56,manufacturing,covered
HR,2021,CRF1A2,2418.06,manufacturing,covered
HR,2022,CRF1A2,2313.06,manufacturing,covered
HR,2023,CRF1A2,2435.0,manufacturing,covered
HR,2024,CRF1A2,2519.28,manufacturing,covered
HU,1990,CRF1A2,13474.59,manufacturing,covered
HU,1991,CRF1A2,11713.89,manufacturing,covered
HU,1992,CRF1A2,9570.36,manufacturing,covered
HU,1993,CRF1A2,8963.73,manufacturing,covered
HU,1994,CRF1A2,8292.88,manufacturing,covered
HU,1995,CRF1A2,8210.87,manufacturing,covered
HU,1996,CRF1A2,8526.86,manufacturing,covered
HU,1997,CRF1A2,6388.67,manufacturing,covered
HU,1998,CRF1A2,5680.59,manufacturing,covered
HU,1999,CRF1A2,5144.17,manufacturing,covered
HU,2000,CRF1A2,4539.48,manufacturing,covered
HU,2001,CRF1A2,4891.4,manufacturing,covered
HU,2002,CRF1A2,4919.98,manufacturing,covered
HU,2003,CRF1A2,4668.97,manufacturing,covered
HU,2004,CRF1A2,4496.24,manufacturing,covered
HU,2005,CRF1A2,4564.81,manufacturing,covered
HU,2006,CRF1A2,4388.34,manufacturing,covered
HU,2007,CRF1A2,4391.84,manufacturing,covered
HU,2008,CRF1A2,4364.59,manufacturing,covered
HU,2009,CRF1A2,3166.87,manufacturing,covered
HU,2010,CRF1A2,3334.96,manufacturing,covered
HU,2011,CRF1A2,3396.33,manufacturing,covered
HU,2012,CRF1A2,2924.02,manufacturing,covered
HU,2013,CRF1A2,3845.41,manufacturing,covered
HU,2014,CRF1A2,3883.2,manufacturing,covered
HU,2015,CRF1A2,4110.88,manufacturing,covered
HU,2016,CRF1A2,4592.33,manufacturing,covered
HU,2017,CRF1A2,4921.02,manufacturing,covered
HU,2018,CRF1A2,5188.88,manufacturing,covered
HU,2019,CRF1A2,5111.44,manufacturing,covered
HU,2020,CRF1A2,4828.39,manufacturing,covered
HU,2021,CRF1A2,5070.08,manufacturing,covered
HU,2022,CRF1A2,4581.69,manufacturing,covered
HU,2023,CRF1A2,4035.56,manufacturing,covered
HU,2024,CRF1A2,4037.23,manufacturing,covered
IE,1990,CRF1A2,4057.71,manufacturing,covered
IE,1991,CRF1A2,4344.7,manufacturing,covered
IE,1992,CRF1A2,4025.48,manufacturing,covered
IE,1993,CRF1A2,4231.77,manufacturing,covered
IE,1994,CRF1A2,4497.53,manufacturing,covered
IE,1995,CRF1A2,4519.39,manufacturing,covered
IE,1996,CRF1A2,4362.88,manufacturing,covered
IE,1997,CRF1A2,4712.03,manufacturing,covered
IE,1998,CRF1A2,4690.19,manufacturing,covered
IE,1999,CRF1A2,4870.59,manufacturing,covered
IE,2000,CRF1A2,5650.41,manufacturing,covered
IE,2001,CRF1A2,5619.53,manufacturing,covered
IE,2002,CRF1A2,5287.62,manufacturing,covered
IE,2003,CRF1A2,5401.95,manufacturing,covered
IE,2004,CRF1A2,5462.34,manufacturing,covered
IE,2005,CRF1A2,5581.22,manufacturing,covered
IE,2006,CRF1A2,5380.14,manufacturing,covered
IE,2007,CRF1A2,5457.7,manufacturing,covered
IE,2008,CRF1A2,5298.51,manufacturing,covered
IE,2009,CRF1A2,4267.71,manufacturing,covered
IE,2010,CRF1A2,4220.64,manufacturing,covered
IE,2011,CRF1A2,3798.93,manufacturing,covered
IE,2012,CRF1A2,3879.5,manufacturing,covered
IE,2013,CRF1A2,4098.35,manufacturing,covered
IE,2014,CRF1A2,4162.16,manufacturing,covered
IE,2015,CRF1A2,4272.75,manufacturing,covered
IE,2016,CRF1A2,4356.05,manufacturing,covered
IE,2017,CRF1A2,4574.23,manufacturing,covered
IE,2018,CRF1A2,4775.0,manufacturing,covered
IE,2019,CRF1A2,4700.75,manufacturing,covered
IE,2020,CRF1A2,4706.65,manufacturing,covered
IE,2021,CRF1A2,4729.45,manufacturing,covered
IE,2022,CRF1A2,4472.65,manufacturing,covered
IE,2023,CRF1A2,4263.73,manufacturing,covered
IE,2024,CRF1A2,4261.66,manufacturing,covered
IS,1990,CRF1A2,305.43,manufacturing,covered
IS,1991,CRF1A2,228.12,manufacturing,covered
IS,1992,CRF1A2,290.88,manufacturing,covered
IS,1993,CRF1A2,306.0,manufacturing,covered
IS,1994,CRF1A2,286.8,manufacturing,covered
IS,1995,CRF1A2,293.7,manufacturing,covered
IS,1996,CRF1A2,334.73,manufacturing,covered
IS,1997,CRF1A2,396.15,manufacturing,covered
IS,1998,CRF1A2,373.65,manufacturing,covered
IS,1999,CRF1A2,388.84,manufacturing,covered
IS,2000,CRF1A2,349.67,manufacturing,covered
IS,2001,CRF1A2,383.58,manufacturing,covered
IS,2002,CRF1A2,387.86,manufacturing,covered
IS,2003,CRF1A2,362.96,manufacturing,covered
IS,2004,CRF1A2,368.61,manufacturing,covered
IS,2005,CRF1A2,323.49,manufacturing,covered
IS,2006,CRF1A2,329.47,manufacturing,covered
IS,2007,CRF1A2,319.18,manufacturing,covered
IS,2008,CRF1A2,296.88,manufacturing,covered
IS,2009,CRF1A2,190.21,manufacturing,covered
IS,2010,CRF1A2,137.4,manufacturing,covered
IS,2011,CRF1A2,137.62,manufacturing,covered
IS,2012,CRF1A2,118.09,manufacturing,covered
IS,2013,CRF1A2,112.73,manufacturing,covered
IS,2014,CRF1A2,77.78,manufacturing,covered
IS,2015,CRF1A2,105.82,manufacturing,covered
IS,2016,CRF1A2,128.49,manufacturing,covered
IS,2017,CRF1A2,99.45,manufacturing,covered
IS,2018,CRF1A2,95.39,manufacturing,covered
IS,2019,CRF1A2,82.06,manufacturing,covered
IS,2020,CRF1A2,57.16,manufacturing,covered
IS,2021,CRF1A2,74.37,manufacturing,covered
IS,2022,CRF1A2,127.6,manufacturing,covered
IS,2023,CRF1A2,104.31,manufacturing,covered
IS,2024,CRF1A2,127.66,manufacturing,covered
IT,1990,CRF1A2,90772.79,manufacturing,covered
IT,1991,CRF1A2,88060.55,manufacturing,covered
IT,1992,CRF1A2,88113.76,manufacturing,covered
IT,1993,CRF1A2,86808.36,manufacturing,covered
IT,1994,CRF1A2,88605.55,manufacturing,covered
IT,1995,CRF1A2,88970.41,manufacturing,covered
IT,1996,CRF1A2,88115.89,manufacturing,covered
IT,1997,CRF1A2,92175.94,manufacturing,covered
IT,1998,CRF1A2,95515.5,manufacturing,covered
IT,1999,CRF1A2,100496.58,manufacturing,covered
IT,2000,CRF1A2,94894.15,manufacturing,covered
IT,2001,CRF1A2,90273.8,manufacturing,covered
IT,2002,CRF1A2,88120.27,manufacturing,covered
IT,2003,CRF1A2,94205.37,manufacturing,covered
IT,2004,CRF1A2,93016.69,manufacturing,covered
IT,2005,CRF1A2,90787.36,manufacturing,covered
IT,2006,CRF1A2,87667.57,manufacturing,covered
IT,2007,CRF1A2,89776.62,manufacturing,covered
IT,2008,CRF1A2,85420.99,manufacturing,covered
IT,2009,CRF1A2,63484.01,manufacturing,covered
IT,2010,CRF1A2,68889.6,manufacturing,covered
IT,2011,CRF1A2,69690.98,manufacturing,covered
IT,2012,CRF1A2,65435.04,manufacturing,covered
IT,2013,CRF1A2,55688.42,manufacturing,covered
IT,2014,CRF1A2,51514.48,manufacturing,covered
IT,2015,CRF1A2,54542.43,manufacturing,covered
IT,2016,CRF1A2,53355.46,manufacturing,covered
IT,2017,CRF1A2,52131.77,manufacturing,covered
IT,2018,CRF1A2,53215.77,manufacturing,covered
IT,2019,CRF1A2,48972.22,manufacturing,covered
IT,2020,CRF1A2,44906.88,manufacturing,covered
IT,2021,CRF1A2,54068.76,manufacturing,covered
IT,2022,CRF1A2,52461.04,manufacturing,covered
IT,2023,CRF1A2,48698.71,manufacturing,covered
IT,2024,CRF1A2,45250.92,manufacturing,covered
LT,1990,CRF1A2,6105.82,manufacturing,covered
LT,1991,CRF1A2,6160.44,manufacturing,covered
LT,1992,CRF1A2,3017.41,manufacturing,covered
LT,1993,CRF1A2,1977.45,manufacturing,covered
LT,1994,CRF1A2,2023.23,manufacturing,covered
LT,1995,CRF1A2,1727.71,manufacturing,covered
LT,1996,CRF1A2,1519.22,manufacturing,covered
LT,1997,CRF1A2,1541.04,manufacturing,covered
LT,1998,CRF1A2,1511.0,manufacturing,covered
LT,1999,CRF1A2,1174.13,manufacturing,covered
LT,2000,CRF1A2,1074.65,manufacturing,covered
LT,2001,CRF1A2,1035.35,manufacturing,covered
LT,2002,CRF1A2,1097.59,manufacturing,covered
LT,2003,CRF1A2,1120.94,manufacturing,covered
LT,2004,CRF1A2,1200.24,manufacturing,covered
LT,2005,CRF1A2,1468.67,manufacturing,covered
LT,2006,CRF1A2,1610.67,manufacturing,covered
LT,2007,CRF1A2,1617.95,manufacturing,covered
LT,2008,CRF1A2,1458.64,manufacturing,covered
LT,2009,CRF1A2,1176.79,manufacturing,covered
LT,2010,CRF1A2,1273.66,manufacturing,covered
LT,2011,CRF1A2,1366.7,manufacturing,covered
LT,2012,CRF1A2,1464.98,manufacturing,covered
LT,2013,CRF1A2,1409.28,manufacturing,covered
LT,2014,CRF1A2,1289.89,manufacturing,covered
LT,2015,CRF1A2,1166.2,manufacturing,covered
LT,2016,CRF1A2,1123.69,manufacturing,covered
LT,2017,CRF1A2,1153.47,manufacturing,covered
LT,2018,CRF1A2,1225.9,manufacturing,covered
LT,2019,CRF1A2,1267.78,manufacturing,covered
LT,2020,CRF1A2,1152.91,manufacturing,covered
LT,2021,CRF1A2,1241.62,manufacturing,covered
LT,2022,CRF1A2,1188.44,manufacturing,covered
LT,2023,CRF1A2,1068.05,manufacturing,covered
LT,2024,CRF1A2,1101.34,manufacturing,covered
LU,1990,CRF1A2,6229.34,manufacturing,covered
LU,1991,CRF1A2,6057.6,manufacturing,covered
LU,1992,CRF1A2,5708.92,manufacturing,covered
LU,1993,CRF1A2,5847.07,manufacturing,covered
LU,1994,CRF1A2,5130.29,manufacturing,covered
LU,1995,CRF1A2,3276.4,manufacturing,covered
LU,1996,CRF1A2,3118.22,manufacturing,covered
LU,1997,CRF1A2,2351.9,manufacturing,covered
LU,1998,CRF1A2,1304.36,manufacturing,covered
LU,1999,CRF1A2,1394.38,manufacturing,covered
LU,2000,CRF1A2,1329.67,manufacturing,covered
LU,2001,CRF1A2,1411.2,manufacturing,covered
LU,2002,CRF1A2,1305.67,manufacturing,covered
LU,2003,CRF1A2,1259.13,manufacturing,covered
LU,2004,CRF1A2,1348.59,manufacturing,covered
LU,2005,CRF1A2,1357.71,manufacturing,covered
LU,2006,CRF1A2,1456.94,manufacturing,covered
LU,2007,CRF1A2,1370.53,manufacturing,covered
LU,2008,CRF1A2,1325.14,manufacturing,covered
LU,2009,CRF1A2,1198.77,manufacturing,covered
LU,2010,CRF1A2,1257.26,manufacturing,covered
LU,2011,CRF1A2,1282.09,manufacturing,covered
LU,2012,CRF1A2,1234.85,manufacturing,covered
LU,2013,CRF1A2,1187.96,manufacturing,covered
LU,2014,CRF1A2,1168.94,manufacturing,covered
LU,2015,CRF1A2,1132.87,manufacturing,covered
LU,2016,CRF1A2,1182.69,manufacturing,covered
LU,2017,CRF1A2,1165.52,manufacturing,covered
LU,2018,CRF1A2,1187.0,manufacturing,covered
LU,2019,CRF1A2,1218.89,manufacturing,covered
LU,2020,CRF1A2,1118.62,manufacturing,covered
LU,2021,CRF1A2,1149.59,manufacturing,covered
LU,2022,CRF1A2,991.53,manufacturing,covered
LU,2023,CRF1A2,873.99,manufacturing,covered
LU,2024,CRF1A2,932.95,manufacturing,covered
LV,1990,CRF1A2,3909.78,manufacturing,covered
LV,1991,CRF1A2,2944.09,manufacturing,covered
LV,1992,CRF1A2,2493.86,manufacturing,covered
LV,1993,CRF1A2,2159.66,manufacturing,covered
LV,1994,CRF1A2,1951.22,manufacturing,covered
LV,1995,CRF1A2,1905.58,manufacturing,covered
LV,1996,CRF1A2,1862.21,manufacturing,covered
LV,1997,CRF1A2,1802.86,manufacturing,covered
LV,1998,CRF1A2,1572.09,manufacturing,covered
LV,1999,CRF1A2,1422.61,manufacturing,covered
LV,2000,CRF1A2,1156.55,manufacturing,covered
LV,2001,CRF1A2,1055.2,manufacturing,covered
LV,2002,CRF1A2,1104.56,manufacturing,covered
LV,2003,CRF1A2,1123.71,manufacturing,covered
LV,2004,CRF1A2,1137.17,manufacturing,covered
LV,2005,CRF1A2,1143.59,manufacturing,covered
LV,2006,CRF1A2,1214.75,manufacturing,covered
LV,2007,CRF1A2,1209.45,manufacturing,covered
LV,2008,CRF1A2,1102.38,manufacturing,covered
LV,2009,CRF1A2,875.57,manufacturing,covered
LV,2010,CRF1A2,1073.71,manufacturing,covered
LV,2011,CRF1A2,872.49,manufacturing,covered
LV,2012,CRF1A2,917.06,manufacturing,covered
LV,2013,CRF1A2,761.63,manufacturing,covered
LV,2014,CRF1A2,691.29,manufacturing,covered
LV,2015,CRF1A2,640.34,manufacturing,covered
LV,2016,CRF1A2,576.87,manufacturing,covered
LV,2017,CRF1A2,619.25,manufacturing,covered
LV,2018,CRF1A2,704.21,manufacturing,covered
LV,2019,CRF1A2,625.85,manufacturing,covered
LV,2020,CRF1A2,608.2,manufacturing,covered
LV,2021,CRF1A2,605.5,manufacturing,covered
LV,2022,CRF1A2,545.96,manufacturing,covered
LV,2023,CRF1A2,585.24,manufacturing,covered
LV,2024,CRF1A2,565.36,manufacturing,covered
MT,1990,CRF1A2,52.67,manufacturing,covered
MT,1991,CRF1A2,54.61,manufacturing,covered
MT,1992,CRF1A2,63.49,manufacturing,covered
MT,1993,CRF1A2,65.16,manufacturing,covered
MT,1994,CRF1A2,70.49,manufacturing,covered
MT,1995,CRF1A2,75.31,manufacturing,covered
MT,1996,CRF1A2,75.96,manufacturing,covered
MT,1997,CRF1A2,78.3,manufacturing,covered
MT,1998,CRF1A2,59.72,manufacturing,covered
MT,1999,CRF1A2,63.46,manufacturing,covered
MT,2000,CRF1A2,62.44,manufacturing,covered
MT,2001,CRF1A2,56.46,manufacturing,covered
MT,2002,CRF1A2,59.59,manufacturing,covered
MT,2003,CRF1A2,64.04,manufacturing,covered
MT,2004,CRF1A2,64.18,manufacturing,covered
MT,2005,CRF1A2,27.76,manufacturing,covered
MT,2006,CRF1A2,30.66,manufacturing,covered
MT,2007,CRF1A2,36.86,manufacturing,covered
MT,2008,CRF1A2,36.86,manufacturing,covered
MT,2009,CRF1A2,24.62,manufacturing,covered
MT,2010,CRF1A2,30.75,manufacturing,covered
MT,2011,CRF1A2,15.27,manufacturing,covered
MT,2012,CRF1A2,27.75,manufacturing,covered
MT,2013,CRF1A2,53.48,manufacturing,covered
MT,2014,CRF1A2,62.7,manufacturing,covered
MT,2015,CRF1A2,59.7,manufacturing,covered
MT,2016,CRF1A2,59.51,manufacturing,covered
MT,2017,CRF1A2,53.5,manufacturing,covered
MT,2018,CRF1A2,53.67,manufacturing,covered
MT,2019,CRF1A2,62.26,manufacturing,covered
MT,2020,CRF1A2,81.03,manufacturing,covered
MT,2021,CRF1A2,85.28,manufacturing,covered
MT,2022,CRF1A2,93.78,manufacturing,covered
MT,2023,CRF1A2,38.96,manufacturing,covered
MT,2024,CRF1A2,40.44,manufacturing,covered
NL,1990,CRF1A2,29134.56,manufacturing,covered
NL,1991,CRF1A2,28962.4,manufacturing,covered
NL,1992,CRF1A2,28469.31,manufacturing,covered
NL,1993,CRF1A2,27611.04,manufacturing,covered
NL,1994,CRF1A2,27128.44,manufacturing,covered
NL,1995,CRF1A2,25915.96,manufacturing,covered
NL,1996,CRF1A2,26555.97,manufacturing,covered
NL,1997,CRF1A2,25761.66,manufacturing,covered
NL,1998,CRF1A2,24974.16,manufacturing,covered
NL,1999,CRF1A2,24358.38,manufacturing,covered
NL,2000,CRF1A2,23870.24,manufacturing,covered
NL,2001,CRF1A2,23235.57,manufacturing,covered
NL,2002,CRF1A2,22982.38,manufacturing,covered
NL,2003,CRF1A2,22777.38,manufacturing,covered
NL,2004,CRF1A2,22275.05,manufacturing,covered
NL,2005,CRF1A2,22499.44,manufacturing,covered
NL,2006,CRF1A2,21453.41,manufacturing,covered
NL,2007,CRF1A2,21544.91,manufacturing,covered
NL,2008,CRF1A2,20660.41,manufacturing,covered
NL,2009,CRF1A2,19022.2,manufacturing,covered
NL,2010,CRF1A2,20103.99,manufacturing,covered
NL,2011,CRF1A2,20297.83,manufacturing,covered
NL,2012,CRF1A2,20065.83,manufacturing,covered
NL,2013,CRF1A2,19640.03,manufacturing,covered
NL,2014,CRF1A2,18578.22,manufacturing,covered
NL,2015,CRF1A2,18855.1,manufacturing,covered
NL,2016,CRF1A2,20007.25,manufacturing,covered
NL,2017,CRF1A2,21300.15,manufacturing,covered
NL,2018,CRF1A2,20254.36,manufacturing,covered
NL,2019,CRF1A2,20091.32,manufacturing,covered
NL,2020,CRF1A2,20016.77,manufacturing,covered
NL,2021,CRF1A2,20432.63,manufacturing,covered
NL,2022,CRF1A2,18214.57,manufacturing,covered
NL,2023,CRF1A2,16912.28,manufacturing,covered
NL,2024,CRF1A2,17516.6,manufacturing,covered
NO,1990,CRF1A2,3374.81,manufacturing,covered
NO,1991,CRF1A2,3118.28,manufacturing,covered
NO,1992,CRF1A2,3185.3,manufacturing,covered
NO,1993,CRF1A2,3402.98,manufacturing,covered
NO,1994,CRF1A2,4010.47,manufacturing,covered
NO,1995,CRF1A2,3898.11,manufacturing,covered
NO,1996,CRF1A2,4350.85,manufacturing,covered
NO,1997,CRF1A2,4065.24,manufacturing,covered
NO,1998,CRF1A2,4086.37,manufacturing,covered
NO,1999,CRF1A2,3820.53,manufacturing,covered
NO,2000,CRF1A2,3433.74,manufacturing,covered
NO,2001,CRF1A2,3490.87,manufacturing,covered
NO,2002,CRF1A2,3352.92,manufacturing,covered
NO,2003,CRF1A2,3544.37,manufacturing,covered
NO,2004,CRF1A2,3372.28,manufacturing,covered
NO,2005,CRF1A2,3198.27,manufacturing,covered
NO,2006,CRF1A2,3503.79,manufacturing,covered
NO,2007,CRF1A2,3412.23,manufacturing,covered
NO,2008,CRF1A2,3312.76,manufacturing,covered
NO,2009,CRF1A2,3018.68,manufacturing,covered
NO,2010,CRF1A2,3316.49,manufacturing,covered
NO,2011,CRF1A2,3136.2,manufacturing,covered
NO,2012,CRF1A2,3006.87,manufacturing,covered
NO,2013,CRF1A2,3090.32,manufacturing,covered
NO,2014,CRF1A2,2880.88,manufacturing,covered
NO,2015,CRF1A2,2856.9,manufacturing,covered
NO,2016,CRF1A2,2832.36,manufacturing,covered
NO,2017,CRF1A2,2943.5,manufacturing,covered
NO,2018,CRF1A2,3044.73,manufacturing,covered
NO,2019,CRF1A2,2841.64,manufacturing,covered
NO,2020,CRF1A2,2610.61,manufacturing,covered
NO,2021,CRF1A2,2814.61,manufacturing,covered
NO,2022,CRF1A2,2780.64,manufacturing,covered
NO,2023,CRF1A2,2443.36,manufacturing,covered
NO,2024,CRF1A2,2305.2,manufacturing,covered
PL,1990,CRF1A2,42621.39,manufacturing,covered
PL,1991,CRF1A2,39447.34,manufacturing,covered
PL,1992,CRF1A2,36535.36,manufacturing,covered
PL,1993,CRF1A2,47480.68,manufacturing,covered
PL,1994,CRF1A2,48494.93,manufacturing,covered
PL,1995,CRF1A2,63009.9,manufacturing,covered
PL,1996,CRF1A2,67497.51,manufacturing,covered
PL,1997,CRF1A2,63748.5,manufacturing,covered
PL,1998,CRF1A2,53499.47,manufacturing,covered
PL,1999,CRF1A2,45660.95,manufacturing,covered
PL,2000,CRF1A2,45722.97,manufacturing,covered
PL,2001,CRF1A2,40398.65,manufacturing,covered
PL,2002,CRF1A2,38249.89,manufacturing,covered
PL,2003,CRF1A2,37375.82,manufacturing,covered
PL,2004,CRF1A2,38061.89,manufacturing,covered
PL,2005,CRF1A2,33672.86,manufacturing,covered
PL,2006,CRF1A2,33603.49,manufacturing,covered
PL,2007,CRF1A2,35878.91,manufacturing,covered
PL,2008,CRF1A2,31762.11,manufacturing,covered
PL,2009,CRF1A2,27838.35,manufacturing,covered
PL,2010,CRF1A2,29402.8,manufacturing,covered
PL,2011,CRF1A2,30324.78,manufacturing,covered
PL,2012,CRF1A2,29248.37,manufacturing,covered
PL,2013,CRF1A2,29042.79,manufacturing,covered
PL,2014,CRF1A2,29169.83,manufacturing,covered
PL,2015,CRF1A2,27704.09,manufacturing,covered
PL,2016,CRF1A2,28379.26,manufacturing,covered
PL,2017,CRF1A2,30734.69,manufacturing,covered
PL,2018,CRF1A2,31250.04,manufacturing,covered
PL,2019,CRF1A2,30876.93,manufacturing,covered
PL,2020,CRF1A2,28597.02,manufacturing,covered
PL,2021,CRF1A2,29884.21,manufacturing,covered
PL,2022,CRF1A2,27565.57,manufacturing,covered
PL,2023,CRF1A2,25403.94,manufacturing,covered
PL,2024,CRF1A2,25689.92,manufacturing,covered
PT,1990,CRF1A2,8853.27,manufacturing,covered
PT,1991,CRF1A2,9185.79,manufacturing,covered
PT,1992,CRF1A2,9312.02,manufacturing,covered
PT,1993,CRF1A2,9211.71,manufacturing,covered
PT,1994,CRF1A2,9627.95,manufacturing,covered
PT,1995,CRF1A2,9926.46,manufacturing,covered
PT,1996,CRF1A2,10146.77,manufacturing,covered
PT,1997,CRF1A2,11113.85,manufacturing,covered
PT,1998,CRF1A2,11117.89,manufacturing,covered
PT,1999,CRF1A2,11108.22,manufacturing,covered
PT,2000,CRF1A2,11334.06,manufacturing,covered
PT,2001,CRF1A2,10615.23,manufacturing,covered
PT,2002,CRF1A2,10822.68,manufacturing,covered
PT,2003,CRF1A2,10199.36,manufacturing,covered
PT,2004,CRF1A2,10687.26,manufacturing,covered
PT,2005,CRF1A2,10381.99,manufacturing,covered
PT,2006,CRF1A2,10112.6,manufacturing,covered
PT,2007,CRF1A2,10175.12,manufacturing,covered
PT,2008,CRF1A2,9513.05,manufacturing,covered
PT,2009,CRF1A2,8433.9,manufacturing,covered
PT,2010,CRF1A2,8962.57,manufacturing,covered
PT,2011,CRF1A2,8383.8,manufacturing,covered
PT,2012,CRF1A2,7479.16,manufacturing,covered
PT,2013,CRF1A2,7408.68,manufacturing,covered
PT,2014,CRF1A2,7444.6,manufacturing,covered
PT,2015,CRF1A2,7711.17,manufacturing,covered
PT,2016,CRF1A2,7123.56,manufacturing,covered
PT,2017,CRF1A2,7479.03,manufacturing,covered
PT,2018,CRF1A2,7405.25,manufacturing,covered
PT,2019,CRF1A2,7662.83,manufacturing,covered
PT,2020,CRF1A2,7483.58,manufacturing,covered
PT,2021,CRF1A2,7438.98,manufacturing,covered
PT,2022,CRF1A2,6633.71,manufacturing,covered
PT,2023,CRF1A2,5749.72,manufacturing,covered
PT,2024,CRF1A2,5633.88,manufacturing,covered
RO,1990,CRF1A2,53941.92,manufacturing,covered
RO,1991,CRF1A2,34724.06,manufacturing,covered
RO,1992,CRF1A2,35007.76,manufacturing,covered
RO,1993,CRF1A2,31566.89,manufacturing,covered
RO,1994,CRF1A2,29223.59,manufacturing,covered
RO,1995,CRF1A2,28815.45,manufacturing,covered
RO,1996,CRF1A2,28237.95,manufacturing,covered
RO,1997,CRF1A2,22431.02,manufacturing,covered
RO,1998,CRF1A2,18415.42,manufacturing,covered
RO,1999,CRF1A2,16920.94,manufacturing,covered
RO,2000,CRF1A2,17617.64,manufacturing,covered
RO,2001,CRF1A2,18981.8,manufacturing,covered
RO,2002,CRF1A2,19703.3,manufacturing,covered
RO,2003,CRF1A2,17674.61,manufacturing,covered
RO,2004,CRF1A2,18124.41,manufacturing,covered
RO,2005,CRF1A2,16880.26,manufacturing,covered
RO,2006,CRF1A2,16015.81,manufacturing,covered
RO,2007,CRF1A2,16156.52,manufacturing,covered
RO,2008,CRF1A2,16407.34,manufacturing,covered
RO,2009,CRF1A2,13600.94,manufacturing,covered
RO,2010,CRF1A2,11834.81,manufacturing,covered
RO,2011,CRF1A2,13073.1,manufacturing,covered
RO,2012,CRF1A2,13428.09,manufacturing,covered
RO,2013,CRF1A2,12616.78,manufacturing,covered
RO,2014,CRF1A2,12107.24,manufacturing,covered
RO,2015,CRF1A2,12409.02,manufacturing,covered
RO,2016,CRF1A2,11282.4,manufacturing,covered
RO,2017,CRF1A2,11364.04,manufacturing,covered
RO,2018,CRF1A2,12015.82,manufacturing,covered
RO,2019,CRF1A2,11748.38,manufacturing,covered
RO,2020,CRF1A2,11864.33,manufacturing,covered
RO,2021,CRF1A2,12691.36,manufacturing,covered
RO,2022,CRF1A2,11767.86,manufacturing,covered
RO,2023,CRF1A2,10663.01,manufacturing,covered
RO,2024,CRF1A2,11046.87,manufacturing,covered
SE,1990,CRF1A2,10646.82,manufacturing,covered
SE,1991,CRF1A2,10531.43,manufacturing,covered
SE,1992,CRF1A2,9681.03,manufacturing,covered
SE,1993,CRF1A2,10388.76,manufacturing,covered
SE,1994,CRF1A2,11398.69,manufacturing,covered
SE,1995,CRF1A2,11779.71,manufacturing,covered
SE,1996,CRF1A2,11706.45,manufacturing,covered
SE,1997,CRF1A2,12146.38,manufacturing,covered
SE,1998,CRF1A2,11541.86,manufacturing,covered
SE,1999,CRF1A2,10774.91,manufacturing,covered
SE,2000,CRF1A2,11105.27,manufacturing,covered
SE,2001,CRF1A2,11146.14,manufacturing,covered
SE,2002,CRF1A2,10875.4,manufacturing,covered
SE,2003,CRF1A2,10751.73,manufacturing,covered
SE,2004,CRF1A2,10388.43,manufacturing,covered
SE,2005,CRF1A2,9754.4,manufacturing,covered
SE,2006,CRF1A2,9811.14,manufacturing,covered
SE,2007,CRF1A2,9390.46,manufacturing,covered
SE,2008,CRF1A2,8769.11,manufacturing,covered
SE,2009,CRF1A2,7150.92,manufacturing,covered
SE,2010,CRF1A2,8378.66,manufacturing,covered
SE,2011,CRF1A2,7742.44,manufacturing,covered
SE,2012,CRF1A2,7182.3,manufacturing,covered
SE,2013,CRF1A2,6798.34,manufacturing,covered
SE,2014,CRF1A2,6630.0,manufacturing,covered
SE,2015,CRF1A2,6754.03,manufacturing,covered
SE,2016,CRF1A2,6522.19,manufacturing,covered
SE,2017,CRF1A2,6409.27,manufacturing,covered
SE,2018,CRF1A2,6531.34,manufacturing,covered
SE,2019,CRF1A2,6526.06,manufacturing,covered
SE,2020,CRF1A2,5882.94,manufacturing,covered
SE,2021,CRF1A2,6008.4,manufacturing,covered
SE,2022,CRF1A2,5719.77,manufacturing,covered
SE,2023,CRF1A2,5620.78,manufacturing,covered
SE,2024,CRF1A2,5823.65,manufacturing,covered
SI,1990,CRF1A2,3067.46,manufacturing,covered
SI,1991,CRF1A2,3053.27,manufacturing,covered
SI,1992,CRF1A2,2564.89,manufacturing,covered
SI,1993,CRF1A2,2498.56,manufacturing,covered
SI,1994,CRF1A2,2660.13,manufacturing,covered
SI,1995,CRF1A2,2606.67,manufacturing,covered
SI,1996,CRF1A2,2497.01,manufacturing,covered
SI,1997,CRF1A2,2274.67,manufacturing,covered
SI,1998,CRF1A2,2254.32,manufacturing,covered
SI,1999,CRF1A2,2275.34,manufacturing,covered
SI,2000,CRF1A2,2270.2,manufacturing,covered
SI,2001,CRF1A2,2188.9,manufacturing,covered
SI,2002,CRF1A2,2220.79,manufacturing,covered
SI,2003,CRF1A2,2150.98,manufacturing,covered
SI,2004,CRF1A2,2299.86,manufacturing,covered
SI,2005,CRF1A2,2437.47,manufacturing,covered
SI,2006,CRF1A2,2567.52,manufacturing,covered
SI,2007,CRF1A2,2335.11,manufacturing,covered
SI,2008,CRF1A2,2306.06,manufacturing,covered
SI,2009,CRF1A2,1932.98,manufacturing,covered
SI,2010,CRF1A2,1911.58,manufacturing,covered
SI,2011,CRF1A2,1714.8,manufacturing,covered
SI,2012,CRF1A2,1646.36,manufacturing,covered
SI,2013,CRF1A2,1641.11,manufacturing,covered
SI,2014,CRF1A2,1645.33,manufacturing,covered
SI,2015,CRF1A2,1591.0,manufacturing,covered
SI,2016,CRF1A2,1602.03,manufacturing,covered
SI,2017,CRF1A2,1682.71,manufacturing,covered
SI,2018,CRF1A2,1804.3,manufacturing,covered
SI,2019,CRF1A2,1731.48,manufacturing,covered
SI,2020,CRF1A2,1689.79,manufacturing,covered
SI,2021,CRF1A2,1719.19,manufacturing,covered
SI,2022,CRF1A2,1596.13,manufacturing,covered
SI,2023,CRF1A2,1491.97,manufacturing,covered
SI,2024,CRF1A2,1473.91,manufacturing,covered
SK,1990,CRF1A2,16027.09,manufacturing,covered
SK,1991,CRF1A2,14724.13,manufacturing,covered
SK,1992,CRF1A2,13622.84,manufacturing,covered
SK,1993,CRF1A2,12844.21,manufacturing,covered
SK,1994,CRF1A2,12209.85,manufacturing,covered
SK,1995,CRF1A2,11760.49,manufacturing,covered
SK,1996,CRF1A2,11316.42,manufacturing,covered
SK,1997,CRF1A2,10951.23,manufacturing,covered
SK,1998,CRF1A2,10299.93,manufacturing,covered
SK,1999,CRF1A2,9745.89,manufacturing,covered
SK,2000,CRF1A2,9389.72,manufacturing,covered
SK,2001,CRF1A2,9449.47,manufacturing,covered
SK,2002,CRF1A2,8329.54,manufacturing,covered
SK,2003,CRF1A2,9186.66,manufacturing,covered
SK,2004,CRF1A2,8516.43,manufacturing,covered
SK,2005,CRF1A2,8530.17,manufacturing,covered
SK,2006,CRF1A2,9155.17,manufacturing,covered
SK,2007,CRF1A2,8266.1,manufacturing,covered
SK,2008,CRF1A2,8091.14,manufacturing,covered
SK,2009,CRF1A2,7657.24,manufacturing,covered
SK,2010,CRF1A2,7612.51,manufacturing,covered
SK,2011,CRF1A2,8748.59,manufacturing,covered
SK,2012,CRF1A2,6985.85,manufacturing,covered
SK,2013,CRF1A2,7130.73,manufacturing,covered
SK,2014,CRF1A2,7249.29,manufacturing,covered
SK,2015,CRF1A2,6713.23,manufacturing,covered
SK,2016,CRF1A2,6660.33,manufacturing,covered
SK,2017,CRF1A2,7082.91,manufacturing,covered
SK,2018,CRF1A2,7580.54,manufacturing,covered
SK,2019,CRF1A2,6278.55,manufacturing,covered
SK,2020,CRF1A2,5882.12,manufacturing,covered
SK,2021,CRF1A2,6983.44,manufacturing,covered
SK,2022,CRF1A2,5873.92,manufacturing,covered
SK,2023,CRF1A2,5627.04,manufacturing,covered
SK,2024,CRF1A2,5392.38,manufacturing,covered
TR,1990,CRF1A2,37003.99,manufacturing,covered
TR,1991,CRF1A2,40161.67,manufacturing,covered
TR,1992,CRF1A2,39167.89,manufacturing,covered
TR,1993,CRF1A2,39832.38,manufacturing,covered
TR,1994,CRF1A2,35740.92,manufacturing,covered
TR,1995,CRF1A2,39842.82,manufacturing,covered
TR,1996,CRF1A2,50376.21,manufacturing,covered
TR,1997,CRF1A2,55793.93,manufacturing,covered
TR,1998,CRF1A2,55221.22,manufacturing,covered
TR,1999,CRF1A2,47157.76,manufacturing,covered
TR,2000,CRF1A2,57657.32,manufacturing,covered
TR,2001,CRF1A2,45469.59,manufacturing,covered
TR,2002,CRF1A2,56855.7,manufacturing,covered
TR,2003,CRF1A2,66387.6,manufacturing,covered
TR,2004,CRF1A2,63557.97,manufacturing,covered
TR,2005,CRF1A2,62731.09,manufacturing,covered
TR,2006,CRF1A2,69749.05,manufacturing,covered
TR,2007,CRF1A2,71520.7,manufacturing,covered
TR,2008,CRF1A2,47168.69,manufacturing,covered
TR,2009,CRF1A2,46033.98,manufacturing,covered
TR,2010,CRF1A2,52128.6,manufacturing,covered
TR,2011,CRF1A2,52389.66,manufacturing,covered
TR,2012,CRF1A2,60835.54,manufacturing,covered
TR,2013,CRF1A2,52777.16,manufacturing,covered
TR,2014,CRF1A2,54236.81,manufacturing,covered
TR,2015,CRF1A2,59361.53,manufacturing,covered
TR,2016,CRF1A2,59840.74,manufacturing,covered
TR,2017,CRF1A2,59956.8,manufacturing,covered
TR,2018,CRF1A2,60949.15,manufacturing,covered
TR,2019,CRF1A2,56073.91,manufacturing,covered
TR,2020,CRF1A2,61908.74,manufacturing,covered
TR,2021,CRF1A2,68558.02,manufacturing,covered
TR,2022,CRF1A2,65224.59,manufacturing,covered
TR,2023,CRF1A2,61577.8,manufacturing,covered
TR,2024,CRF1A2,66453.75,manufacturing,covered
AT,1990,CRF1A3B,13280.26,road_transport,uncovered
AT,1991,CRF1A3B,14750.0,road_transport,uncovered
AT,1992,CRF1A3B,14725.09,road_transport,uncovered
AT,1993,CRF1A3B,14864.88,road_transport,uncovered
AT,1994,CRF1A3B,14912.85,road_transport,uncovered
AT,1995,CRF1A3B,15184.52,road_transport,uncovered
AT,1996,CRF1A3B,16746.27,road_transport,uncovered
AT,1997,CRF1A3B,15763.33,road_transport,uncovered
AT,1998,CRF1A3B,17740.15,road_transport,uncovered
AT,1999,CRF1A3B,17124.08,road_transport,uncovered
AT,2000,CRF1A3B,18031.83,road_transport,uncovered
AT,2001,CRF1A3B,19370.59,road_transport,uncovered
AT,2002,CRF1A3B,21495.31,road_transport,uncovered
AT,2003,CRF1A3B,23239.08,road_transport,uncovered
AT,2004,CRF1A3B,23747.96,road_transport,uncovered
AT,2005,CRF1A3B,24091.41,road_transport,uncovered
AT,2006,CRF1A3B,22724.57,road_transport,uncovered
AT,2007,CRF1A3B,22927.51,road_transport,uncovered
AT,2008,CRF1A3B,21494.83,road_transport,uncovered
AT,2009,CRF1A3B,20878.31,road_transport,uncovered
AT,2010,CRF1A3B,21664.58,road_transport,uncovered
AT,2011,CRF1A3B,20924.08,road_transport,uncovered
AT,2012,CRF1A3B,20857.01,road_transport,uncovered
AT,2013,CRF1A3B,21891.45,road_transport,uncovered
AT,2014,CRF1A3B,21291.93,road_transport,uncovered
AT,2015,CRF1A3B,21704.72,road_transport,uncovered
AT,2016,CRF1A3B,22545.78,road_transport,uncovered
AT,2017,CRF1A3B,23182.28,road_transport,uncovered
AT,2018,CRF1A3B,23337.48,road_transport,uncovered
AT,2019,CRF1A3B,23414.28,road_transport,uncovered
AT,2020,CRF1A3B,20303.98,road_transport,uncovered
AT,2021,CRF1A3B,21171.47,road_transport,uncovered
AT,2022,CRF1A3B,20206.27,road_transport,uncovered
AT,2023,CRF1A3B,19414.69,road_transport,uncovered
AT,2024,CRF1A3B,18869.12,road_transport,uncovered
BE,1990,CRF1A3B,19675.29,road_transport,uncovered
BE,1991,CRF1A3B,19868.15,road_transport,uncovered
BE,1992,CRF1A3B,20617.65,road_transport,uncovered
BE,1993,CRF1A3B,21129.25,road_transport,uncovered
BE,1994,CRF1A3B,21613.5,road_transport,uncovered
BE,1995,CRF1A3B,21690.37,road_transport,uncovered
BE,1996,CRF1A3B,22105.82,road_transport,uncovered
BE,1997,CRF1A3B,22358.09,road_transport,uncovered
BE,1998,CRF1A3B,23045.8,road_transport,uncovered
BE,1999,CRF1A3B,23352.02,road_transport,uncovered
BE,2000,CRF1A3B,23710.19,road_transport,uncovered
BE,2001,CRF1A3B,24305.81,road_transport,uncovered
BE,2002,CRF1A3B,24619.54,road_transport,uncovered
BE,2003,CRF1A3B,25174.84,road_transport,uncovered
BE,2004,CRF1A3B,26226.17,road_transport,uncovered
BE,2005,CRF1A3B,25501.24,road_transport,uncovered
BE,2006,CRF1A3B,26122.89,road_transport,uncovered
BE,2007,CRF1A3B,26926.11,road_transport,uncovered
BE,2008,CRF1A3B,27000.72,road_transport,uncovered
BE,2009,CRF1A3B,26304.04,road_transport,uncovered
BE,2010,CRF1A3B,25426.36,road_transport,uncovered
BE,2011,CRF1A3B,25054.59,road_transport,uncovered
BE,2012,CRF1A3B,24292.33,road_transport,uncovered
BE,2013,CRF1A3B,23816.48,road_transport,uncovered
BE,2014,CRF1A3B,24157.36,road_transport,uncovered
BE,2015,CRF1A3B,25786.71,road_transport,uncovered
BE,2016,CRF1A3B,25534.28,road_transport,uncovered
BE,2017,CRF1A3B,24951.47,road_transport,uncovered
BE,2018,CRF1A3B,25089.54,road_transport,uncovered
BE,2019,CRF1A3B,24818.91,road_transport,uncovered
BE,2020,CRF1A3B,20634.69,road_transport,uncovered
BE,2021,CRF1A3B,22829.71,road_transport,uncovered
BE,2022,CRF1A3B,22996.06,road_transport,uncovered
BE,2023,CRF1A3B,23435.8,road_transport,uncovered
BE,2024,CRF1A3B,23711.01,road_transport,uncovered
BG,1990,CRF1A3B,5786.4,road_transport,uncovered
BG,1991,CRF1A3B,3181.46,road_transport,uncovered
BG,1992,CRF1A3B,3442.83,road_transport,uncovered
BG,1993,CRF1A3B,3903.85,road_transport,uncovered
BG,1994,CRF1A3B,3621.06,road_transport,uncovered
BG,1995,CRF1A3B,3929.39,road_transport,uncovered
BG,1996,CRF1A3B,3947.79,road_transport,uncovered
BG,1997,CRF1A3B,4021.53,road_transport,uncovered
BG,1998,CRF1A3B,4994.68,road_transport,uncovered
BG,1999,CRF1A3B,5159.53,road_transport,uncovered
BG,2000,CRF1A3B,4845.45,road_transport,uncovered
BG,2001,CRF1A3B,5016.73,road_transport,uncovered
BG,2002,CRF1A3B,5301.59,road_transport,uncovered
BG,2003,CRF1A3B,6025.74,road_transport,uncovered
BG,2004,CRF1A3B,6466.76,road_transport,uncovered
BG,2005,CRF1A3B,7097.74,road_transport,uncovered
BG,2006,CRF1A3B,7525.93,road_transport,uncovered
BG,2007,CRF1A3B,7247.68,road_transport,uncovered
BG,2008,CRF1A3B,7708.53,road_transport,uncovered
BG,2009,CRF1A3B,7675.69,road_transport,uncovered
BG,2010,CRF1A3B,7472.76,road_transport,uncovered
BG,2011,CRF1A3B,7495.32,road_transport,uncovered
BG,2012,CRF1A3B,7836.0,road_transport,uncovered
BG,2013,CRF1A3B,6850.05,road_transport,uncovered
BG,2014,CRF1A3B,7865.2,road_transport,uncovered
BG,2015,CRF1A3B,8671.24,road_transport,uncovered
BG,2016,CRF1A3B,8792.92,road_transport,uncovered
BG,2017,CRF1A3B,8865.49,road_transport,uncovered
BG,2018,CRF1A3B,9164.27,road_transport,uncovered
BG,2019,CRF1A3B,9515.4,road_transport,uncovered
BG,2020,CRF1A3B,8993.12,road_transport,uncovered
BG,2021,CRF1A3B,9635.38,road_transport,uncovered
BG,2022,CRF1A3B,9584.71,road_transport,uncovered
BG,2023,CRF1A3B,9775.34,road_transport,uncovered
BG,2024,CRF1A3B,10356.14,road_transport,uncovered
CH,1990,CRF1A3B,13960.35,road_transport,uncovered
CH,1991,CRF1A3B,14460.5,road_transport,uncovered
CH,1992,CRF1A3B,14772.29,road_transport,uncovered
CH,1993,CRF1A3B,13721.28,road_transport,uncovered
CH,1994,CRF1A3B,13901.22,road_transport,uncovered
CH,1995,CRF1A3B,13602.85,road_transport,uncovered
CH,1996,CRF1A3B,13663.71,road_transport,uncovered
CH,1997,CRF1A3B,14222.84,road_transport,uncovered
CH,1998,CRF1A3B,14446.02,road_transport,uncovered
CH,1999,CRF1A3B,15051.77,road_transport,uncovered
CH,2000,CRF1A3B,15307.78,road_transport,uncovered
CH,2001,CRF1A3B,15046.95,road_transport,uncovered
CH,2002,CRF1A3B,14963.93,road_transport,uncovered
CH,2003,CRF1A3B,15153.94,road_transport,uncovered
CH,2004,CRF1A3B,15283.33,road_transport,uncovered
CH,2005,CRF1A3B,15381.17,road_transport,uncovered
CH,2006,CRF1A3B,15473.37,road_transport,uncovered
CH,2007,CRF1A3B,15794.59,road_transport,uncovered
CH,2008,CRF1A3B,16160.61,road_transport,uncovered
CH,2009,CRF1A3B,15981.06,road_transport,uncovered
CH,2010,CRF1A3B,15878.46,road_transport,uncovered
CH,2011,CRF1A3B,15691.88,road_transport,uncovered
CH,2012,CRF1A3B,15807.36,road_transport,uncovered
CH,2013,CRF1A3B,15747.84,road_transport,uncovered
CH,2014,CRF1A3B,15612.2,road_transport,uncovered
CH,2015,CRF1A3B,14889.0,road_transport,uncovered
CH,2016,CRF1A3B,14749.43,road_transport,uncovered
CH,2017,CRF1A3B,14505.55,road_transport,uncovered
CH,2018,CRF1A3B,14516.96,road_transport,uncovered
CH,2019,CRF1A3B,14471.57,road_transport,uncovered
CH,2020,CRF1A3B,13219.69,road_transport,uncovered
CH,2021,CRF1A3B,13439.67,road_transport,uncovered
CH,2022,CRF1A3B,13238.76,road_transport,uncovered
CH,2023,CRF1A3B,13272.59,road_transport,uncovered
CH,2024,CRF1A3B,12975.65,road_transport,uncovered
CY,1990,CRF1A3B,1191.24,road_transport,uncovered
CY,1991,CRF1A3B,1188.3,road_transport,uncovered
CY,1992,CRF1A3B,1335.61,road_transport,uncovered
CY,1993,CRF1A3B,1354.86,road_transport,uncovered
CY,1994,CRF1A3B,1409.44,road_transport,uncovered
CY,1995,CRF1A3B,1495.97,road_transport,uncovered
CY,1996,CRF1A3B,1547.32,road_transport,uncovered
CY,1997,CRF1A3B,1614.56,road_transport,uncovered
CY,1998,CRF1A3B,1691.4,road_transport,uncovered
CY,1999,CRF1A3B,1736.41,road_transport,uncovered
CY,2000,CRF1A3B,1778.17,road_transport,uncovered
CY,2001,CRF1A3B,1836.08,road_transport,uncovered
CY,2002,CRF1A3B,1820.27,road_transport,uncovered
CY,2003,CRF1A3B,1929.41,road_transport,uncovered
CY,2004,CRF1A3B,2035.28,road_transport,uncovered
CY,2005,CRF1A3B,2077.15,road_transport,uncovered
CY,2006,CRF1A3B,2067.89,road_transport,uncovered
CY,2007,CRF1A3B,2208.51,road_transport,uncovered
CY,2008,CRF1A3B,2298.5,road_transport,uncovered
CY,2009,CRF1A3B,2302.18,road_transport,uncovered
CY,2010,CRF1A3B,2349.62,road_transport,uncovered
CY,2011,CRF1A3B,2285.01,road_transport,uncovered
CY,2012,CRF1A3B,2111.94,road_transport,uncovered
CY,2013,CRF1A3B,1901.22,road_transport,uncovered
CY,2014,CRF1A3B,1834.59,road_transport,uncovered
CY,2015,CRF1A3B,1897.21,road_transport,uncovered
CY,2016,CRF1A3B,2015.5,road_transport,uncovered
CY,2017,CRF1A3B,2078.32,road_transport,uncovered
CY,2018,CRF1A3B,2089.11,road_transport,uncovered
CY,2019,CRF1A3B,2115.5,road_transport,uncovered
CY,2020,CRF1A3B,1894.74,road_transport,uncovered
CY,2021,CRF1A3B,2026.88,road_transport,uncovered
CY,2022,CRF1A3B,1993.68,road_transport,uncovered
CY,2023,CRF1A3B,2055.05,road_transport,uncovered
CY,2024,CRF1A3B,2078.65,road_transport,uncovered
CZ,1990,CRF1A3B,10251.31,road_transport,uncovered
CZ,1991,CRF1A3B,9343.59,road_transport,uncovered
CZ,1992,CRF1A3B,9778.8,road_transport,uncovered
CZ,1993,CRF1A3B,9452.16,road_transport,uncovered
CZ,1994,CRF1A3B,10349.14,road_transport,uncovered
CZ,1995,CRF1A3B,9601.1,road_transport,uncovered
CZ,1996,CRF1A3B,9817.82,road_transport,uncovered
CZ,1997,CRF1A3B,9747.55,road_transport,uncovered
CZ,1998,CRF1A3B,11051.18,road_transport,uncovered
CZ,1999,CRF1A3B,11270.1,road_transport,uncovered
CZ,2000,CRF1A3B,11415.37,road_transport,uncovered
CZ,2001,CRF1A3B,12268.53,road_transport,uncovered
CZ,2002,CRF1A3B,12854.72,road_transport,uncovered
CZ,2003,CRF1A3B,14641.16,road_transport,uncovered
CZ,2004,CRF1A3B,15404.71,road_transport,uncovered
CZ,2005,CRF1A3B,16722.17,road_transport,uncovered
CZ,2006,CRF1A3B,17033.79,road_transport,uncovered
CZ,2007,CRF1A3B,17916.79,road_transport,uncovered
CZ,2008,CRF1A3B,17698.47,road_transport,uncovered
CZ,2009,CRF1A3B,17125.43,road_transport,uncovered
CZ,2010,CRF1A3B,16127.8,road_transport,uncovered
CZ,2011,CRF1A3B,15974.5,road_transport,uncovered
CZ,2012,CRF1A3B,15761.31,road_transport,uncovered
CZ,2013,CRF1A3B,15646.48,road_transport,uncovered
CZ,2014,CRF1A3B,16150.88,road_transport,uncovered
CZ,2015,CRF1A3B,16912.77,road_transport,uncovered
CZ,2016,CRF1A3B,17645.83,road_transport,uncovered
CZ,2017,CRF1A3B,18113.82,road_transport,uncovered
CZ,2018,CRF1A3B,18310.93,road_transport,uncovered
CZ,2019,CRF1A3B,18472.79,road_transport,uncovered
CZ,2020,CRF1A3B,17183.99,road_transport,uncovered
CZ,2021,CRF1A3B,18429.76,road_transport,uncovered
CZ,2022,CRF1A3B,18909.6,road_transport,uncovered
CZ,2023,CRF1A3B,19435.36,road_transport,uncovered
CZ,2024,CRF1A3B,20152.39,road_transport,uncovered
DE,1990,CRF1A3B,151889.81,road_transport,uncovered
DE,1991,CRF1A3B,155595.15,road_transport,uncovered
DE,1992,CRF1A3B,161489.78,road_transport,uncovered
DE,1993,CRF1A3B,165982.57,road_transport,uncovered
DE,1994,CRF1A3B,162377.14,road_transport,uncovered
DE,1995,CRF1A3B,166451.97,road_transport,uncovered
DE,1996,CRF1A3B,166484.91,road_transport,uncovered
DE,1997,CRF1A3B,167393.05,road_transport,uncovered
DE,1998,CRF1A3B,170835.3,road_transport,uncovered
DE,1999,CRF1A3B,176348.42,road_transport,uncovered
DE,2000,CRF1A3B,172541.33,road_transport,uncovered
DE,2001,CRF1A3B,169013.72,road_transport,uncovered
DE,2002,CRF1A3B,167277.59,road_transport,uncovered
DE,2003,CRF1A3B,160359.96,road_transport,uncovered
DE,2004,CRF1A3B,160329.86,road_transport,uncovered
DE,2005,CRF1A3B,153733.57,road_transport,uncovered
DE,2006,CRF1A3B,155007.55,road_transport,uncovered
DE,2007,CRF1A3B,145414.17,road_transport,uncovered
DE,2008,CRF1A3B,144777.91,road_transport,uncovered
DE,2009,CRF1A3B,144976.11,road_transport,uncovered
DE,2010,CRF1A3B,145430.38,road_transport,uncovered
DE,2011,CRF1A3B,147121.73,road_transport,uncovered
DE,2012,CRF1A3B,145739.66,road_transport,uncovered
DE,2013,CRF1A3B,149816.73,road_transport,uncovered
DE,2014,CRF1A3B,151444.02,road_transport,uncovered
DE,2015,CRF1A3B,154675.03,road_transport,uncovered
DE,2016,CRF1A3B,157431.8,road_transport,uncovered
DE,2017,CRF1A3B,160958.11,road_transport,uncovered
DE,2018,CRF1A3B,156409.22,road_transport,uncovered
DE,2019,CRF1A3B,157196.36,road_transport,uncovered
DE,2020,CRF1A3B,140845.57,road_transport,uncovered
DE,2021,CRF1A3B,142074.58,road_transport,uncovered
DE,2022,CRF1A3B,143302.86,road_transport,uncovered
DE,2023,CRF1A3B,139702.21,road_transport,uncovered
DE,2024,CRF1A3B,139371.62,road_transport,uncovered
DK,1990,CRF1A3B,9336.67,road_transport,uncovered
DK,1991,CRF1A3B,9748.61,road_transport,uncovered
DK,1992,CRF1A3B,9918.59,road_transport,uncovered
DK,1993,CRF1A3B,10040.12,road_transport,uncovered
DK,1994,CRF1A3B,10532.16,road_transport,uncovered
DK,1995,CRF1A3B,10624.78,road_transport,uncovered
DK,1996,CRF1A3B,10798.89,road_transport,uncovered
DK,1997,CRF1A3B,11007.65,road_transport,uncovered
DK,1998,CRF1A3B,11192.18,road_transport,uncovered
DK,1999,CRF1A3B,11334.75,road_transport,uncovered
DK,2000,CRF1A3B,11221.29,road_transport,uncovered
DK,2001,CRF1A3B,11247.93,road_transport,uncovered
DK,2002,CRF1A3B,11384.52,road_transport,uncovered
DK,2003,CRF1A3B,11850.04,road_transport,uncovered
DK,2004,CRF1A3B,12166.31,road_transport,uncovered
DK,2005,CRF1A3B,12268.42,road_transport,uncovered
DK,2006,CRF1A3B,12644.89,road_transport,uncovered
DK,2007,CRF1A3B,13239.71,road_transport,uncovered
DK,2008,CRF1A3B,12925.84,road_transport,uncovered
DK,2009,CRF1A3B,12223.21,road_transport,uncovered
DK,2010,CRF1A3B,12152.58,road_transport,uncovered
DK,2011,CRF1A3B,11872.83,road_transport,uncovered
DK,2012,CRF1A3B,11336.63,road_transport,uncovered
DK,2013,CRF1A3B,11147.1,road_transport,uncovered
DK,2014,CRF1A3B,11362.07,road_transport,uncovered
DK,2015,CRF1A3B,11582.04,road_transport,uncovered
DK,2016,CRF1A3B,11779.66,road_transport,uncovered
DK,2017,CRF1A3B,11952.26,road_transport,uncovered
DK,2018,CRF1A3B,12242.25,road_transport,uncovered
DK,2019,CRF1A3B,12042.83,road_transport,uncovered
DK,2020,CRF1A3B,11067.42,road_transport,uncovered
DK,2021,CRF1A3B,11208.05,road_transport,uncovered
DK,2022,CRF1A3B,11071.52,road_transport,uncovered
DK,2023,CRF1A3B,10974.08,road_transport,uncovered
DK,2024,CRF1A3B,9846.81,road_transport,uncovered
EE,1990,CRF1A3B,2234.91,road_transport,uncovered
EE,1991,CRF1A3B,2018.69,road_transport,uncovered
EE,1992,CRF1A3B,1013.11,road_transport,uncovered
EE,1993,CRF1A3B,1143.17,road_transport,uncovered
EE,1994,CRF1A3B,1444.89,road_transport,uncovered
EE,1995,CRF1A3B,1424.13,road_transport,uncovered
EE,1996,CRF1A3B,1488.36,road_transport,uncovered
EE,1997,CRF1A3B,1595.03,road_transport,uncovered
EE,1998,CRF1A3B,1633.31,road_transport,uncovered
EE,1999,CRF1A3B,1500.05,road_transport,uncovered
EE,2000,CRF1A3B,1482.02,road_transport,uncovered
EE,2001,CRF1A3B,1808.09,road_transport,uncovered
EE,2002,CRF1A3B,1891.19,road_transport,uncovered
EE,2003,CRF1A3B,1838.57,road_transport,uncovered
EE,2004,CRF1A3B,1897.19,road_transport,uncovered
EE,2005,CRF1A3B,1964.56,road_transport,uncovered
EE,2006,CRF1A3B,2105.4,road_transport,uncovered
EE,2007,CRF1A3B,2235.68,road_transport,uncovered
EE,2008,CRF1A3B,2187.41,road_transport,uncovered
EE,2009,CRF1A3B,1980.69,road_transport,uncovered
EE,2010,CRF1A3B,2064.35,road_transport,uncovered
EE,2011,CRF1A3B,2116.88,road_transport,uncovered
EE,2012,CRF1A3B,2156.94,road_transport,uncovered
EE,2013,CRF1A3B,2122.88,road_transport,uncovered
EE,2014,CRF1A3B,2142.33,road_transport,uncovered
EE,2015,CRF1A3B,2206.67,road_transport,uncovered
EE,2016,CRF1A3B,2271.56,road_transport,uncovered
EE,2017,CRF1A3B,2348.24,road_transport,uncovered
EE,2018,CRF1A3B,2375.4,road_transport,uncovered
EE,2019,CRF1A3B,2329.35,road_transport,uncovered
EE,2020,CRF1A3B,2162.75,road_transport,uncovered
EE,2021,CRF1A3B,2281.56,road_transport,uncovered
EE,2022,CRF1A3B,2353.31,road_transport,uncovered
EE,2023,CRF1A3B,2345.72,road_transport,uncovered
EE,2024,CRF1A3B,2373.03,road_transport,uncovered
EL,1990,CRF1A3B,11793.06,road_transport,uncovered
EL,1991,CRF1A3B,12631.88,road_transport,uncovered
EL,1992,CRF1A3B,12938.22,road_transport,uncovered
EL,1993,CRF1A3B,13238.69,road_transport,uncovered
EL,1994,CRF1A3B,13424.13,road_transport,uncovered
EL,1995,CRF1A3B,13856.47,road_transport,uncovered
EL,1996,CRF1A3B,14524.38,road_transport,uncovered
EL,1997,CRF1A3B,14863.72,road_transport,uncovered
EL,1998,CRF1A3B,15612.53,road_transport,uncovered
EL,1999,CRF1A3B,15892.14,road_transport,uncovered
EL,2000,CRF1A3B,16087.03,road_transport,uncovered
EL,2001,CRF1A3B,16437.98,road_transport,uncovered
EL,2002,CRF1A3B,17043.38,road_transport,uncovered
EL,2003,CRF1A3B,18076.63,road_transport,uncovered
EL,2004,CRF1A3B,18193.26,road_transport,uncovered
EL,2005,CRF1A3B,18681.69,road_transport,uncovered
EL,2006,CRF1A3B,19109.11,road_transport,uncovered
EL,2007,CRF1A3B,19881.39,road_transport,uncovered
EL,2008,CRF1A3B,19445.44,road_transport,uncovered
EL,2009,CRF1A3B,21295.88,road_transport,uncovered
EL,2010,CRF1A3B,19187.88,road_transport,uncovered
EL,2011,CRF1A3B,17545.19,road_transport,uncovered
EL,2012,CRF1A3B,14231.96,road_transport,uncovered
EL,2013,CRF1A3B,14457.98,road_transport,uncovered
EL,2014,CRF1A3B,14317.59,road_transport,uncovered
EL,2015,CRF1A3B,14555.69,road_transport,uncovered
EL,2016,CRF1A3B,14787.9,road_transport,uncovered
EL,2017,CRF1A3B,14533.96,road_transport,uncovered
EL,2018,CRF1A3B,14592.54,road_transport,uncovered
EL,2019,CRF1A3B,15010.61,road_transport,uncovered
EL,2020,CRF1A3B,13136.46,road_transport,uncovered
EL,2021,CRF1A3B,14263.55,road_transport,uncovered
EL,2022,CRF1A3B,15213.16,road_transport,uncovered
EL,2023,CRF1A3B,14756.11,road_transport,uncovered
EL,2024,CRF1A3B,15336.18,road_transport,uncovered
ES,1990,CRF1A3B,50429.36,road_transport,uncovered
ES,1991,CRF1A3B,53332.55,road_transport,uncovered
ES,1992,CRF1A3B,56971.05,road_transport,uncovered
ES,1993,CRF1A3B,56480.45,road_transport,uncovered
ES,1994,CRF1A3B,59549.2,road_transport,uncovered
ES,1995,CRF1A3B,60411.41,road_transport,uncovered
ES,1996,CRF1A3B,64326.19,road_transport,uncovered
ES,1997,CRF1A3B,65012.22,road_transport,uncovered
ES,1998,CRF1A3B,71355.18,road_transport,uncovered
ES,1999,CRF1A3B,75090.81,road_transport,uncovered
ES,2000,CRF1A3B,77123.65,road_transport,uncovered
ES,2001,CRF1A3B,80949.16,road_transport,uncovered
ES,2002,CRF1A3B,82819.12,road_transport,uncovered
ES,2003,CRF1A3B,86647.96,road_transport,uncovered
ES,2004,CRF1A3B,89858.53,road_transport,uncovered
ES,2005,CRF1A3B,92418.19,road_transport,uncovered
ES,2006,CRF1A3B,95285.66,road_transport,uncovered
ES,2007,CRF1A3B,98171.98,road_transport,uncovered
ES,2008,CRF1A3B,92987.19,road_transport,uncovered
ES,2009,CRF1A3B,86979.74,road_transport,uncovered
ES,2010,CRF1A3B,83795.5,road_transport,uncovered
ES,2011,CRF1A3B,79460.86,road_transport,uncovered
ES,2012,CRF1A3B,72824.61,road_transport,uncovered
ES,2013,CRF1A3B,75128.26,road_transport,uncovered
ES,2014,CRF1A3B,75981.52,road_transport,uncovered
ES,2015,CRF1A3B,78688.63,road_transport,uncovered
ES,2016,CRF1A3B,80740.2,road_transport,uncovered
ES,2017,CRF1A3B,82061.59,road_transport,uncovered
ES,2018,CRF1A3B,82739.71,road_transport,uncovered
ES,2019,CRF1A3B,83614.08,road_transport,uncovered
ES,2020,CRF1A3B,68770.33,road_transport,uncovered
ES,2021,CRF1A3B,79248.77,road_transport,uncovered
ES,2022,CRF1A3B,82594.63,road_transport,uncovered
ES,2023,CRF1A3B,80355.22,road_transport,uncovered
ES,2024,CRF1A3B,82710.72,road_transport,uncovered
EU27_2020,1990,CRF1A3B,609634.86,road_transport,uncovered
EU27_2020,1991,CRF1A3B,618902.73,road_transport,uncovered
EU27_2020,1992,CRF1A3B,640989.08,road_transport,uncovered
EU27_2020,1993,CRF1A3B,646611.52,road_transport,uncovered
EU27_2020,1994,CRF1A3B,651627.01,road_transport,uncovered
EU27_2020,1995,CRF1A3B,663014.33,road_transport,uncovered
EU27_2020,1996,CRF1A3B,681978.57,road_transport,uncovered
EU27_2020,1997,CRF1A3B,691753.72,road_transport,uncovered
EU27_2020,1998,CRF1A3B,719154.66,road_transport,uncovered
EU27_2020,1999,CRF1A3B,736880.77,road_transport,uncovered
EU27_2020,2000,CRF1A3B,735781.61,road_transport,uncovered
EU27_2020,2001,CRF1A3B,751312.09,road_transport,uncovered
EU27_2020,2002,CRF1A3B,761718.09,road_transport,uncovered
EU27_2020,2003,CRF1A3B,770982.28,road_transport,uncovered
EU27_2020,2004,CRF1A3B,788162.36,road_transport,uncovered
EU27_2020,2005,CRF1A3B,788890.06,road_transport,uncovered
EU27_2020,2006,CRF1A3B,802052.94,road_transport,uncovered
EU27_2020,2007,CRF1A3B,804836.55,road_transport,uncovered
EU27_2020,2008,CRF1A3B,786319.18,road_transport,uncovered
EU27_2020,2009,CRF1A3B,768296.29,road_transport,uncovered
EU27_2020,2010,CRF1A3B,762322.58,road_transport,uncovered
EU27_2020,2011,CRF1A3B,754983.18,road_transport,uncovered
EU27_2020,2012,CRF1A3B,728175.76,road_transport,uncovered
EU27_2020,2013,CRF1A3B,724267.64,road_transport,uncovered
EU27_2020,2014,CRF1A3B,732293.25,road_transport,uncovered
EU27_2020,2015,CRF1A3B,746734.15,road_transport,uncovered
EU27_2020,2016,CRF1A3B,762503.83,road_transport,uncovered
EU27_2020,2017,CRF1A3B,775198.95,road_transport,uncovered
EU27_2020,2018,CRF1A3B,776284.28,road_transport,uncovered
EU27_2020,2019,CRF1A3B,781034.02,road_transport,uncovered
EU27_2020,2020,CRF1A3B,680080.79,road_transport,uncovered
EU27_2020,2021,CRF1A3B,739105.94,road_transport,uncovered
EU27_2020,2022,CRF1A3B,755824.06,road_transport,uncovered
EU27_2020,2023,CRF1A3B,748743.21,road_transport,uncovered
EU27_2020,2024,CRF1A3B,757652.0,road_transport,uncovered
FI,1990,CRF1A3B,10803.93,road_transport,uncovered
FI,1991,CRF1A3B,10488.62,road_transport,uncovered
FI,1992,CRF1A3B,10453.7,road_transport,uncovered
FI,1993,CRF1A3B,9982.83,road_transport,uncovered
FI,1994,CRF1A3B,10310.01,road_transport,uncovered
FI,1995,CRF1A3B,10161.64,road_transport,uncovered
FI,1996,CRF1A3B,10108.0,road_transport,uncovered
FI,1997,CRF1A3B,10594.21,road_transport,uncovered
FI,1998,CRF1A3B,10703.1,road_transport,uncovered
FI,1999,CRF1A3B,10909.57,road_transport,uncovered
FI,2000,CRF1A3B,10823.58,road_transport,uncovered
FI,2001,CRF1A3B,11013.61,road_transport,uncovered
FI,2002,CRF1A3B,11237.63,road_transport,uncovered
FI,2003,CRF1A3B,11425.0,road_transport,uncovered
FI,2004,CRF1A3B,11783.03,road_transport,uncovered
FI,2005,CRF1A3B,11807.85,road_transport,uncovered
FI,2006,CRF1A3B,11963.26,road_transport,uncovered
FI,2007,CRF1A3B,12348.94,road_transport,uncovered
FI,2008,CRF1A3B,11807.03,road_transport,uncovered
FI,2009,CRF1A3B,11269.73,road_transport,uncovered
FI,2010,CRF1A3B,11718.62,road_transport,uncovered
FI,2011,CRF1A3B,11538.83,road_transport,uncovered
FI,2012,CRF1A3B,11303.08,road_transport,uncovered
FI,2013,CRF1A3B,11127.8,road_transport,uncovered
FI,2014,CRF1A3B,10077.45,road_transport,uncovered
FI,2015,CRF1A3B,10092.89,road_transport,uncovered
FI,2016,CRF1A3B,11318.82,road_transport,uncovered
FI,2017,CRF1A3B,10693.41,road_transport,uncovered
FI,2018,CRF1A3B,10860.8,road_transport,uncovered
FI,2019,CRF1A3B,10457.7,road_transport,uncovered
FI,2020,CRF1A3B,9857.96,road_transport,uncovered
FI,2021,CRF1A3B,9398.28,road_transport,uncovered
FI,2022,CRF1A3B,9199.55,road_transport,uncovered
FI,2023,CRF1A3B,8851.71,road_transport,uncovered
FI,2024,CRF1A3B,9062.2,road_transport,uncovered
FR,1990,CRF1A3B,114050.79,road_transport,uncovered
FR,1991,CRF1A3B,116529.71,road_transport,uncovered
FR,1992,CRF1A3B,121079.75,road_transport,uncovered
FR,1993,CRF1A3B,121184.44,road_transport,uncovered
FR,1994,CRF1A3B,121903.7,road_transport,uncovered
FR,1995,CRF1A3B,123030.31,road_transport,uncovered
FR,1996,CRF1A3B,123937.8,road_transport,uncovered
FR,1997,CRF1A3B,126118.89,road_transport,uncovered
FR,1998,CRF1A3B,128084.26,road_transport,uncovered
FR,1999,CRF1A3B,130910.48,road_transport,uncovered
FR,2000,CRF1A3B,130417.48,road_transport,uncovered
FR,2001,CRF1A3B,133552.62,road_transport,uncovered
FR,2002,CRF1A3B,134458.59,road_transport,uncovered
FR,2003,CRF1A3B,134334.64,road_transport,uncovered
FR,2004,CRF1A3B,134668.8,road_transport,uncovered
FR,2005,CRF1A3B,132594.41,road_transport,uncovered
FR,2006,CRF1A3B,132459.57,road_transport,uncovered
FR,2007,CRF1A3B,131213.14,road_transport,uncovered
FR,2008,CRF1A3B,124690.14,road_transport,uncovered
FR,2009,CRF1A3B,124495.21,road_transport,uncovered
FR,2010,CRF1A3B,125332.62,road_transport,uncovered
FR,2011,CRF1A3B,126290.06,road_transport,uncovered
FR,2012,CRF1A3B,124513.65,road_transport,uncovered
FR,2013,CRF1A3B,124242.44,road_transport,uncovered
FR,2014,CRF1A3B,124088.91,road_transport,uncovered
FR,2015,CRF1A3B,125599.85,road_transport,uncovered
FR,2016,CRF1A3B,125842.66,road_transport,uncovered
FR,2017,CRF1A3B,125823.53,road_transport,uncovered
FR,2018,CRF1A3B,123021.49,road_transport,uncovered
FR,2019,CRF1A3B,122202.39,road_transport,uncovered
FR,2020,CRF1A3B,103790.88,road_transport,uncovered
FR,2021,CRF1A3B,116996.62,road_transport,uncovered
FR,2022,CRF1A3B,120353.15,road_transport,uncovered
FR,2023,CRF1A3B,115616.77,road_transport,uncovered
FR,2024,CRF1A3B,114401.21,road_transport,uncovered
HR,1990,CRF1A3B,3505.88,road_transport,uncovered
HR,1991,CRF1A3B,2603.09,road_transport,uncovered
HR,1992,CRF1A3B,2503.18,road_transport,uncovered
HR,1993,CRF1A3B,2680.03,road_transport,uncovered
HR,1994,CRF1A3B,2900.02,road_transport,uncovered
HR,1995,CRF1A3B,3063.34,road_transport,uncovered
HR,1996,CRF1A3B,3347.05,road_transport,uncovered
HR,1997,CRF1A3B,3727.52,road_transport,uncovered
HR,1998,CRF1A3B,3886.02,road_transport,uncovered
HR,1999,CRF1A3B,4124.6,road_transport,uncovered
HR,2000,CRF1A3B,4155.79,road_transport,uncovered
HR,2001,CRF1A3B,4210.26,road_transport,uncovered
HR,2002,CRF1A3B,4497.86,road_transport,uncovered
HR,2003,CRF1A3B,4890.86,road_transport,uncovered
HR,2004,CRF1A3B,5039.25,road_transport,uncovered
HR,2005,CRF1A3B,5232.7,road_transport,uncovered
HR,2006,CRF1A3B,5572.99,road_transport,uncovered
HR,2007,CRF1A3B,5989.16,road_transport,uncovered
HR,2008,CRF1A3B,5803.71,road_transport,uncovered
HR,2009,CRF1A3B,5816.21,road_transport,uncovered
HR,2010,CRF1A3B,5627.68,road_transport,uncovered
HR,2011,CRF1A3B,5491.06,road_transport,uncovered
HR,2012,CRF1A3B,5329.2,road_transport,uncovered
HR,2013,CRF1A3B,5409.11,road_transport,uncovered
HR,2014,CRF1A3B,5346.64,road_transport,uncovered
HR,2015,CRF1A3B,5671.08,road_transport,uncovered
HR,2016,CRF1A3B,5884.94,road_transport,uncovered
HR,2017,CRF1A3B,6342.84,road_transport,uncovered
HR,2018,CRF1A3B,6113.02,road_transport,uncovered
HR,2019,CRF1A3B,6284.05,road_transport,uncovered
HR,2020,CRF1A3B,5546.03,road_transport,uncovered
HR,2021,CRF1A3B,5978.76,road_transport,uncovered
HR,2022,CRF1A3B,6442.07,road_transport,uncovered
HR,2023,CRF1A3B,7288.18,road_transport,uncovered
HR,2024,CRF1A3B,8059.65,road_transport,uncovered
HU,1990,CRF1A3B,7851.17,road_transport,uncovered
HU,1991,CRF1A3B,7035.66,road_transport,uncovered
HU,1992,CRF1A3B,6862.69,road_transport,uncovered
HU,1993,CRF1A3B,6892.15,road_transport,uncovered
HU,1994,CRF1A3B,6714.06,road_transport,uncovered
HU,1995,CRF1A3B,6870.98,road_transport,uncovered
HU,1996,CRF1A3B,6834.94,road_transport,uncovered
HU,1997,CRF1A3B,7259.54,road_transport,uncovered
HU,1998,CRF1A3B,8079.26,road_transport,uncovered
HU,1999,CRF1A3B,8532.48,road_transport,uncovered
HU,2000,CRF1A3B,8520.75,road_transport,uncovered
HU,2001,CRF1A3B,9007.21,road_transport,uncovered
HU,2002,CRF1A3B,9622.88,road_transport,uncovered
HU,2003,CRF1A3B,10095.84,road_transport,uncovered
HU,2004,CRF1A3B,10547.14,road_transport,uncovered
HU,2005,CRF1A3B,11481.68,road_transport,uncovered
HU,2006,CRF1A3B,12272.49,road_transport,uncovered
HU,2007,CRF1A3B,12606.97,road_transport,uncovered
HU,2008,CRF1A3B,12557.65,road_transport,uncovered
HU,2009,CRF1A3B,12533.95,road_transport,uncovered
HU,2010,CRF1A3B,11276.3,road_transport,uncovered
HU,2011,CRF1A3B,10687.12,road_transport,uncovered
HU,2012,CRF1A3B,10360.68,road_transport,uncovered
HU,2013,CRF1A3B,9679.47,road_transport,uncovered
HU,2014,CRF1A3B,10800.14,road_transport,uncovered
HU,2015,CRF1A3B,11860.42,road_transport,uncovered
HU,2016,CRF1A3B,11870.61,road_transport,uncovered
HU,2017,CRF1A3B,12612.44,road_transport,uncovered
HU,2018,CRF1A3B,13400.34,road_transport,uncovered
HU,2019,CRF1A3B,14224.44,road_transport,uncovered
HU,2020,CRF1A3B,12196.85,road_transport,uncovered
HU,2021,CRF1A3B,13601.54,road_transport,uncovered
HU,2022,CRF1A3B,14714.6,road_transport,uncovered
HU,2023,CRF1A3B,13649.61,road_transport,uncovered
HU,2024,CRF1A3B,13604.87,road_transport,uncovered
IE,1990,CRF1A3B,4690.42,road_transport,uncovered
IE,1991,CRF1A3B,4878.78,road_transport,uncovered
IE,1992,CRF1A3B,5297.35,road_transport,uncovered
IE,1993,CRF1A3B,5276.19,road_transport,uncovered
IE,1994,CRF1A3B,5499.03,road_transport,uncovered
IE,1995,CRF1A3B,5686.11,road_transport,uncovered
IE,1996,CRF1A3B,6609.53,road_transport,uncovered
IE,1997,CRF1A3B,6958.56,road_transport,uncovered
IE,1998,CRF1A3B,8248.06,road_transport,uncovered
IE,1999,CRF1A3B,9118.49,road_transport,uncovered
IE,2000,CRF1A3B,10156.92,road_transport,uncovered
IE,2001,CRF1A3B,10618.49,road_transport,uncovered
IE,2002,CRF1A3B,10826.16,road_transport,uncovered
IE,2003,CRF1A3B,11006.04,road_transport,uncovered
IE,2004,CRF1A3B,11660.33,road_transport,uncovered
IE,2005,CRF1A3B,12359.02,road_transport,uncovered
IE,2006,CRF1A3B,12993.97,road_transport,uncovered
IE,2007,CRF1A3B,13662.67,road_transport,uncovered
IE,2008,CRF1A3B,12952.12,road_transport,uncovered
IE,2009,CRF1A3B,11779.3,road_transport,uncovered
IE,2010,CRF1A3B,10877.6,road_transport,uncovered
IE,2011,CRF1A3B,10632.69,road_transport,uncovered
IE,2012,CRF1A3B,10264.08,road_transport,uncovered
IE,2013,CRF1A3B,10482.89,road_transport,uncovered
IE,2014,CRF1A3B,10726.73,road_transport,uncovered
IE,2015,CRF1A3B,11207.83,road_transport,uncovered
IE,2016,CRF1A3B,11637.63,road_transport,uncovered
IE,2017,CRF1A3B,11510.72,road_transport,uncovered
IE,2018,CRF1A3B,11645.14,road_transport,uncovered
IE,2019,CRF1A3B,11631.7,road_transport,uncovered
IE,2020,CRF1A3B,9690.57,road_transport,uncovered
IE,2021,CRF1A3B,10327.59,road_transport,uncovered
IE,2022,CRF1A3B,11031.64,road_transport,uncovered
IE,2023,CRF1A3B,11054.6,road_transport,uncovered
IE,2024,CRF1A3B,10914.0,road_transport,uncovered
IS,1990,CRF1A3B,519.81,road_transport,uncovered
IS,1991,CRF1A3B,537.78,road_transport,uncovered
IS,1992,CRF1A3B,551.77,road_transport,uncovered
IS,1993,CRF1A3B,548.43,road_transport,uncovered
IS,1994,CRF1A3B,556.02,road_transport,uncovered
IS,1995,CRF1A3B,545.64,road_transport,uncovered
IS,1996,CRF1A3B,525.93,road_transport,uncovered
IS,1997,CRF1A3B,556.61,road_transport,uncovered
IS,1998,CRF1A3B,564.59,road_transport,uncovered
IS,1999,CRF1A3B,590.03,road_transport,uncovered
IS,2000,CRF1A3B,601.81,road_transport,uncovered
IS,2001,CRF1A3B,608.13,road_transport,uncovered
IS,2002,CRF1A3B,616.86,road_transport,uncovered
IS,2003,CRF1A3B,695.23,road_transport,uncovered
IS,2004,CRF1A3B,731.87,road_transport,uncovered
IS,2005,CRF1A3B,760.92,road_transport,uncovered
IS,2006,CRF1A3B,873.35,road_transport,uncovered
IS,2007,CRF1A3B,905.16,road_transport,uncovered
IS,2008,CRF1A3B,852.3,road_transport,uncovered
IS,2009,CRF1A3B,853.4,road_transport,uncovered
IS,2010,CRF1A3B,806.58,road_transport,uncovered
IS,2011,CRF1A3B,788.61,road_transport,uncovered
IS,2012,CRF1A3B,783.49,road_transport,uncovered
IS,2013,CRF1A3B,798.06,road_transport,uncovered
IS,2014,CRF1A3B,797.46,road_transport,uncovered
IS,2015,CRF1A3B,819.74,road_transport,uncovered
IS,2016,CRF1A3B,894.42,road_transport,uncovered
IS,2017,CRF1A3B,943.57,road_transport,uncovered
IS,2018,CRF1A3B,968.69,road_transport,uncovered
IS,2019,CRF1A3B,948.46,road_transport,uncovered
IS,2020,CRF1A3B,823.05,road_transport,uncovered
IS,2021,CRF1A3B,850.89,road_transport,uncovered
IS,2022,CRF1A3B,916.53,road_transport,uncovered
IS,2023,CRF1A3B,911.47,road_transport,uncovered
IS,2024,CRF1A3B,888.42,road_transport,uncovered
IT,1990,CRF1A3B,92331.74,road_transport,uncovered
IT,1991,CRF1A3B,94295.27,road_transport,uncovered
IT,1992,CRF1A3B,99372.99,road_transport,uncovered
IT,1993,CRF1A3B,101339.52,road_transport,uncovered
IT,1994,CRF1A3B,101210.99,road_transport,uncovered
IT,1995,CRF1A3B,103532.11,road_transport,uncovered
IT,1996,CRF1A3B,104149.76,road_transport,uncovered
IT,1997,CRF1A3B,105582.04,road_transport,uncovered
IT,1998,CRF1A3B,109368.7,road_transport,uncovered
IT,1999,CRF1A3B,110547.81,road_transport,uncovered
IT,2000,CRF1A3B,111523.89,road_transport,uncovered
IT,2001,CRF1A3B,113916.48,road_transport,uncovered
IT,2002,CRF1A3B,116222.59,road_transport,uncovered
IT,2003,CRF1A3B,116432.96,road_transport,uncovered
IT,2004,CRF1A3B,118296.44,road_transport,uncovered
IT,2005,CRF1A3B,117111.96,road_transport,uncovered
IT,2006,CRF1A3B,118315.58,road_transport,uncovered
IT,2007,CRF1A3B,118810.28,road_transport,uncovered
IT,2008,CRF1A3B,112031.76,road_transport,uncovered
IT,2009,CRF1A3B,106900.67,road_transport,uncovered
IT,2010,CRF1A3B,104657.4,road_transport,uncovered
IT,2011,CRF1A3B,104586.97,road_transport,uncovered
IT,2012,CRF1A3B,98203.85,road_transport,uncovered
IT,2013,CRF1A3B,95672.88,road_transport,uncovered
IT,2014,CRF1A3B,100709.06,road_transport,uncovered
IT,2015,CRF1A3B,98349.19,road_transport,uncovered
IT,2016,CRF1A3B,96863.0,road_transport,uncovered
IT,2017,CRF1A3B,92743.67,road_transport,uncovered
IT,2018,CRF1A3B,95772.91,road_transport,uncovered
IT,2019,CRF1A3B,96608.11,road_transport,uncovered
IT,2020,CRF1A3B,77836.53,road_transport,uncovered
IT,2021,CRF1A3B,94633.56,road_transport,uncovered
IT,2022,CRF1A3B,99432.47,road_transport,uncovered
IT,2023,CRF1A3B,99916.24,road_transport,uncovered
IT,2024,CRF1A3B,104024.75,road_transport,uncovered
LT,1990,CRF1A3B,5247.15,road_transport,uncovered
LT,1991,CRF1A3B,5818.71,road_transport,uncovered
LT,1992,CRF1A3B,3713.65,road_transport,uncovered
LT,1993,CRF1A3B,2763.11,road_transport,uncovered
LT,1994,CRF1A3B,2071.29,road_transport,uncovered
LT,1995,CRF1A3B,2769.67,road_transport,uncovered
LT,1996,CRF1A3B,3050.41,road_transport,uncovered
LT,1997,CRF1A3B,3444.72,road_transport,uncovered
LT,1998,CRF1A3B,3645.3,road_transport,uncovered
LT,1999,CRF1A3B,3243.84,road_transport,uncovered
LT,2000,CRF1A3B,2860.0,road_transport,uncovered
LT,2001,CRF1A3B,3137.58,road_transport,uncovered
LT,2002,CRF1A3B,3238.4,road_transport,uncovered
LT,2003,CRF1A3B,3282.37,road_transport,uncovered
LT,2004,CRF1A3B,3610.39,road_transport,uncovered
LT,2005,CRF1A3B,3832.43,road_transport,uncovered
LT,2006,CRF1A3B,4084.29,road_transport,uncovered
LT,2007,CRF1A3B,4824.31,road_transport,uncovered
LT,2008,CRF1A3B,4799.27,road_transport,uncovered
LT,2009,CRF1A3B,3973.35,road_transport,uncovered
LT,2010,CRF1A3B,4080.34,road_transport,uncovered
LT,2011,CRF1A3B,4049.72,road_transport,uncovered
LT,2012,CRF1A3B,4063.64,road_transport,uncovered
LT,2013,CRF1A3B,4074.59,road_transport,uncovered
LT,2014,CRF1A3B,4542.43,road_transport,uncovered
LT,2015,CRF1A3B,4814.4,road_transport,uncovered
LT,2016,CRF1A3B,5197.59,road_transport,uncovered
LT,2017,CRF1A3B,5405.2,road_transport,uncovered
LT,2018,CRF1A3B,5753.31,road_transport,uncovered
LT,2019,CRF1A3B,5993.21,road_transport,uncovered
LT,2020,CRF1A3B,5851.29,road_transport,uncovered
LT,2021,CRF1A3B,5838.98,road_transport,uncovered
LT,2022,CRF1A3B,5803.65,road_transport,uncovered
LT,2023,CRF1A3B,5933.78,road_transport,uncovered
LT,2024,CRF1A3B,5694.18,road_transport,uncovered
LU,1990,CRF1A3B,2572.38,road_transport,uncovered
LU,1991,CRF1A3B,3165.6,road_transport,uncovered
LU,1992,CRF1A3B,3457.18,road_transport,uncovered
LU,1993,CRF1A3B,3501.75,road_transport,uncovered
LU,1994,CRF1A3B,3557.51,road_transport,uncovered
LU,1995,CRF1A3B,3321.54,road_transport,uncovered
LU,1996,CRF1A3B,3435.64,road_transport,uncovered
LU,1997,CRF1A3B,3704.57,road_transport,uncovered
LU,1998,CRF1A3B,3900.46,road_transport,uncovered
LU,1999,CRF1A3B,4332.58,road_transport,uncovered
LU,2000,CRF1A3B,4861.67,road_transport,uncovered
LU,2001,CRF1A3B,5119.56,road_transport,uncovered
LU,2002,CRF1A3B,5302.54,road_transport,uncovered
LU,2003,CRF1A3B,5842.53,road_transport,uncovered
LU,2004,CRF1A3B,6804.66,road_transport,uncovered
LU,2005,CRF1A3B,7173.08,road_transport,uncovered
LU,2006,CRF1A3B,6829.52,road_transport,uncovered
LU,2007,CRF1A3B,6530.64,road_transport,uncovered
LU,2008,CRF1A3B,6617.25,road_transport,uncovered
LU,2009,CRF1A3B,6077.59,road_transport,uncovered
LU,2010,CRF1A3B,6449.56,road_transport,uncovered
LU,2011,CRF1A3B,6805.57,road_transport,uncovered
LU,2012,CRF1A3B,6492.21,road_transport,uncovered
LU,2013,CRF1A3B,6359.79,road_transport,uncovered
LU,2014,CRF1A3B,6041.19,road_transport,uncovered
LU,2015,CRF1A3B,5609.6,road_transport,uncovered
LU,2016,CRF1A3B,5430.23,road_transport,uncovered
LU,2017,CRF1A3B,5565.23,road_transport,uncovered
LU,2018,CRF1A3B,5942.1,road_transport,uncovered
LU,2019,CRF1A3B,6100.34,road_transport,uncovered
LU,2020,CRF1A3B,4561.63,road_transport,uncovered
LU,2021,CRF1A3B,4858.87,road_transport,uncovered
LU,2022,CRF1A3B,4163.69,road_transport,uncovered
LU,2023,CRF1A3B,4011.31,road_transport,uncovered
LU,2024,CRF1A3B,3834.41,road_transport,uncovered
LV,1990,CRF1A3B,2402.37,road_transport,uncovered
LV,1991,CRF1A3B,2229.35,road_transport,uncovered
LV,1992,CRF1A3B,2030.73,road_transport,uncovered
LV,1993,CRF1A3B,2001.55,road_transport,uncovered
LV,1994,CRF1A3B,1917.1,road_transport,uncovered
LV,1995,CRF1A3B,1805.48,road_transport,uncovered
LV,1996,CRF1A3B,1770.88,road_transport,uncovered
LV,1997,CRF1A3B,1750.1,road_transport,uncovered
LV,1998,CRF1A3B,1747.55,road_transport,uncovered
LV,1999,CRF1A3B,1747.15,road_transport,uncovered
LV,2000,CRF1A3B,1947.59,road_transport,uncovered
LV,2001,CRF1A3B,2336.83,road_transport,uncovered
LV,2002,CRF1A3B,2405.19,road_transport,uncovered
LV,2003,CRF1A3B,2519.43,road_transport,uncovered
LV,2004,CRF1A3B,2652.95,road_transport,uncovered
LV,2005,CRF1A3B,2780.7,road_transport,uncovered
LV,2006,CRF1A3B,3127.68,road_transport,uncovered
LV,2007,CRF1A3B,3550.28,road_transport,uncovered
LV,2008,CRF1A3B,3335.21,road_transport,uncovered
LV,2009,CRF1A3B,2904.91,road_transport,uncovered
LV,2010,CRF1A3B,2996.37,road_transport,uncovered
LV,2011,CRF1A3B,2608.3,road_transport,uncovered
LV,2012,CRF1A3B,2491.21,road_transport,uncovered
LV,2013,CRF1A3B,2539.52,road_transport,uncovered
LV,2014,CRF1A3B,2685.02,road_transport,uncovered
LV,2015,CRF1A3B,2878.9,road_transport,uncovered
LV,2016,CRF1A3B,2929.75,road_transport,uncovered
LV,2017,CRF1A3B,3089.65,road_transport,uncovered
LV,2018,CRF1A3B,3093.12,road_transport,uncovered
LV,2019,CRF1A3B,3118.85,road_transport,uncovered
LV,2020,CRF1A3B,2979.65,road_transport,uncovered
LV,2021,CRF1A3B,3078.24,road_transport,uncovered
LV,2022,CRF1A3B,3006.11,road_transport,uncovered
LV,2023,CRF1A3B,3023.06,road_transport,uncovered
LV,2024,CRF1A3B,2754.3,road_transport,uncovered
MT,1990,CRF1A3B,333.24,road_transport,uncovered
MT,1991,CRF1A3B,355.02,road_transport,uncovered
MT,1992,CRF1A3B,376.78,road_transport,uncovered
MT,1993,CRF1A3B,396.59,road_transport,uncovered
MT,1994,CRF1A3B,413.96,road_transport,uncovered
MT,1995,CRF1A3B,424.47,road_transport,uncovered
MT,1996,CRF1A3B,446.81,road_transport,uncovered
MT,1997,CRF1A3B,459.52,road_transport,uncovered
MT,1998,CRF1A3B,466.64,road_transport,uncovered
MT,1999,CRF1A3B,474.23,road_transport,uncovered
MT,2000,CRF1A3B,478.43,road_transport,uncovered
MT,2001,CRF1A3B,500.08,road_transport,uncovered
MT,2002,CRF1A3B,503.05,road_transport,uncovered
MT,2003,CRF1A3B,503.08,road_transport,uncovered
MT,2004,CRF1A3B,479.76,road_transport,uncovered
MT,2005,CRF1A3B,489.56,road_transport,uncovered
MT,2006,CRF1A3B,495.55,road_transport,uncovered
MT,2007,CRF1A3B,507.33,road_transport,uncovered
MT,2008,CRF1A3B,508.58,road_transport,uncovered
MT,2009,CRF1A3B,489.21,road_transport,uncovered
MT,2010,CRF1A3B,517.76,road_transport,uncovered
MT,2011,CRF1A3B,501.37,road_transport,uncovered
MT,2012,CRF1A3B,491.96,road_transport,uncovered
MT,2013,CRF1A3B,501.72,road_transport,uncovered
MT,2014,CRF1A3B,511.65,road_transport,uncovered
MT,2015,CRF1A3B,542.55,road_transport,uncovered
MT,2016,CRF1A3B,545.45,road_transport,uncovered
MT,2017,CRF1A3B,561.28,road_transport,uncovered
MT,2018,CRF1A3B,623.6,road_transport,uncovered
MT,2019,CRF1A3B,651.07,road_transport,uncovered
MT,2020,CRF1A3B,520.72,road_transport,uncovered
MT,2021,CRF1A3B,547.77,road_transport,uncovered
MT,2022,CRF1A3B,660.98,road_transport,uncovered
MT,2023,CRF1A3B,681.16,road_transport,uncovered
MT,2024,CRF1A3B,684.83,road_transport,uncovered
NL,1990,CRF1A3B,26424.32,road_transport,uncovered
NL,1991,CRF1A3B,26867.23,road_transport,uncovered
NL,1992,CRF1A3B,28410.69,road_transport,uncovered
NL,1993,CRF1A3B,29276.3,road_transport,uncovered
NL,1994,CRF1A3B,28708.38,road_transport,uncovered
NL,1995,CRF1A3B,29079.09,road_transport,uncovered
NL,1996,CRF1A3B,30348.97,road_transport,uncovered
NL,1997,CRF1A3B,30317.42,road_transport,uncovered
NL,1998,CRF1A3B,31057.47,road_transport,uncovered
NL,1999,CRF1A3B,31578.48,road_transport,uncovered
NL,2000,CRF1A3B,31546.85,road_transport,uncovered
NL,2001,CRF1A3B,31806.56,road_transport,uncovered
NL,2002,CRF1A3B,32547.31,road_transport,uncovered
NL,2003,CRF1A3B,33098.86,road_transport,uncovered
NL,2004,CRF1A3B,33620.79,road_transport,uncovered
NL,2005,CRF1A3B,33779.98,road_transport,uncovered
NL,2006,CRF1A3B,34652.43,road_transport,uncovered
NL,2007,CRF1A3B,33696.11,road_transport,uncovered
NL,2008,CRF1A3B,33884.78,road_transport,uncovered
NL,2009,CRF1A3B,32354.46,road_transport,uncovered
NL,2010,CRF1A3B,32960.16,road_transport,uncovered
NL,2011,CRF1A3B,32945.55,road_transport,uncovered
NL,2012,CRF1A3B,31541.93,road_transport,uncovered
NL,2013,CRF1A3B,29783.63,road_transport,uncovered
NL,2014,CRF1A3B,27471.08,road_transport,uncovered
NL,2015,CRF1A3B,27210.92,road_transport,uncovered
NL,2016,CRF1A3B,27361.38,road_transport,uncovered
NL,2017,CRF1A3B,28139.46,road_transport,uncovered
NL,2018,CRF1A3B,28311.31,road_transport,uncovered
NL,2019,CRF1A3B,27946.07,road_transport,uncovered
NL,2020,CRF1A3B,23670.93,road_transport,uncovered
NL,2021,CRF1A3B,23784.78,road_transport,uncovered
NL,2022,CRF1A3B,23536.01,road_transport,uncovered
NL,2023,CRF1A3B,24694.09,road_transport,uncovered
NL,2024,CRF1A3B,23467.81,road_transport,uncovered
NO,1990,CRF1A3B,7289.41,road_transport,uncovered
NO,1991,CRF1A3B,7174.02,road_transport,uncovered
NO,1992,CRF1A3B,7206.92,road_transport,uncovered
NO,1993,CRF1A3B,7380.3,road_transport,uncovered
NO,1994,CRF1A3B,7276.83,road_transport,uncovered
NO,1995,CRF1A3B,7385.28,road_transport,uncovered
NO,1996,CRF1A3B,7759.39,road_transport,uncovered
NO,1997,CRF1A3B,7751.67,road_transport,uncovered
NO,1998,CRF1A3B,7982.97,road_transport,uncovered
NO,1999,CRF1A3B,8406.69,road_transport,uncovered
NO,2000,CRF1A3B,8243.14,road_transport,uncovered
NO,2001,CRF1A3B,8737.79,road_transport,uncovered
NO,2002,CRF1A3B,8814.95,road_transport,uncovered
NO,2003,CRF1A3B,8961.01,road_transport,uncovered
NO,2004,CRF1A3B,9262.11,road_transport,uncovered
NO,2005,CRF1A3B,9424.41,road_transport,uncovered
NO,2006,CRF1A3B,9709.15,road_transport,uncovered
NO,2007,CRF1A3B,9939.86,road_transport,uncovered
NO,2008,CRF1A3B,9802.41,road_transport,uncovered
NO,2009,CRF1A3B,9650.42,road_transport,uncovered
NO,2010,CRF1A3B,9894.58,road_transport,uncovered
NO,2011,CRF1A3B,9830.72,road_transport,uncovered
NO,2012,CRF1A3B,9853.74,road_transport,uncovered
NO,2013,CRF1A3B,9902.51,road_transport,uncovered
NO,2014,CRF1A3B,10111.29,road_transport,uncovered
NO,2015,CRF1A3B,10142.53,road_transport,uncovered
NO,2016,CRF1A3B,9869.99,road_transport,uncovered
NO,2017,CRF1A3B,8997.99,road_transport,uncovered
NO,2018,CRF1A3B,9236.99,road_transport,uncovered
NO,2019,CRF1A3B,8601.78,road_transport,uncovered
NO,2020,CRF1A3B,8224.28,road_transport,uncovered
NO,2021,CRF1A3B,8556.39,road_transport,uncovered
NO,2022,CRF1A3B,8584.26,road_transport,uncovered
NO,2023,CRF1A3B,7920.95,road_transport,uncovered
NO,2024,CRF1A3B,7400.15,road_transport,uncovered
PL,1990,CRF1A3B,18426.75,road_transport,uncovered
PL,1991,CRF1A3B,19962.41,road_transport,uncovered
PL,1992,CRF1A3B,20741.76,road_transport,uncovered
PL,1993,CRF1A3B,20323.69,road_transport,uncovered
PL,1994,CRF1A3B,21292.17,road_transport,uncovered
PL,1995,CRF1A3B,22063.86,road_transport,uncovered
PL,1996,CRF1A3B,25281.25,road_transport,uncovered
PL,1997,CRF1A3B,26893.22,road_transport,uncovered
PL,1998,CRF1A3B,28440.76,road_transport,uncovered
PL,1999,CRF1A3B,31079.21,road_transport,uncovered
PL,2000,CRF1A3B,27175.24,road_transport,uncovered
PL,2001,CRF1A3B,26966.37,road_transport,uncovered
PL,2002,CRF1A3B,26039.69,road_transport,uncovered
PL,2003,CRF1A3B,28356.53,road_transport,uncovered
PL,2004,CRF1A3B,32126.46,road_transport,uncovered
PL,2005,CRF1A3B,34455.38,road_transport,uncovered
PL,2006,CRF1A3B,38144.37,road_transport,uncovered
PL,2007,CRF1A3B,42330.76,road_transport,uncovered
PL,2008,CRF1A3B,44304.72,road_transport,uncovered
PL,2009,CRF1A3B,45125.56,road_transport,uncovered
PL,2010,CRF1A3B,47746.77,road_transport,uncovered
PL,2011,CRF1A3B,48317.11,road_transport,uncovered
PL,2012,CRF1A3B,46323.2,road_transport,uncovered
PL,2013,CRF1A3B,43316.82,road_transport,uncovered
PL,2014,CRF1A3B,43691.09,road_transport,uncovered
PL,2015,CRF1A3B,46248.16,road_transport,uncovered
PL,2016,CRF1A3B,52836.2,road_transport,uncovered
PL,2017,CRF1A3B,61219.93,road_transport,uncovered
PL,2018,CRF1A3B,62913.9,road_transport,uncovered
PL,2019,CRF1A3B,64053.83,road_transport,uncovered
PL,2020,CRF1A3B,61255.95,road_transport,uncovered
PL,2021,CRF1A3B,66435.41,road_transport,uncovered
PL,2022,CRF1A3B,66907.19,road_transport,uncovered
PL,2023,CRF1A3B,67843.6,road_transport,uncovered
PL,2024,CRF1A3B,68746.82,road_transport,uncovered
PT,1990,CRF1A3B,10000.46,road_transport,uncovered
PT,1991,CRF1A3B,10703.26,road_transport,uncovered
PT,1992,CRF1A3B,11551.86,road_transport,uncovered
PT,1993,CRF1A3B,12023.98,road_transport,uncovered
PT,1994,CRF1A3B,12688.11,road_transport,uncovered
PT,1995,CRF1A3B,13261.86,road_transport,uncovered
PT,1996,CRF1A3B,14053.33,road_transport,uncovered
PT,1997,CRF1A3B,14706.33,road_transport,uncovered
PT,1998,CRF1A3B,16077.52,road_transport,uncovered
PT,1999,CRF1A3B,16926.8,road_transport,uncovered
PT,2000,CRF1A3B,18629.74,road_transport,uncovered
PT,2001,CRF1A3B,19001.58,road_transport,uncovered
PT,2002,CRF1A3B,19456.44,road_transport,uncovered
PT,2003,CRF1A3B,19372.87,road_transport,uncovered
PT,2004,CRF1A3B,19305.69,road_transport,uncovered
PT,2005,CRF1A3B,19013.95,road_transport,uncovered
PT,2006,CRF1A3B,19046.54,road_transport,uncovered
PT,2007,CRF1A3B,18645.65,road_transport,uncovered
PT,2008,CRF1A3B,18336.74,road_transport,uncovered
PT,2009,CRF1A3B,18306.09,road_transport,uncovered
PT,2010,CRF1A3B,18102.17,road_transport,uncovered
PT,2011,CRF1A3B,16830.3,road_transport,uncovered
PT,2012,CRF1A3B,15432.74,road_transport,uncovered
PT,2013,CRF1A3B,15087.77,road_transport,uncovered
PT,2014,CRF1A3B,15403.22,road_transport,uncovered
PT,2015,CRF1A3B,15523.36,road_transport,uncovered
PT,2016,CRF1A3B,15925.13,road_transport,uncovered
PT,2017,CRF1A3B,16206.79,road_transport,uncovered
PT,2018,CRF1A3B,16279.64,road_transport,uncovered
PT,2019,CRF1A3B,16766.67,road_transport,uncovered
PT,2020,CRF1A3B,14195.28,road_transport,uncovered
PT,2021,CRF1A3B,15173.93,road_transport,uncovered
PT,2022,CRF1A3B,16165.56,road_transport,uncovered
PT,2023,CRF1A3B,17240.55,road_transport,uncovered
PT,2024,CRF1A3B,17044.76,road_transport,uncovered
RO,1990,CRF1A3B,10365.55,road_transport,uncovered
RO,1991,CRF1A3B,8458.21,road_transport,uncovered
RO,1992,CRF1A3B,8379.88,road_transport,uncovered
RO,1993,CRF1A3B,7006.57,road_transport,uncovered
RO,1994,CRF1A3B,7653.04,road_transport,uncovered
RO,1995,CRF1A3B,7020.02,road_transport,uncovered
RO,1996,CRF1A3B,10186.11,road_transport,uncovered
RO,1997,CRF1A3B,9811.96,road_transport,uncovered
RO,1998,CRF1A3B,9608.98,road_transport,uncovered
RO,1999,CRF1A3B,7861.12,road_transport,uncovered
RO,2000,CRF1A3B,8241.22,road_transport,uncovered
RO,2001,CRF1A3B,10756.42,road_transport,uncovered
RO,2002,CRF1A3B,10926.41,road_transport,uncovered
RO,2003,CRF1A3B,11772.41,road_transport,uncovered
RO,2004,CRF1A3B,12225.07,road_transport,uncovered
RO,2005,CRF1A3B,11702.7,road_transport,uncovered
RO,2006,CRF1A3B,12163.82,road_transport,uncovered
RO,2007,CRF1A3B,12172.92,road_transport,uncovered
RO,2008,CRF1A3B,13718.03,road_transport,uncovered
RO,2009,CRF1A3B,13988.93,road_transport,uncovered
RO,2010,CRF1A3B,13015.85,road_transport,uncovered
RO,2011,CRF1A3B,13086.87,road_transport,uncovered
RO,2012,CRF1A3B,14147.72,road_transport,uncovered
RO,2013,CRF1A3B,14042.53,road_transport,uncovered
RO,2014,CRF1A3B,14837.54,road_transport,uncovered
RO,2015,CRF1A3B,14907.69,road_transport,uncovered
RO,2016,CRF1A3B,16014.36,road_transport,uncovered
RO,2017,CRF1A3B,17066.35,road_transport,uncovered
RO,2018,CRF1A3B,17605.03,road_transport,uncovered
RO,2019,CRF1A3B,17922.77,road_transport,uncovered
RO,2020,CRF1A3B,17505.36,road_transport,uncovered
RO,2021,CRF1A3B,18557.33,road_transport,uncovered
RO,2022,CRF1A3B,20184.61,road_transport,uncovered
RO,2023,CRF1A3B,21233.83,road_transport,uncovered
RO,2024,CRF1A3B,21839.75,road_transport,uncovered
SE,1990,CRF1A3B,17650.53,road_transport,uncovered
SE,1991,CRF1A3B,17574.65,road_transport,uncovered
SE,1992,CRF1A3B,18458.29,road_transport,uncovered
SE,1993,CRF1A3B,17757.39,road_transport,uncovered
SE,1994,CRF1A3B,18321.43,road_transport,uncovered
SE,1995,CRF1A3B,18395.86,road_transport,uncovered
SE,1996,CRF1A3B,18190.21,road_transport,uncovered
SE,1997,CRF1A3B,18221.23,road_transport,uncovered
SE,1998,CRF1A3B,18341.52,road_transport,uncovered
SE,1999,CRF1A3B,18641.48,road_transport,uncovered
SE,2000,CRF1A3B,18603.14,road_transport,uncovered
SE,2001,CRF1A3B,18800.37,road_transport,uncovered
SE,2002,CRF1A3B,19281.5,road_transport,uncovered
SE,2003,CRF1A3B,19498.51,road_transport,uncovered
SE,2004,CRF1A3B,19782.78,road_transport,uncovered
SE,2005,CRF1A3B,20059.1,road_transport,uncovered
SE,2006,CRF1A3B,20031.07,road_transport,uncovered
SE,2007,CRF1A3B,20342.93,road_transport,uncovered
SE,2008,CRF1A3B,19891.83,road_transport,uncovered
SE,2009,CRF1A3B,19495.73,road_transport,uncovered
SE,2010,CRF1A3B,19644.99,road_transport,uncovered
SE,2011,CRF1A3B,19211.89,road_transport,uncovered
SE,2012,CRF1A3B,18109.58,road_transport,uncovered
SE,2013,CRF1A3B,17673.46,road_transport,uncovered
SE,2014,CRF1A3B,17263.56,road_transport,uncovered
SE,2015,CRF1A3B,17351.3,road_transport,uncovered
SE,2016,CRF1A3B,16606.95,road_transport,uncovered
SE,2017,CRF1A3B,16231.93,road_transport,uncovered
SE,2018,CRF1A3B,15517.61,road_transport,uncovered
SE,2019,CRF1A3B,15455.45,road_transport,uncovered
SE,2020,CRF1A3B,14380.82,road_transport,uncovered
SE,2021,CRF1A3B,14373.29,road_transport,uncovered
SE,2022,CRF1A3B,12704.24,road_transport,uncovered
SE,2023,CRF1A3B,12631.92,road_transport,uncovered
SE,2024,CRF1A3B,15707.59,road_transport,uncovered
SI,1990,CRF1A3B,2606.83,road_transport,uncovered
SI,1991,CRF1A3B,2458.45,road_transport,uncovered
SI,1992,CRF1A3B,2523.34,road_transport,uncovered
SI,1993,CRF1A3B,3063.11,road_transport,uncovered
SI,1994,CRF1A3B,3427.87,road_transport,uncovered
SI,1995,CRF1A3B,3824.24,road_transport,uncovered
SI,1996,CRF1A3B,4350.64,road_transport,uncovered
SI,1997,CRF1A3B,4559.3,road_transport,uncovered
SI,1998,CRF1A3B,3784.95,road_transport,uncovered
SI,1999,CRF1A3B,3579.83,road_transport,uncovered
SI,2000,CRF1A3B,3525.07,road_transport,uncovered
SI,2001,CRF1A3B,3684.9,road_transport,uncovered
SI,2002,CRF1A3B,3794.71,road_transport,uncovered
SI,2003,CRF1A3B,3848.86,road_transport,uncovered
SI,2004,CRF1A3B,4030.85,road_transport,uncovered
SI,2005,CRF1A3B,4299.69,road_transport,uncovered
SI,2006,CRF1A3B,4537.26,road_transport,uncovered
SI,2007,CRF1A3B,5137.72,road_transport,uncovered
SI,2008,CRF1A3B,6052.31,road_transport,uncovered
SI,2009,CRF1A3B,5075.54,road_transport,uncovered
SI,2010,CRF1A3B,5211.22,road_transport,uncovered
SI,2011,CRF1A3B,5559.6,road_transport,uncovered
SI,2012,CRF1A3B,5578.71,road_transport,uncovered
SI,2013,CRF1A3B,5279.56,road_transport,uncovered
SI,2014,CRF1A3B,5282.27,road_transport,uncovered
SI,2015,CRF1A3B,5254.28,road_transport,uncovered
SI,2016,CRF1A3B,5629.65,road_transport,uncovered
SI,2017,CRF1A3B,5757.95,road_transport,uncovered
SI,2018,CRF1A3B,5741.85,road_transport,uncovered
SI,2019,CRF1A3B,5536.92,road_transport,uncovered
SI,2020,CRF1A3B,4503.88,road_transport,uncovered
SI,2021,CRF1A3B,5124.21,road_transport,uncovered
SI,2022,CRF1A3B,5709.19,road_transport,uncovered
SI,2023,CRF1A3B,5285.22,road_transport,uncovered
SI,2024,CRF1A3B,5594.35,road_transport,uncovered
SK,1990,CRF1A3B,4503.02,road_transport,uncovered
SK,1991,CRF1A3B,3820.33,road_transport,uncovered
SK,1992,CRF1A3B,3544.54,road_transport,uncovered
SK,1993,CRF1A3B,3552.31,road_transport,uncovered
SK,1994,CRF1A3B,3804.83,road_transport,uncovered
SK,1995,CRF1A3B,4033.64,road_transport,uncovered
SK,1996,CRF1A3B,4089.46,road_transport,uncovered
SK,1997,CRF1A3B,4267.88,road_transport,uncovered
SK,1998,CRF1A3B,4562.4,road_transport,uncovered
SK,1999,CRF1A3B,4464.32,road_transport,uncovered
SK,2000,CRF1A3B,4077.9,road_transport,uncovered
SK,2001,CRF1A3B,4628.55,road_transport,uncovered
SK,2002,CRF1A3B,4849.88,road_transport,uncovered
SK,2003,CRF1A3B,4918.1,road_transport,uncovered
SK,2004,CRF1A3B,5201.93,road_transport,uncovered
SK,2005,CRF1A3B,6159.74,road_transport,uncovered
SK,2006,CRF1A3B,5734.85,road_transport,uncovered
SK,2007,CRF1A3B,6297.21,road_transport,uncovered
SK,2008,CRF1A3B,6503.19,road_transport,uncovered
SK,2009,CRF1A3B,5968.57,road_transport,uncovered
SK,2010,CRF1A3B,6435.39,road_transport,uncovered
SK,2011,CRF1A3B,5989.18,road_transport,uncovered
SK,2012,CRF1A3B,6379.91,road_transport,uncovered
SK,2013,CRF1A3B,6215.06,road_transport,uncovered
SK,2014,CRF1A3B,6267.79,road_transport,uncovered
SK,2015,CRF1A3B,6930.99,road_transport,uncovered
SK,2016,CRF1A3B,7064.01,road_transport,uncovered
SK,2017,CRF1A3B,7183.04,road_transport,uncovered
SK,2018,CRF1A3B,7338.66,road_transport,uncovered
SK,2019,CRF1A3B,7550.33,road_transport,uncovered
SK,2020,CRF1A3B,6743.42,road_transport,uncovered
SK,2021,CRF1A3B,7227.07,road_transport,uncovered
SK,2022,CRF1A3B,7583.55,road_transport,uncovered
SK,2023,CRF1A3B,7537.98,road_transport,uncovered
SK,2024,CRF1A3B,7410.83,road_transport,uncovered
TR,1990,CRF1A3B,24142.97,road_transport,uncovered
TR,1991,CRF1A3B,22685.57,road_transport,uncovered
TR,1992,CRF1A3B,23232.04,road_transport,uncovered
TR,1993,CRF1A3B,28403.0,road_transport,uncovered
TR,1994,CRF1A3B,26671.8,road_transport,uncovered
TR,1995,CRF1A3B,28941.72,road_transport,uncovered
TR,1996,CRF1A3B,30753.16,road_transport,uncovered
TR,1997,CRF1A3B,28992.55,road_transport,uncovered
TR,1998,CRF1A3B,27032.82,road_transport,uncovered
TR,1999,CRF1A3B,29346.49,road_transport,uncovered
TR,2000,CRF1A3B,30987.77,road_transport,uncovered
TR,2001,CRF1A3B,30693.5,road_transport,uncovered
TR,2002,CRF1A3B,31263.77,road_transport,uncovered
TR,2003,CRF1A3B,32517.43,road_transport,uncovered
TR,2004,CRF1A3B,34229.51,road_transport,uncovered
TR,2005,CRF1A3B,34668.43,road_transport,uncovered
TR,2006,CRF1A3B,37463.39,road_transport,uncovered
TR,2007,CRF1A3B,42689.16,road_transport,uncovered
TR,2008,CRF1A3B,39630.26,road_transport,uncovered
TR,2009,CRF1A3B,39289.36,road_transport,uncovered
TR,2010,CRF1A3B,39033.32,road_transport,uncovered
TR,2011,CRF1A3B,39994.81,road_transport,uncovered
TR,2012,CRF1A3B,55141.73,road_transport,uncovered
TR,2013,CRF1A3B,61607.36,road_transport,uncovered
TR,2014,CRF1A3B,65608.16,road_transport,uncovered
TR,2015,CRF1A3B,67889.31,road_transport,uncovered
TR,2016,CRF1A3B,74055.25,road_transport,uncovered
TR,2017,CRF1A3B,77094.4,road_transport,uncovered
TR,2018,CRF1A3B,77289.17,road_transport,uncovered
TR,2019,CRF1A3B,75130.61,road_transport,uncovered
TR,2020,CRF1A3B,75024.21,road_transport,uncovered
TR,2021,CRF1A3B,84698.63,road_transport,uncovered
TR,2022,CRF1A3B,84698.25,road_transport,uncovered
TR,2023,CRF1A3B,91796.0,road_transport,uncovered
TR,2024,CRF1A3B,95112.06,road_transport,uncovered
AT,1990,CRF1A4A,2291.73,commercial,uncovered
AT,1991,CRF1A4A,2392.15,commercial,uncovered
AT,1992,CRF1A4A,2818.23,commercial,uncovered
AT,1993,CRF1A4A,2992.08,commercial,uncovered
AT,1994,CRF1A4A,2475.53,commercial,uncovered
AT,1995,CRF1A4A,3038.31,commercial,uncovered
AT,1996,CRF1A4A,3201.33,commercial,uncovered
AT,1997,CRF1A4A,3288.0,commercial,uncovered
AT,1998,CRF1A4A,3090.66,commercial,uncovered
AT,1999,CRF1A4A,3607.58,commercial,uncovered
AT,2000,CRF1A4A,2796.93,commercial,uncovered
AT,2001,CRF1A4A,3793.76,commercial,uncovered
AT,2002,CRF1A4A,3627.76,commercial,uncovered
AT,2003,CRF1A4A,4220.49,commercial,uncovered
AT,2004,CRF1A4A,3972.06,commercial,uncovered
AT,2005,CRF1A4A,3417.52,commercial,uncovered
AT,2006,CRF1A4A,3606.39,commercial,uncovered
AT,2007,CRF1A4A,2607.12,commercial,uncovered
AT,2008,CRF1A4A,2763.63,commercial,uncovered
AT,2009,CRF1A4A,2205.8,commercial,uncovered
AT,2010,CRF1A4A,1659.58,commercial,uncovered
AT,2011,CRF1A4A,1486.65,commercial,uncovered
AT,2012,CRF1A4A,1361.01,commercial,uncovered
AT,2013,CRF1A4A,1387.22,commercial,uncovered
AT,2014,CRF1A4A,1246.76,commercial,uncovered
AT,2015,CRF1A4A,1289.2,commercial,uncovered
AT,2016,CRF1A4A,1223.64,commercial,uncovered
AT,2017,CRF1A4A,1419.55,commercial,uncovered
AT,2018,CRF1A4A,1362.2,commercial,uncovered
AT,2019,CRF1A4A,1367.6,commercial,uncovered
AT,2020,CRF1A4A,1289.55,commercial,uncovered
AT,2021,CRF1A4A,1524.36,commercial,uncovered
AT,2022,CRF1A4A,1214.79,commercial,uncovered
AT,2023,CRF1A4A,1010.13,commercial,uncovered
AT,2024,CRF1A4A,1083.6,commercial,uncovered
BE,1990,CRF1A4A,4170.26,commercial,uncovered
BE,1991,CRF1A4A,5328.14,commercial,uncovered
BE,1992,CRF1A4A,5241.74,commercial,uncovered
BE,1993,CRF1A4A,5406.8,commercial,uncovered
BE,1994,CRF1A4A,5934.28,commercial,uncovered
BE,1995,CRF1A4A,5502.72,commercial,uncovered
BE,1996,CRF1A4A,6601.73,commercial,uncovered
BE,1997,CRF1A4A,5971.03,commercial,uncovered
BE,1998,CRF1A4A,5997.74,commercial,uncovered
BE,1999,CRF1A4A,5999.73,commercial,uncovered
BE,2000,CRF1A4A,5922.9,commercial,uncovered
BE,2001,CRF1A4A,6251.56,commercial,uncovered
BE,2002,CRF1A4A,5982.86,commercial,uncovered
BE,2003,CRF1A4A,6271.1,commercial,uncovered
BE,2004,CRF1A4A,6282.72,commercial,uncovered
BE,2005,CRF1A4A,6104.49,commercial,uncovered
BE,2006,CRF1A4A,5681.7,commercial,uncovered
BE,2007,CRF1A4A,5324.83,commercial,uncovered
BE,2008,CRF1A4A,6022.7,commercial,uncovered
BE,2009,CRF1A4A,6192.23,commercial,uncovered
BE,2010,CRF1A4A,6588.82,commercial,uncovered
BE,2011,CRF1A4A,5346.32,commercial,uncovered
BE,2012,CRF1A4A,5746.64,commercial,uncovered
BE,2013,CRF1A4A,6010.29,commercial,uncovered
BE,2014,CRF1A4A,4965.38,commercial,uncovered
BE,2015,CRF1A4A,5544.93,commercial,uncovered
BE,2016,CRF1A4A,5578.64,commercial,uncovered
BE,2017,CRF1A4A,5605.53,commercial,uncovered
BE,2018,CRF1A4A,5692.9,commercial,uncovered
BE,2019,CRF1A4A,5616.48,commercial,uncovered
BE,2020,CRF1A4A,5267.08,commercial,uncovered
BE,2021,CRF1A4A,5763.68,commercial,uncovered
BE,2022,CRF1A4A,4640.47,commercial,uncovered
BE,2023,CRF1A4A,4378.15,commercial,uncovered
BE,2024,CRF1A4A,4456.74,commercial,uncovered
BG,1990,CRF1A4A,3116.96,commercial,uncovered
BG,1991,CRF1A4A,908.03,commercial,uncovered
BG,1992,CRF1A4A,425.24,commercial,uncovered
BG,1993,CRF1A4A,474.78,commercial,uncovered
BG,1994,CRF1A4A,1027.07,commercial,uncovered
BG,1995,CRF1A4A,386.17,commercial,uncovered
BG,1996,CRF1A4A,454.45,commercial,uncovered
BG,1997,CRF1A4A,172.05,commercial,uncovered
BG,1998,CRF1A4A,352.89,commercial,uncovered
BG,1999,CRF1A4A,487.78,commercial,uncovered
BG,2000,CRF1A4A,330.75,commercial,uncovered
BG,2001,CRF1A4A,581.72,commercial,uncovered
BG,2002,CRF1A4A,398.43,commercial,uncovered
BG,2003,CRF1A4A,287.93,commercial,uncovered
BG,2004,CRF1A4A,205.31,commercial,uncovered
BG,2005,CRF1A4A,230.79,commercial,uncovered
BG,2006,CRF1A4A,381.09,commercial,uncovered
BG,2007,CRF1A4A,324.12,commercial,uncovered
BG,2008,CRF1A4A,400.91,commercial,uncovered
BG,2009,CRF1A4A,375.0,commercial,uncovered
BG,2010,CRF1A4A,342.37,commercial,uncovered
BG,2011,CRF1A4A,318.57,commercial,uncovered
BG,2012,CRF1A4A,310.23,commercial,uncovered
BG,2013,CRF1A4A,273.25,commercial,uncovered
BG,2014,CRF1A4A,250.59,commercial,uncovered
BG,2015,CRF1A4A,349.92,commercial,uncovered
BG,2016,CRF1A4A,353.04,commercial,uncovered
BG,2017,CRF1A4A,341.3,commercial,uncovered
BG,2018,CRF1A4A,314.17,commercial,uncovered
BG,2019,CRF1A4A,312.79,commercial,uncovered
BG,2020,CRF1A4A,284.28,commercial,uncovered
BG,2021,CRF1A4A,337.19,commercial,uncovered
BG,2022,CRF1A4A,334.63,commercial,uncovered
BG,2023,CRF1A4A,310.64,commercial,uncovered
BG,2024,CRF1A4A,304.7,commercial,uncovered
CH,1990,CRF1A4A,4846.95,commercial,uncovered
CH,1991,CRF1A4A,5528.14,commercial,uncovered
CH,1992,CRF1A4A,5574.93,commercial,uncovered
CH,1993,CRF1A4A,5643.12,commercial,uncovered
CH,1994,CRF1A4A,5046.62,commercial,uncovered
CH,1995,CRF1A4A,5253.89,commercial,uncovered
CH,1996,CRF1A4A,5735.61,commercial,uncovered
CH,1997,CRF1A4A,5129.12,commercial,uncovered
CH,1998,CRF1A4A,5554.23,commercial,uncovered
CH,1999,CRF1A4A,5127.02,commercial,uncovered
CH,2000,CRF1A4A,4953.79,commercial,uncovered
CH,2001,CRF1A4A,5734.36,commercial,uncovered
CH,2002,CRF1A4A,5003.44,commercial,uncovered
CH,2003,CRF1A4A,5379.71,commercial,uncovered
CH,2004,CRF1A4A,5235.05,commercial,uncovered
CH,2005,CRF1A4A,5312.75,commercial,uncovered
CH,2006,CRF1A4A,4947.52,commercial,uncovered
CH,2007,CRF1A4A,4443.06,commercial,uncovered
CH,2008,CRF1A4A,4681.65,commercial,uncovered
CH,2009,CRF1A4A,4512.45,commercial,uncovered
CH,2010,CRF1A4A,4890.72,commercial,uncovered
CH,2011,CRF1A4A,4003.05,commercial,uncovered
CH,2012,CRF1A4A,4357.22,commercial,uncovered
CH,2013,CRF1A4A,4663.95,commercial,uncovered
CH,2014,CRF1A4A,3603.72,commercial,uncovered
CH,2015,CRF1A4A,3921.46,commercial,uncovered
CH,2016,CRF1A4A,4087.83,commercial,uncovered
CH,2017,CRF1A4A,3895.71,commercial,uncovered
CH,2018,CRF1A4A,3488.8,commercial,uncovered
CH,2019,CRF1A4A,3480.8,commercial,uncovered
CH,2020,CRF1A4A,3228.08,commercial,uncovered
CH,2021,CRF1A4A,3671.88,commercial,uncovered
CH,2022,CRF1A4A,2929.45,commercial,uncovered
CH,2023,CRF1A4A,2843.28,commercial,uncovered
CH,2024,CRF1A4A,2807.63,commercial,uncovered
CY,1990,CRF1A4A,75.21,commercial,uncovered
CY,1991,CRF1A4A,90.5,commercial,uncovered
CY,1992,CRF1A4A,102.28,commercial,uncovered
CY,1993,CRF1A4A,98.86,commercial,uncovered
CY,1994,CRF1A4A,100.88,commercial,uncovered
CY,1995,CRF1A4A,104.21,commercial,uncovered
CY,1996,CRF1A4A,108.91,commercial,uncovered
CY,1997,CRF1A4A,107.16,commercial,uncovered
CY,1998,CRF1A4A,109.41,commercial,uncovered
CY,1999,CRF1A4A,110.49,commercial,uncovered
CY,2000,CRF1A4A,115.77,commercial,uncovered
CY,2001,CRF1A4A,114.41,commercial,uncovered
CY,2002,CRF1A4A,112.38,commercial,uncovered
CY,2003,CRF1A4A,117.97,commercial,uncovered
CY,2004,CRF1A4A,110.49,commercial,uncovered
CY,2005,CRF1A4A,98.26,commercial,uncovered
CY,2006,CRF1A4A,105.59,commercial,uncovered
CY,2007,CRF1A4A,102.41,commercial,uncovered
CY,2008,CRF1A4A,111.76,commercial,uncovered
CY,2009,CRF1A4A,105.59,commercial,uncovered
CY,2010,CRF1A4A,118.34,commercial,uncovered
CY,2011,CRF1A4A,111.76,commercial,uncovered
CY,2012,CRF1A4A,105.27,commercial,uncovered
CY,2013,CRF1A4A,102.49,commercial,uncovered
CY,2014,CRF1A4A,80.51,commercial,uncovered
CY,2015,CRF1A4A,86.62,commercial,uncovered
CY,2016,CRF1A4A,80.37,commercial,uncovered
CY,2017,CRF1A4A,90.37,commercial,uncovered
CY,2018,CRF1A4A,88.6,commercial,uncovered
CY,2019,CRF1A4A,116.95,commercial,uncovered
CY,2020,CRF1A4A,84.98,commercial,uncovered
CY,2021,CRF1A4A,92.87,commercial,uncovered
CY,2022,CRF1A4A,101.95,commercial,uncovered
CY,2023,CRF1A4A,103.36,commercial,uncovered
CY,2024,CRF1A4A,105.54,commercial,uncovered
CZ,1990,CRF1A4A,9907.15,commercial,uncovered
CZ,1991,CRF1A4A,9554.23,commercial,uncovered
CZ,1992,CRF1A4A,5210.1,commercial,uncovered
CZ,1993,CRF1A4A,8978.96,commercial,uncovered
CZ,1994,CRF1A4A,6900.63,commercial,uncovered
CZ,1995,CRF1A4A,5744.03,commercial,uncovered
CZ,1996,CRF1A4A,2733.18,commercial,uncovered
CZ,1997,CRF1A4A,3403.61,commercial,uncovered
CZ,1998,CRF1A4A,4018.96,commercial,uncovered
CZ,1999,CRF1A4A,4744.13,commercial,uncovered
CZ,2000,CRF1A4A,4965.13,commercial,uncovered
CZ,2001,CRF1A4A,4475.99,commercial,uncovered
CZ,2002,CRF1A4A,4248.62,commercial,uncovered
CZ,2003,CRF1A4A,5230.22,commercial,uncovered
CZ,2004,CRF1A4A,4992.27,commercial,uncovered
CZ,2005,CRF1A4A,3510.73,commercial,uncovered
CZ,2006,CRF1A4A,3796.8,commercial,uncovered
CZ,2007,CRF1A4A,3307.46,commercial,uncovered
CZ,2008,CRF1A4A,3734.26,commercial,uncovered
CZ,2009,CRF1A4A,3175.08,commercial,uncovered
CZ,2010,CRF1A4A,3359.28,commercial,uncovered
CZ,2011,CRF1A4A,3207.62,commercial,uncovered
CZ,2012,CRF1A4A,3040.09,commercial,uncovered
CZ,2013,CRF1A4A,2898.53,commercial,uncovered
CZ,2014,CRF1A4A,2810.57,commercial,uncovered
CZ,2015,CRF1A4A,2810.7,commercial,uncovered
CZ,2016,CRF1A4A,2889.3,commercial,uncovered
CZ,2017,CRF1A4A,3095.34,commercial,uncovered
CZ,2018,CRF1A4A,2777.68,commercial,uncovered
CZ,2019,CRF1A4A,2941.61,commercial,uncovered
CZ,2020,CRF1A4A,2680.58,commercial,uncovered
CZ,2021,CRF1A4A,2559.02,commercial,uncovered
CZ,2022,CRF1A4A,2302.31,commercial,uncovered
CZ,2023,CRF1A4A,2049.43,commercial,uncovered
CZ,2024,CRF1A4A,2263.56,commercial,uncovered
DE,1990,CRF1A4A,64025.93,commercial,uncovered
DE,1991,CRF1A4A,64704.85,commercial,uncovered
DE,1992,CRF1A4A,57718.72,commercial,uncovered
DE,1993,CRF1A4A,55478.26,commercial,uncovered
DE,1994,CRF1A4A,51078.22,commercial,uncovered
DE,1995,CRF1A4A,52912.64,commercial,uncovered
DE,1996,CRF1A4A,63670.77,commercial,uncovered
DE,1997,CRF1A4A,54568.15,commercial,uncovered
DE,1998,CRF1A4A,53058.36,commercial,uncovered
DE,1999,CRF1A4A,49001.84,commercial,uncovered
DE,2000,CRF1A4A,45278.56,commercial,uncovered
DE,2001,CRF1A4A,52501.96,commercial,uncovered
DE,2002,CRF1A4A,49580.03,commercial,uncovered
DE,2003,CRF1A4A,40157.9,commercial,uncovered
DE,2004,CRF1A4A,36366.24,commercial,uncovered
DE,2005,CRF1A4A,37520.76,commercial,uncovered
DE,2006,CRF1A4A,45167.26,commercial,uncovered
DE,2007,CRF1A4A,33471.11,commercial,uncovered
DE,2008,CRF1A4A,38346.77,commercial,uncovered
DE,2009,CRF1A4A,35740.31,commercial,uncovered
DE,2010,CRF1A4A,36935.29,commercial,uncovered
DE,2011,CRF1A4A,34354.73,commercial,uncovered
DE,2012,CRF1A4A,33101.67,commercial,uncovered
DE,2013,CRF1A4A,37756.78,commercial,uncovered
DE,2014,CRF1A4A,33147.55,commercial,uncovered
DE,2015,CRF1A4A,34786.38,commercial,uncovered
DE,2016,CRF1A4A,31241.59,commercial,uncovered
DE,2017,CRF1A4A,31937.22,commercial,uncovered
DE,2018,CRF1A4A,27016.66,commercial,uncovered
DE,2019,CRF1A4A,25884.76,commercial,uncovered
DE,2020,CRF1A4A,24794.45,commercial,uncovered
DE,2021,CRF1A4A,24726.39,commercial,uncovered
DE,2022,CRF1A4A,25020.25,commercial,uncovered
DE,2023,CRF1A4A,21954.63,commercial,uncovered
DE,2024,CRF1A4A,21323.69,commercial,uncovered
DK,1990,CRF1A4A,1567.02,commercial,uncovered
DK,1991,CRF1A4A,1467.74,commercial,uncovered
DK,1992,CRF1A4A,1362.85,commercial,uncovered
DK,1993,CRF1A4A,1439.0,commercial,uncovered
DK,1994,CRF1A4A,1282.65,commercial,uncovered
DK,1995,CRF1A4A,1289.71,commercial,uncovered
DK,1996,CRF1A4A,1455.64,commercial,uncovered
DK,1997,CRF1A4A,1306.85,commercial,uncovered
DK,1998,CRF1A4A,1201.8,commercial,uncovered
DK,1999,CRF1A4A,1186.77,commercial,uncovered
DK,2000,CRF1A4A,1062.45,commercial,uncovered
DK,2001,CRF1A4A,1039.17,commercial,uncovered
DK,2002,CRF1A4A,1039.03,commercial,uncovered
DK,2003,CRF1A4A,1174.41,commercial,uncovered
DK,2004,CRF1A4A,1142.22,commercial,uncovered
DK,2005,CRF1A4A,1144.49,commercial,uncovered
DK,2006,CRF1A4A,1192.03,commercial,uncovered
DK,2007,CRF1A4A,1118.47,commercial,uncovered
DK,2008,CRF1A4A,1135.32,commercial,uncovered
DK,2009,CRF1A4A,1092.65,commercial,uncovered
DK,2010,CRF1A4A,1099.63,commercial,uncovered
DK,2011,CRF1A4A,901.11,commercial,uncovered
DK,2012,CRF1A4A,958.61,commercial,uncovered
DK,2013,CRF1A4A,968.33,commercial,uncovered
DK,2014,CRF1A4A,793.13,commercial,uncovered
DK,2015,CRF1A4A,843.34,commercial,uncovered
DK,2016,CRF1A4A,838.2,commercial,uncovered
DK,2017,CRF1A4A,831.16,commercial,uncovered
DK,2018,CRF1A4A,798.18,commercial,uncovered
DK,2019,CRF1A4A,676.7,commercial,uncovered
DK,2020,CRF1A4A,628.61,commercial,uncovered
DK,2021,CRF1A4A,677.75,commercial,uncovered
DK,2022,CRF1A4A,482.27,commercial,uncovered
DK,2023,CRF1A4A,454.49,commercial,uncovered
DK,2024,CRF1A4A,460.49,commercial,uncovered
EE,1990,CRF1A4A,164.52,commercial,uncovered
EE,1991,CRF1A4A,163.68,commercial,uncovered
EE,1992,CRF1A4A,106.71,commercial,uncovered
EE,1993,CRF1A4A,79.75,commercial,uncovered
EE,1994,CRF1A4A,74.62,commercial,uncovered
EE,1995,CRF1A4A,99.17,commercial,uncovered
EE,1996,CRF1A4A,120.42,commercial,uncovered
EE,1997,CRF1A4A,148.24,commercial,uncovered
EE,1998,CRF1A4A,163.86,commercial,uncovered
EE,1999,CRF1A4A,172.01,commercial,uncovered
EE,2000,CRF1A4A,214.52,commercial,uncovered
EE,2001,CRF1A4A,281.09,commercial,uncovered
EE,2002,CRF1A4A,227.65,commercial,uncovered
EE,2003,CRF1A4A,295.63,commercial,uncovered
EE,2004,CRF1A4A,284.43,commercial,uncovered
EE,2005,CRF1A4A,273.56,commercial,uncovered
EE,2006,CRF1A4A,240.92,commercial,uncovered
EE,2007,CRF1A4A,236.42,commercial,uncovered
EE,2008,CRF1A4A,200.92,commercial,uncovered
EE,2009,CRF1A4A,179.55,commercial,uncovered
EE,2010,CRF1A4A,167.99,commercial,uncovered
EE,2011,CRF1A4A,209.11,commercial,uncovered
EE,2012,CRF1A4A,222.42,commercial,uncovered
EE,2013,CRF1A4A,233.98,commercial,uncovered
EE,2014,CRF1A4A,255.33,commercial,uncovered
EE,2015,CRF1A4A,266.51,commercial,uncovered
EE,2016,CRF1A4A,267.9,commercial,uncovered
EE,2017,CRF1A4A,253.97,commercial,uncovered
EE,2018,CRF1A4A,263.19,commercial,uncovered
EE,2019,CRF1A4A,234.57,commercial,uncovered
EE,2020,CRF1A4A,240.14,commercial,uncovered
EE,2021,CRF1A4A,250.49,commercial,uncovered
EE,2022,CRF1A4A,180.66,commercial,uncovered
EE,2023,CRF1A4A,163.25,commercial,uncovered
EE,2024,CRF1A4A,176.4,commercial,uncovered
EL,1990,CRF1A4A,518.86,commercial,uncovered
EL,1991,CRF1A4A,687.03,commercial,uncovered
EL,1992,CRF1A4A,637.03,commercial,uncovered
EL,1993,CRF1A4A,606.03,commercial,uncovered
EL,1994,CRF1A4A,620.56,commercial,uncovered
EL,1995,CRF1A4A,666.17,commercial,uncovered
EL,1996,CRF1A4A,807.04,commercial,uncovered
EL,1997,CRF1A4A,780.02,commercial,uncovered
EL,1998,CRF1A4A,795.19,commercial,uncovered
EL,1999,CRF1A4A,768.33,commercial,uncovered
EL,2000,CRF1A4A,784.84,commercial,uncovered
EL,2001,CRF1A4A,1020.58,commercial,uncovered
EL,2002,CRF1A4A,1039.36,commercial,uncovered
EL,2003,CRF1A4A,1140.95,commercial,uncovered
EL,2004,CRF1A4A,1231.79,commercial,uncovered
EL,2005,CRF1A4A,1549.3,commercial,uncovered
EL,2006,CRF1A4A,1610.97,commercial,uncovered
EL,2007,CRF1A4A,1511.83,commercial,uncovered
EL,2008,CRF1A4A,1507.59,commercial,uncovered
EL,2009,CRF1A4A,1240.22,commercial,uncovered
EL,2010,CRF1A4A,1150.18,commercial,uncovered
EL,2011,CRF1A4A,1084.52,commercial,uncovered
EL,2012,CRF1A4A,1352.92,commercial,uncovered
EL,2013,CRF1A4A,828.54,commercial,uncovered
EL,2014,CRF1A4A,560.86,commercial,uncovered
EL,2015,CRF1A4A,713.11,commercial,uncovered
EL,2016,CRF1A4A,694.65,commercial,uncovered
EL,2017,CRF1A4A,710.62,commercial,uncovered
EL,2018,CRF1A4A,683.48,commercial,uncovered
EL,2019,CRF1A4A,734.06,commercial,uncovered
EL,2020,CRF1A4A,582.79,commercial,uncovered
EL,2021,CRF1A4A,624.41,commercial,uncovered
EL,2022,CRF1A4A,612.0,commercial,uncovered
EL,2023,CRF1A4A,646.94,commercial,uncovered
EL,2024,CRF1A4A,718.62,commercial,uncovered
ES,1990,CRF1A4A,3809.28,commercial,uncovered
ES,1991,CRF1A4A,4585.25,commercial,uncovered
ES,1992,CRF1A4A,4956.86,commercial,uncovered
ES,1993,CRF1A4A,4312.06,commercial,uncovered
ES,1994,CRF1A4A,4690.14,commercial,uncovered
ES,1995,CRF1A4A,5423.55,commercial,uncovered
ES,1996,CRF1A4A,5262.05,commercial,uncovered
ES,1997,CRF1A4A,5495.53,commercial,uncovered
ES,1998,CRF1A4A,5684.56,commercial,uncovered
ES,1999,CRF1A4A,6215.63,commercial,uncovered
ES,2000,CRF1A4A,7012.78,commercial,uncovered
ES,2001,CRF1A4A,7585.84,commercial,uncovered
ES,2002,CRF1A4A,7693.32,commercial,uncovered
ES,2003,CRF1A4A,7096.48,commercial,uncovered
ES,2004,CRF1A4A,7966.73,commercial,uncovered
ES,2005,CRF1A4A,8970.12,commercial,uncovered
ES,2006,CRF1A4A,11528.62,commercial,uncovered
ES,2007,CRF1A4A,9197.41,commercial,uncovered
ES,2008,CRF1A4A,9842.24,commercial,uncovered
ES,2009,CRF1A4A,10790.33,commercial,uncovered
ES,2010,CRF1A4A,13078.06,commercial,uncovered
ES,2011,CRF1A4A,13711.7,commercial,uncovered
ES,2012,CRF1A4A,12283.41,commercial,uncovered
ES,2013,CRF1A4A,10139.99,commercial,uncovered
ES,2014,CRF1A4A,8269.3,commercial,uncovered
ES,2015,CRF1A4A,7968.03,commercial,uncovered
ES,2016,CRF1A4A,8474.72,commercial,uncovered
ES,2017,CRF1A4A,9223.89,commercial,uncovered
ES,2018,CRF1A4A,9842.05,commercial,uncovered
ES,2019,CRF1A4A,9347.04,commercial,uncovered
ES,2020,CRF1A4A,8899.7,commercial,uncovered
ES,2021,CRF1A4A,9707.55,commercial,uncovered
ES,2022,CRF1A4A,8959.64,commercial,uncovered
ES,2023,CRF1A4A,8696.03,commercial,uncovered
ES,2024,CRF1A4A,9285.27,commercial,uncovered
EU27_2020,1990,CRF1A4A,169541.69,commercial,uncovered
EU27_2020,1991,CRF1A4A,175159.5,commercial,uncovered
EU27_2020,1992,CRF1A4A,157990.91,commercial,uncovered
EU27_2020,1993,CRF1A4A,157867.67,commercial,uncovered
EU27_2020,1994,CRF1A4A,146211.59,commercial,uncovered
EU27_2020,1995,CRF1A4A,147673.29,commercial,uncovered
EU27_2020,1996,CRF1A4A,161634.94,commercial,uncovered
EU27_2020,1997,CRF1A4A,149870.06,commercial,uncovered
EU27_2020,1998,CRF1A4A,149598.9,commercial,uncovered
EU27_2020,1999,CRF1A4A,149781.6,commercial,uncovered
EU27_2020,2000,CRF1A4A,142706.94,commercial,uncovered
EU27_2020,2001,CRF1A4A,155788.33,commercial,uncovered
EU27_2020,2002,CRF1A4A,149562.04,commercial,uncovered
EU27_2020,2003,CRF1A4A,148902.95,commercial,uncovered
EU27_2020,2004,CRF1A4A,148887.77,commercial,uncovered
EU27_2020,2005,CRF1A4A,150594.11,commercial,uncovered
EU27_2020,2006,CRF1A4A,159901.09,commercial,uncovered
EU27_2020,2007,CRF1A4A,139615.47,commercial,uncovered
EU27_2020,2008,CRF1A4A,151851.24,commercial,uncovered
EU27_2020,2009,CRF1A4A,150682.35,commercial,uncovered
EU27_2020,2010,CRF1A4A,157573.88,commercial,uncovered
EU27_2020,2011,CRF1A4A,134899.92,commercial,uncovered
EU27_2020,2012,CRF1A4A,134226.65,commercial,uncovered
EU27_2020,2013,CRF1A4A,136525.08,commercial,uncovered
EU27_2020,2014,CRF1A4A,118978.96,commercial,uncovered
EU27_2020,2015,CRF1A4A,124341.07,commercial,uncovered
EU27_2020,2016,CRF1A4A,121599.61,commercial,uncovered
EU27_2020,2017,CRF1A4A,122814.6,commercial,uncovered
EU27_2020,2018,CRF1A4A,118790.77,commercial,uncovered
EU27_2020,2019,CRF1A4A,114634.02,commercial,uncovered
EU27_2020,2020,CRF1A4A,107662.37,commercial,uncovered
EU27_2020,2021,CRF1A4A,111771.91,commercial,uncovered
EU27_2020,2022,CRF1A4A,100550.51,commercial,uncovered
EU27_2020,2023,CRF1A4A,95227.91,commercial,uncovered
EU27_2020,2024,CRF1A4A,95181.34,commercial,uncovered
FI,1990,CRF1A4A,2472.69,commercial,uncovered
FI,1991,CRF1A4A,2411.83,commercial,uncovered
FI,1992,CRF1A4A,2506.72,commercial,uncovered
FI,1993,CRF1A4A,2197.9,commercial,uncovered
FI,1994,CRF1A4A,1896.63,commercial,uncovered
FI,1995,CRF1A4A,1578.79,commercial,uncovered
FI,1996,CRF1A4A,1638.75,commercial,uncovered
FI,1997,CRF1A4A,1651.97,commercial,uncovered
FI,1998,CRF1A4A,1674.89,commercial,uncovered
FI,1999,CRF1A4A,1669.45,commercial,uncovered
FI,2000,CRF1A4A,1569.02,commercial,uncovered
FI,2001,CRF1A4A,1612.67,commercial,uncovered
FI,2002,CRF1A4A,1599.1,commercial,uncovered
FI,2003,CRF1A4A,1572.33,commercial,uncovered
FI,2004,CRF1A4A,1542.26,commercial,uncovered
FI,2005,CRF1A4A,1481.79,commercial,uncovered
FI,2006,CRF1A4A,1470.98,commercial,uncovered
FI,2007,CRF1A4A,1434.28,commercial,uncovered
FI,2008,CRF1A4A,1252.66,commercial,uncovered
FI,2009,CRF1A4A,1231.75,commercial,uncovered
FI,2010,CRF1A4A,1341.69,commercial,uncovered
FI,2011,CRF1A4A,1229.2,commercial,uncovered
FI,2012,CRF1A4A,1324.04,commercial,uncovered
FI,2013,CRF1A4A,1222.58,commercial,uncovered
FI,2014,CRF1A4A,1205.69,commercial,uncovered
FI,2015,CRF1A4A,1129.18,commercial,uncovered
FI,2016,CRF1A4A,1203.0,commercial,uncovered
FI,2017,CRF1A4A,1189.69,commercial,uncovered
FI,2018,CRF1A4A,1171.96,commercial,uncovered
FI,2019,CRF1A4A,1165.62,commercial,uncovered
FI,2020,CRF1A4A,1061.64,commercial,uncovered
FI,2021,CRF1A4A,1164.93,commercial,uncovered
FI,2022,CRF1A4A,1087.94,commercial,uncovered
FI,2023,CRF1A4A,1130.28,commercial,uncovered
FI,2024,CRF1A4A,1121.3,commercial,uncovered
FR,1990,CRF1A4A,26625.56,commercial,uncovered
FR,1991,CRF1A4A,28910.39,commercial,uncovered
FR,1992,CRF1A4A,27538.12,commercial,uncovered
FR,1993,CRF1A4A,26241.14,commercial,uncovered
FR,1994,CRF1A4A,24740.23,commercial,uncovered
FR,1995,CRF1A4A,24981.53,commercial,uncovered
FR,1996,CRF1A4A,27391.15,commercial,uncovered
FR,1997,CRF1A4A,25716.68,commercial,uncovered
FR,1998,CRF1A4A,27090.32,commercial,uncovered
FR,1999,CRF1A4A,27608.11,commercial,uncovered
FR,2000,CRF1A4A,25424.66,commercial,uncovered
FR,2001,CRF1A4A,26300.81,commercial,uncovered
FR,2002,CRF1A4A,23624.77,commercial,uncovered
FR,2003,CRF1A4A,26886.18,commercial,uncovered
FR,2004,CRF1A4A,27255.54,commercial,uncovered
FR,2005,CRF1A4A,26776.87,commercial,uncovered
FR,2006,CRF1A4A,24286.32,commercial,uncovered
FR,2007,CRF1A4A,24005.95,commercial,uncovered
FR,2008,CRF1A4A,25412.88,commercial,uncovered
FR,2009,CRF1A4A,27492.38,commercial,uncovered
FR,2010,CRF1A4A,27861.14,commercial,uncovered
FR,2011,CRF1A4A,17712.39,commercial,uncovered
FR,2012,CRF1A4A,19594.05,commercial,uncovered
FR,2013,CRF1A4A,20449.0,commercial,uncovered
FR,2014,CRF1A4A,18109.35,commercial,uncovered
FR,2015,CRF1A4A,18951.63,commercial,uncovered
FR,2016,CRF1A4A,18325.9,commercial,uncovered
FR,2017,CRF1A4A,18894.56,commercial,uncovered
FR,2018,CRF1A4A,18740.96,commercial,uncovered
FR,2019,CRF1A4A,18082.01,commercial,uncovered
FR,2020,CRF1A4A,16674.94,commercial,uncovered
FR,2021,CRF1A4A,18030.44,commercial,uncovered
FR,2022,CRF1A4A,15048.52,commercial,uncovered
FR,2023,CRF1A4A,13678.13,commercial,uncovered
FR,2024,CRF1A4A,13574.79,commercial,uncovered
HR,1990,CRF1A4A,854.65,commercial,uncovered
HR,1991,CRF1A4A,576.89,commercial,uncovered
HR,1992,CRF1A4A,441.42,commercial,uncovered
HR,1993,CRF1A4A,538.02,commercial,uncovered
HR,1994,CRF1A4A,604.31,commercial,uncovered
HR,1995,CRF1A4A,661.7,commercial,uncovered
HR,1996,CRF1A4A,707.13,commercial,uncovered
HR,1997,CRF1A4A,752.03,commercial,uncovered
HR,1998,CRF1A4A,655.64,commercial,uncovered
HR,1999,CRF1A4A,681.23,commercial,uncovered
HR,2000,CRF1A4A,640.93,commercial,uncovered
HR,2001,CRF1A4A,745.8,commercial,uncovered
HR,2002,CRF1A4A,793.03,commercial,uncovered
HR,2003,CRF1A4A,821.24,commercial,uncovered
HR,2004,CRF1A4A,809.2,commercial,uncovered
HR,2005,CRF1A4A,789.25,commercial,uncovered
HR,2006,CRF1A4A,725.27,commercial,uncovered
HR,2007,CRF1A4A,612.02,commercial,uncovered
HR,2008,CRF1A4A,627.83,commercial,uncovered
HR,2009,CRF1A4A,628.75,commercial,uncovered
HR,2010,CRF1A4A,670.61,commercial,uncovered
HR,2011,CRF1A4A,617.28,commercial,uncovered
HR,2012,CRF1A4A,542.4,commercial,uncovered
HR,2013,CRF1A4A,508.91,commercial,uncovered
HR,2014,CRF1A4A,471.32,commercial,uncovered
HR,2015,CRF1A4A,583.88,commercial,uncovered
HR,2016,CRF1A4A,607.71,commercial,uncovered
HR,2017,CRF1A4A,626.65,commercial,uncovered
HR,2018,CRF1A4A,627.22,commercial,uncovered
HR,2019,CRF1A4A,612.03,commercial,uncovered
HR,2020,CRF1A4A,570.75,commercial,uncovered
HR,2021,CRF1A4A,653.69,commercial,uncovered
HR,2022,CRF1A4A,563.05,commercial,uncovered
HR,2023,CRF1A4A,495.73,commercial,uncovered
HR,2024,CRF1A4A,501.03,commercial,uncovered
HU,1990,CRF1A4A,2766.17,commercial,uncovered
HU,1991,CRF1A4A,3545.04,commercial,uncovered
HU,1992,CRF1A4A,2414.63,commercial,uncovered
HU,1993,CRF1A4A,3354.69,commercial,uncovered
HU,1994,CRF1A4A,3678.14,commercial,uncovered
HU,1995,CRF1A4A,3605.86,commercial,uncovered
HU,1996,CRF1A4A,4293.27,commercial,uncovered
HU,1997,CRF1A4A,4149.9,commercial,uncovered
HU,1998,CRF1A4A,4060.55,commercial,uncovered
HU,1999,CRF1A4A,4290.49,commercial,uncovered
HU,2000,CRF1A4A,4425.38,commercial,uncovered
HU,2001,CRF1A4A,4764.35,commercial,uncovered
HU,2002,CRF1A4A,4375.32,commercial,uncovered
HU,2003,CRF1A4A,4608.9,commercial,uncovered
HU,2004,CRF1A4A,5728.08,commercial,uncovered
HU,2005,CRF1A4A,5436.35,commercial,uncovered
HU,2006,CRF1A4A,4676.59,commercial,uncovered
HU,2007,CRF1A4A,3634.27,commercial,uncovered
HU,2008,CRF1A4A,3442.6,commercial,uncovered
HU,2009,CRF1A4A,3703.36,commercial,uncovered
HU,2010,CRF1A4A,4079.04,commercial,uncovered
HU,2011,CRF1A4A,4134.18,commercial,uncovered
HU,2012,CRF1A4A,3377.12,commercial,uncovered
HU,2013,CRF1A4A,3420.51,commercial,uncovered
HU,2014,CRF1A4A,3099.62,commercial,uncovered
HU,2015,CRF1A4A,3270.79,commercial,uncovered
HU,2016,CRF1A4A,3188.18,commercial,uncovered
HU,2017,CRF1A4A,3003.21,commercial,uncovered
HU,2018,CRF1A4A,2888.91,commercial,uncovered
HU,2019,CRF1A4A,2766.06,commercial,uncovered
HU,2020,CRF1A4A,2777.65,commercial,uncovered
HU,2021,CRF1A4A,2893.45,commercial,uncovered
HU,2022,CRF1A4A,2451.52,commercial,uncovered
HU,2023,CRF1A4A,2014.48,commercial,uncovered
HU,2024,CRF1A4A,1912.61,commercial,uncovered
IE,1990,CRF1A4A,2120.73,commercial,uncovered
IE,1991,CRF1A4A,2112.21,commercial,uncovered
IE,1992,CRF1A4A,2012.15,commercial,uncovered
IE,1993,CRF1A4A,1972.47,commercial,uncovered
IE,1994,CRF1A4A,2068.82,commercial,uncovered
IE,1995,CRF1A4A,1977.9,commercial,uncovered
IE,1996,CRF1A4A,1835.09,commercial,uncovered
IE,1997,CRF1A4A,1796.11,commercial,uncovered
IE,1998,CRF1A4A,1732.97,commercial,uncovered
IE,1999,CRF1A4A,1792.13,commercial,uncovered
IE,2000,CRF1A4A,1863.96,commercial,uncovered
IE,2001,CRF1A4A,1821.43,commercial,uncovered
IE,2002,CRF1A4A,1730.18,commercial,uncovered
IE,2003,CRF1A4A,1786.27,commercial,uncovered
IE,2004,CRF1A4A,1705.11,commercial,uncovered
IE,2005,CRF1A4A,1730.85,commercial,uncovered
IE,2006,CRF1A4A,1701.09,commercial,uncovered
IE,2007,CRF1A4A,1661.32,commercial,uncovered
IE,2008,CRF1A4A,1705.92,commercial,uncovered
IE,2009,CRF1A4A,1374.88,commercial,uncovered
IE,2010,CRF1A4A,1491.69,commercial,uncovered
IE,2011,CRF1A4A,1358.08,commercial,uncovered
IE,2012,CRF1A4A,1423.97,commercial,uncovered
IE,2013,CRF1A4A,1490.45,commercial,uncovered
IE,2014,CRF1A4A,1428.17,commercial,uncovered
IE,2015,CRF1A4A,1518.33,commercial,uncovered
IE,2016,CRF1A4A,1469.04,commercial,uncovered
IE,2017,CRF1A4A,1404.92,commercial,uncovered
IE,2018,CRF1A4A,1518.43,commercial,uncovered
IE,2019,CRF1A4A,1498.05,commercial,uncovered
IE,2020,CRF1A4A,1314.64,commercial,uncovered
IE,2021,CRF1A4A,1403.33,commercial,uncovered
IE,2022,CRF1A4A,1366.95,commercial,uncovered
IE,2023,CRF1A4A,1324.37,commercial,uncovered
IE,2024,CRF1A4A,1430.38,commercial,uncovered
IS,1990,CRF1A4A,8.02,commercial,uncovered
IS,1991,CRF1A4A,8.33,commercial,uncovered
IS,1992,CRF1A4A,8.02,commercial,uncovered
IS,1993,CRF1A4A,8.35,commercial,uncovered
IS,1994,CRF1A4A,8.48,commercial,uncovered
IS,1995,CRF1A4A,7.75,commercial,uncovered
IS,1996,CRF1A4A,6.46,commercial,uncovered
IS,1997,CRF1A4A,6.46,commercial,uncovered
IS,1998,CRF1A4A,6.53,commercial,uncovered
IS,1999,CRF1A4A,6.66,commercial,uncovered
IS,2000,CRF1A4A,6.69,commercial,uncovered
IS,2001,CRF1A4A,6.07,commercial,uncovered
IS,2002,CRF1A4A,6.05,commercial,uncovered
IS,2003,CRF1A4A,5.62,commercial,uncovered
IS,2004,CRF1A4A,5.43,commercial,uncovered
IS,2005,CRF1A4A,4.9,commercial,uncovered
IS,2006,CRF1A4A,2.77,commercial,uncovered
IS,2007,CRF1A4A,2.95,commercial,uncovered
IS,2008,CRF1A4A,1.5,commercial,uncovered
IS,2009,CRF1A4A,1.39,commercial,uncovered
IS,2010,CRF1A4A,1.69,commercial,uncovered
IS,2011,CRF1A4A,2.38,commercial,uncovered
IS,2012,CRF1A4A,2.48,commercial,uncovered
IS,2013,CRF1A4A,2.47,commercial,uncovered
IS,2014,CRF1A4A,1.95,commercial,uncovered
IS,2015,CRF1A4A,2.06,commercial,uncovered
IS,2016,CRF1A4A,1.7,commercial,uncovered
IS,2017,CRF1A4A,1.99,commercial,uncovered
IS,2018,CRF1A4A,2.06,commercial,uncovered
IS,2019,CRF1A4A,2.67,commercial,uncovered
IS,2020,CRF1A4A,1.63,commercial,uncovered
IS,2021,CRF1A4A,1.74,commercial,uncovered
IS,2022,CRF1A4A,2.09,commercial,uncovered
IS,2023,CRF1A4A,2.28,commercial,uncovered
IS,2024,CRF1A4A,2.41,commercial,uncovered
IT,1990,CRF1A4A,11902.2,commercial,uncovered
IT,1991,CRF1A4A,13496.91,commercial,uncovered
IT,1992,CRF1A4A,12932.59,commercial,uncovered
IT,1993,CRF1A4A,13637.14,commercial,uncovered
IT,1994,CRF1A4A,12762.93,commercial,uncovered
IT,1995,CRF1A4A,14070.47,commercial,uncovered
IT,1996,CRF1A4A,14706.83,commercial,uncovered
IT,1997,CRF1A4A,14432.51,commercial,uncovered
IT,1998,CRF1A4A,15244.84,commercial,uncovered
IT,1999,CRF1A4A,17340.27,commercial,uncovered
IT,2000,CRF1A4A,17229.83,commercial,uncovered
IT,2001,CRF1A4A,17961.58,commercial,uncovered
IT,2002,CRF1A4A,17375.22,commercial,uncovered
IT,2003,CRF1A4A,19689.09,commercial,uncovered
IT,2004,CRF1A4A,20327.72,commercial,uncovered
IT,2005,CRF1A4A,23424.11,commercial,uncovered
IT,2006,CRF1A4A,23810.83,commercial,uncovered
IT,2007,CRF1A4A,23580.35,commercial,uncovered
IT,2008,CRF1A4A,27915.36,commercial,uncovered
IT,2009,CRF1A4A,27168.93,commercial,uncovered
IT,2010,CRF1A4A,27170.0,commercial,uncovered
IT,2011,CRF1A4A,23457.29,commercial,uncovered
IT,2012,CRF1A4A,23256.31,commercial,uncovered
IT,2013,CRF1A4A,23081.57,commercial,uncovered
IT,2014,CRF1A4A,20017.75,commercial,uncovered
IT,2015,CRF1A4A,21193.8,commercial,uncovered
IT,2016,CRF1A4A,21414.16,commercial,uncovered
IT,2017,CRF1A4A,21449.02,commercial,uncovered
IT,2018,CRF1A4A,23000.99,commercial,uncovered
IT,2019,CRF1A4A,22508.1,commercial,uncovered
IT,2020,CRF1A4A,21580.53,commercial,uncovered
IT,2021,CRF1A4A,19898.34,commercial,uncovered
IT,2022,CRF1A4A,17611.37,commercial,uncovered
IT,2023,CRF1A4A,19127.52,commercial,uncovered
IT,2024,CRF1A4A,19342.23,commercial,uncovered
LT,1990,CRF1A4A,3058.75,commercial,uncovered
LT,1991,CRF1A4A,3393.03,commercial,uncovered
LT,1992,CRF1A4A,1455.54,commercial,uncovered
LT,1993,CRF1A4A,1132.34,commercial,uncovered
LT,1994,CRF1A4A,1209.55,commercial,uncovered
LT,1995,CRF1A4A,1131.01,commercial,uncovered
LT,1996,CRF1A4A,827.77,commercial,uncovered
LT,1997,CRF1A4A,605.04,commercial,uncovered
LT,1998,CRF1A4A,538.27,commercial,uncovered
LT,1999,CRF1A4A,465.24,commercial,uncovered
LT,2000,CRF1A4A,311.68,commercial,uncovered
LT,2001,CRF1A4A,255.72,commercial,uncovered
LT,2002,CRF1A4A,293.43,commercial,uncovered
LT,2003,CRF1A4A,296.89,commercial,uncovered
LT,2004,CRF1A4A,318.68,commercial,uncovered
LT,2005,CRF1A4A,343.23,commercial,uncovered
LT,2006,CRF1A4A,414.8,commercial,uncovered
LT,2007,CRF1A4A,393.2,commercial,uncovered
LT,2008,CRF1A4A,340.92,commercial,uncovered
LT,2009,CRF1A4A,353.04,commercial,uncovered
LT,2010,CRF1A4A,366.84,commercial,uncovered
LT,2011,CRF1A4A,392.06,commercial,uncovered
LT,2012,CRF1A4A,327.64,commercial,uncovered
LT,2013,CRF1A4A,356.34,commercial,uncovered
LT,2014,CRF1A4A,311.07,commercial,uncovered
LT,2015,CRF1A4A,276.87,commercial,uncovered
LT,2016,CRF1A4A,313.7,commercial,uncovered
LT,2017,CRF1A4A,330.89,commercial,uncovered
LT,2018,CRF1A4A,362.38,commercial,uncovered
LT,2019,CRF1A4A,316.03,commercial,uncovered
LT,2020,CRF1A4A,261.01,commercial,uncovered
LT,2021,CRF1A4A,290.4,commercial,uncovered
LT,2022,CRF1A4A,285.09,commercial,uncovered
LT,2023,CRF1A4A,295.44,commercial,uncovered
LT,2024,CRF1A4A,256.47,commercial,uncovered
LU,1990,CRF1A4A,639.0,commercial,uncovered
LU,1991,CRF1A4A,768.54,commercial,uncovered
LU,1992,CRF1A4A,708.77,commercial,uncovered
LU,1993,CRF1A4A,701.22,commercial,uncovered
LU,1994,CRF1A4A,675.89,commercial,uncovered
LU,1995,CRF1A4A,681.35,commercial,uncovered
LU,1996,CRF1A4A,760.31,commercial,uncovered
LU,1997,CRF1A4A,736.99,commercial,uncovered
LU,1998,CRF1A4A,770.88,commercial,uncovered
LU,1999,CRF1A4A,690.82,commercial,uncovered
LU,2000,CRF1A4A,547.13,commercial,uncovered
LU,2001,CRF1A4A,497.52,commercial,uncovered
LU,2002,CRF1A4A,499.38,commercial,uncovered
LU,2003,CRF1A4A,496.03,commercial,uncovered
LU,2004,CRF1A4A,461.78,commercial,uncovered
LU,2005,CRF1A4A,417.19,commercial,uncovered
LU,2006,CRF1A4A,394.33,commercial,uncovered
LU,2007,CRF1A4A,347.67,commercial,uncovered
LU,2008,CRF1A4A,376.33,commercial,uncovered
LU,2009,CRF1A4A,380.3,commercial,uncovered
LU,2010,CRF1A4A,500.56,commercial,uncovered
LU,2011,CRF1A4A,303.8,commercial,uncovered
LU,2012,CRF1A4A,407.97,commercial,uncovered
LU,2013,CRF1A4A,435.55,commercial,uncovered
LU,2014,CRF1A4A,379.99,commercial,uncovered
LU,2015,CRF1A4A,484.45,commercial,uncovered
LU,2016,CRF1A4A,508.82,commercial,uncovered
LU,2017,CRF1A4A,545.46,commercial,uncovered
LU,2018,CRF1A4A,566.7,commercial,uncovered
LU,2019,CRF1A4A,654.21,commercial,uncovered
LU,2020,CRF1A4A,544.22,commercial,uncovered
LU,2021,CRF1A4A,621.57,commercial,uncovered
LU,2022,CRF1A4A,473.33,commercial,uncovered
LU,2023,CRF1A4A,456.51,commercial,uncovered
LU,2024,CRF1A4A,409.02,commercial,uncovered
LV,1990,CRF1A4A,2726.07,commercial,uncovered
LV,1991,CRF1A4A,2647.25,commercial,uncovered
LV,1992,CRF1A4A,2234.94,commercial,uncovered
LV,1993,CRF1A4A,1688.54,commercial,uncovered
LV,1994,CRF1A4A,934.8,commercial,uncovered
LV,1995,CRF1A4A,617.54,commercial,uncovered
LV,1996,CRF1A4A,656.38,commercial,uncovered
LV,1997,CRF1A4A,539.61,commercial,uncovered
LV,1998,CRF1A4A,495.96,commercial,uncovered
LV,1999,CRF1A4A,497.44,commercial,uncovered
LV,2000,CRF1A4A,445.66,commercial,uncovered
LV,2001,CRF1A4A,475.18,commercial,uncovered
LV,2002,CRF1A4A,498.05,commercial,uncovered
LV,2003,CRF1A4A,526.62,commercial,uncovered
LV,2004,CRF1A4A,538.54,commercial,uncovered
LV,2005,CRF1A4A,490.68,commercial,uncovered
LV,2006,CRF1A4A,540.42,commercial,uncovered
LV,2007,CRF1A4A,562.77,commercial,uncovered
LV,2008,CRF1A4A,521.99,commercial,uncovered
LV,2009,CRF1A4A,485.12,commercial,uncovered
LV,2010,CRF1A4A,521.14,commercial,uncovered
LV,2011,CRF1A4A,465.08,commercial,uncovered
LV,2012,CRF1A4A,442.47,commercial,uncovered
LV,2013,CRF1A4A,432.83,commercial,uncovered
LV,2014,CRF1A4A,429.68,commercial,uncovered
LV,2015,CRF1A4A,416.21,commercial,uncovered
LV,2016,CRF1A4A,384.69,commercial,uncovered
LV,2017,CRF1A4A,379.75,commercial,uncovered
LV,2018,CRF1A4A,385.17,commercial,uncovered
LV,2019,CRF1A4A,359.13,commercial,uncovered
LV,2020,CRF1A4A,399.05,commercial,uncovered
LV,2021,CRF1A4A,442.02,commercial,uncovered
LV,2022,CRF1A4A,420.39,commercial,uncovered
LV,2023,CRF1A4A,421.41,commercial,uncovered
LV,2024,CRF1A4A,385.97,commercial,uncovered
MT,1990,CRF1A4A,164.6,commercial,uncovered
MT,1991,CRF1A4A,142.71,commercial,uncovered
MT,1992,CRF1A4A,187.23,commercial,uncovered
MT,1993,CRF1A4A,190.51,commercial,uncovered
MT,1994,CRF1A4A,231.4,commercial,uncovered
MT,1995,CRF1A4A,217.79,commercial,uncovered
MT,1996,CRF1A4A,219.8,commercial,uncovered
MT,1997,CRF1A4A,275.24,commercial,uncovered
MT,1998,CRF1A4A,266.17,commercial,uncovered
MT,1999,CRF1A4A,213.12,commercial,uncovered
MT,2000,CRF1A4A,209.98,commercial,uncovered
MT,2001,CRF1A4A,119.1,commercial,uncovered
MT,2002,CRF1A4A,100.82,commercial,uncovered
MT,2003,CRF1A4A,95.84,commercial,uncovered
MT,2004,CRF1A4A,96.9,commercial,uncovered
MT,2005,CRF1A4A,46.22,commercial,uncovered
MT,2006,CRF1A4A,45.74,commercial,uncovered
MT,2007,CRF1A4A,58.02,commercial,uncovered
MT,2008,CRF1A4A,58.02,commercial,uncovered
MT,2009,CRF1A4A,48.72,commercial,uncovered
MT,2010,CRF1A4A,70.58,commercial,uncovered
MT,2011,CRF1A4A,45.72,commercial,uncovered
MT,2012,CRF1A4A,67.75,commercial,uncovered
MT,2013,CRF1A4A,77.54,commercial,uncovered
MT,2014,CRF1A4A,87.1,commercial,uncovered
MT,2015,CRF1A4A,102.53,commercial,uncovered
MT,2016,CRF1A4A,96.71,commercial,uncovered
MT,2017,CRF1A4A,89.3,commercial,uncovered
MT,2018,CRF1A4A,63.15,commercial,uncovered
MT,2019,CRF1A4A,62.94,commercial,uncovered
MT,2020,CRF1A4A,48.67,commercial,uncovered
MT,2021,CRF1A4A,52.75,commercial,uncovered
MT,2022,CRF1A4A,65.29,commercial,uncovered
MT,2023,CRF1A4A,50.25,commercial,uncovered
MT,2024,CRF1A4A,53.35,commercial,uncovered
NL,1990,CRF1A4A,8592.71,commercial,uncovered
NL,1991,CRF1A4A,9719.77,commercial,uncovered
NL,1992,CRF1A4A,9026.19,commercial,uncovered
NL,1993,CRF1A4A,9716.95,commercial,uncovered
NL,1994,CRF1A4A,9090.33,commercial,uncovered
NL,1995,CRF1A4A,9297.13,commercial,uncovered
NL,1996,CRF1A4A,10751.87,commercial,uncovered
NL,1997,CRF1A4A,9530.52,commercial,uncovered
NL,1998,CRF1A4A,9272.74,commercial,uncovered
NL,1999,CRF1A4A,8835.01,commercial,uncovered
NL,2000,CRF1A4A,8853.32,commercial,uncovered
NL,2001,CRF1A4A,9413.77,commercial,uncovered
NL,2002,CRF1A4A,9040.04,commercial,uncovered
NL,2003,CRF1A4A,9685.53,commercial,uncovered
NL,2004,CRF1A4A,10402.89,commercial,uncovered
NL,2005,CRF1A4A,9464.67,commercial,uncovered
NL,2006,CRF1A4A,9440.59,commercial,uncovered
NL,2007,CRF1A4A,8541.9,commercial,uncovered
NL,2008,CRF1A4A,9211.1,commercial,uncovered
NL,2009,CRF1A4A,9371.19,commercial,uncovered
NL,2010,CRF1A4A,10609.06,commercial,uncovered
NL,2011,CRF1A4A,8577.82,commercial,uncovered
NL,2012,CRF1A4A,9497.77,commercial,uncovered
NL,2013,CRF1A4A,9486.73,commercial,uncovered
NL,2014,CRF1A4A,7690.78,commercial,uncovered
NL,2015,CRF1A4A,8243.93,commercial,uncovered
NL,2016,CRF1A4A,8236.09,commercial,uncovered
NL,2017,CRF1A4A,8182.28,commercial,uncovered
NL,2018,CRF1A4A,7936.11,commercial,uncovered
NL,2019,CRF1A4A,7403.81,commercial,uncovered
NL,2020,CRF1A4A,6661.37,commercial,uncovered
NL,2021,CRF1A4A,7198.93,commercial,uncovered
NL,2022,CRF1A4A,6151.14,commercial,uncovered
NL,2023,CRF1A4A,5659.93,commercial,uncovered
NL,2024,CRF1A4A,5176.97,commercial,uncovered
NO,1990,CRF1A4A,1186.98,commercial,uncovered
NO,1991,CRF1A4A,1132.55,commercial,uncovered
NO,1992,CRF1A4A,1048.16,commercial,uncovered
NO,1993,CRF1A4A,1139.73,commercial,uncovered
NO,1994,CRF1A4A,1129.3,commercial,uncovered
NO,1995,CRF1A4A,1162.61,commercial,uncovered
NO,1996,CRF1A4A,1406.94,commercial,uncovered
NO,1997,CRF1A4A,1231.13,commercial,uncovered
NO,1998,CRF1A4A,1154.53,commercial,uncovered
NO,1999,CRF1A4A,996.5,commercial,uncovered
NO,2000,CRF1A4A,732.19,commercial,uncovered
NO,2001,CRF1A4A,976.88,commercial,uncovered
NO,2002,CRF1A4A,1055.85,commercial,uncovered
NO,2003,CRF1A4A,1202.78,commercial,uncovered
NO,2004,CRF1A4A,984.62,commercial,uncovered
NO,2005,CRF1A4A,873.74,commercial,uncovered
NO,2006,CRF1A4A,898.57,commercial,uncovered
NO,2007,CRF1A4A,883.2,commercial,uncovered
NO,2008,CRF1A4A,829.38,commercial,uncovered
NO,2009,CRF1A4A,950.1,commercial,uncovered
NO,2010,CRF1A4A,1223.04,commercial,uncovered
NO,2011,CRF1A4A,1017.77,commercial,uncovered
NO,2012,CRF1A4A,892.17,commercial,uncovered
NO,2013,CRF1A4A,971.8,commercial,uncovered
NO,2014,CRF1A4A,936.38,commercial,uncovered
NO,2015,CRF1A4A,894.7,commercial,uncovered
NO,2016,CRF1A4A,1132.07,commercial,uncovered
NO,2017,CRF1A4A,1006.3,commercial,uncovered
NO,2018,CRF1A4A,1073.98,commercial,uncovered
NO,2019,CRF1A4A,1053.49,commercial,uncovered
NO,2020,CRF1A4A,1046.54,commercial,uncovered
NO,2021,CRF1A4A,1100.45,commercial,uncovered
NO,2022,CRF1A4A,1053.63,commercial,uncovered
NO,2023,CRF1A4A,1128.05,commercial,uncovered
NO,2024,CRF1A4A,1072.82,commercial,uncovered
PL,1990,CRF1A4A,9714.77,commercial,uncovered
PL,1991,CRF1A4A,9572.74,commercial,uncovered
PL,1992,CRF1A4A,10052.03,commercial,uncovered
PL,1993,CRF1A4A,9158.0,commercial,uncovered
PL,1994,CRF1A4A,6965.36,commercial,uncovered
PL,1995,CRF1A4A,6967.98,commercial,uncovered
PL,1996,CRF1A4A,6406.56,commercial,uncovered
PL,1997,CRF1A4A,6769.36,commercial,uncovered
PL,1998,CRF1A4A,5423.82,commercial,uncovered
PL,1999,CRF1A4A,5759.26,commercial,uncovered
PL,2000,CRF1A4A,5651.78,commercial,uncovered
PL,2001,CRF1A4A,6053.17,commercial,uncovered
PL,2002,CRF1A4A,7998.22,commercial,uncovered
PL,2003,CRF1A4A,8378.65,commercial,uncovered
PL,2004,CRF1A4A,8117.33,commercial,uncovered
PL,2005,CRF1A4A,7700.09,commercial,uncovered
PL,2006,CRF1A4A,8603.54,commercial,uncovered
PL,2007,CRF1A4A,8272.21,commercial,uncovered
PL,2008,CRF1A4A,8849.8,commercial,uncovered
PL,2009,CRF1A4A,9245.67,commercial,uncovered
PL,2010,CRF1A4A,10488.93,commercial,uncovered
PL,2011,CRF1A4A,9632.36,commercial,uncovered
PL,2012,CRF1A4A,9319.68,commercial,uncovered
PL,2013,CRF1A4A,8618.06,commercial,uncovered
PL,2014,CRF1A4A,7682.16,commercial,uncovered
PL,2015,CRF1A4A,7838.44,commercial,uncovered
PL,2016,CRF1A4A,8491.82,commercial,uncovered
PL,2017,CRF1A4A,7362.78,commercial,uncovered
PL,2018,CRF1A4A,6912.35,commercial,uncovered
PL,2019,CRF1A4A,6328.12,commercial,uncovered
PL,2020,CRF1A4A,5926.38,commercial,uncovered
PL,2021,CRF1A4A,7610.37,commercial,uncovered
PL,2022,CRF1A4A,5926.66,commercial,uncovered
PL,2023,CRF1A4A,5262.0,commercial,uncovered
PL,2024,CRF1A4A,5555.72,commercial,uncovered
PT,1990,CRF1A4A,704.48,commercial,uncovered
PT,1991,CRF1A4A,786.84,commercial,uncovered
PT,1992,CRF1A4A,894.46,commercial,uncovered
PT,1993,CRF1A4A,938.76,commercial,uncovered
PT,1994,CRF1A4A,1068.76,commercial,uncovered
PT,1995,CRF1A4A,1028.39,commercial,uncovered
PT,1996,CRF1A4A,1099.25,commercial,uncovered
PT,1997,CRF1A4A,1352.94,commercial,uncovered
PT,1998,CRF1A4A,1777.01,commercial,uncovered
PT,1999,CRF1A4A,2026.09,commercial,uncovered
PT,2000,CRF1A4A,2072.46,commercial,uncovered
PT,2001,CRF1A4A,2454.21,commercial,uncovered
PT,2002,CRF1A4A,2680.53,commercial,uncovered
PT,2003,CRF1A4A,2829.31,commercial,uncovered
PT,2004,CRF1A4A,3113.91,commercial,uncovered
PT,2005,CRF1A4A,3024.69,commercial,uncovered
PT,2006,CRF1A4A,2100.13,commercial,uncovered
PT,2007,CRF1A4A,2091.56,commercial,uncovered
PT,2008,CRF1A4A,1787.1,commercial,uncovered
PT,2009,CRF1A4A,1682.79,commercial,uncovered
PT,2010,CRF1A4A,1307.59,commercial,uncovered
PT,2011,CRF1A4A,1104.02,commercial,uncovered
PT,2012,CRF1A4A,1097.14,commercial,uncovered
PT,2013,CRF1A4A,1074.0,commercial,uncovered
PT,2014,CRF1A4A,1106.63,commercial,uncovered
PT,2015,CRF1A4A,1138.53,commercial,uncovered
PT,2016,CRF1A4A,1115.79,commercial,uncovered
PT,2017,CRF1A4A,1135.45,commercial,uncovered
PT,2018,CRF1A4A,1213.27,commercial,uncovered
PT,2019,CRF1A4A,1142.45,commercial,uncovered
PT,2020,CRF1A4A,959.23,commercial,uncovered
PT,2021,CRF1A4A,960.14,commercial,uncovered
PT,2022,CRF1A4A,982.54,commercial,uncovered
PT,2023,CRF1A4A,1137.92,commercial,uncovered
PT,2024,CRF1A4A,982.84,commercial,uncovered
RO,1990,CRF1A4A,0.0,commercial,uncovered
RO,1991,CRF1A4A,0.0,commercial,uncovered
RO,1992,CRF1A4A,800.85,commercial,uncovered
RO,1993,CRF1A4A,614.54,commercial,uncovered
RO,1994,CRF1A4A,693.11,commercial,uncovered
RO,1995,CRF1A4A,796.2,commercial,uncovered
RO,1996,CRF1A4A,912.33,commercial,uncovered
RO,1997,CRF1A4A,886.5,commercial,uncovered
RO,1998,CRF1A4A,1329.94,commercial,uncovered
RO,1999,CRF1A4A,971.2,commercial,uncovered
RO,2000,CRF1A4A,838.84,commercial,uncovered
RO,2001,CRF1A4A,1584.93,commercial,uncovered
RO,2002,CRF1A4A,870.36,commercial,uncovered
RO,2003,CRF1A4A,1592.69,commercial,uncovered
RO,2004,CRF1A4A,2174.58,commercial,uncovered
RO,2005,CRF1A4A,2509.23,commercial,uncovered
RO,2006,CRF1A4A,4130.86,commercial,uncovered
RO,2007,CRF1A4A,3109.08,commercial,uncovered
RO,2008,CRF1A4A,2131.35,commercial,uncovered
RO,2009,CRF1A4A,2336.63,commercial,uncovered
RO,2010,CRF1A4A,2389.66,commercial,uncovered
RO,2011,CRF1A4A,2084.27,commercial,uncovered
RO,2012,CRF1A4A,2005.83,commercial,uncovered
RO,2013,CRF1A4A,2058.5,commercial,uncovered
RO,2014,CRF1A4A,2053.46,commercial,uncovered
RO,2015,CRF1A4A,1998.79,commercial,uncovered
RO,2016,CRF1A4A,2057.21,commercial,uncovered
RO,2017,CRF1A4A,2166.02,commercial,uncovered
RO,2018,CRF1A4A,2207.17,commercial,uncovered
RO,2019,CRF1A4A,2213.0,commercial,uncovered
RO,2020,CRF1A4A,2049.39,commercial,uncovered
RO,2021,CRF1A4A,2005.92,commercial,uncovered
RO,2022,CRF1A4A,2088.43,commercial,uncovered
RO,2023,CRF1A4A,2250.11,commercial,uncovered
RO,2024,CRF1A4A,1967.68,commercial,uncovered
SE,1990,CRF1A4A,2781.26,commercial,uncovered
SE,1991,CRF1A4A,2717.37,commercial,uncovered
SE,1992,CRF1A4A,2265.11,commercial,uncovered
SE,1993,CRF1A4A,2238.14,commercial,uncovered
SE,1994,CRF1A4A,2143.83,commercial,uncovered
SE,1995,CRF1A4A,1897.2,commercial,uncovered
SE,1996,CRF1A4A,1984.64,commercial,uncovered
SE,1997,CRF1A4A,1843.32,commercial,uncovered
SE,1998,CRF1A4A,1757.62,commercial,uncovered
SE,1999,CRF1A4A,1777.31,commercial,uncovered
SE,2000,CRF1A4A,1712.33,commercial,uncovered
SE,2001,CRF1A4A,1582.54,commercial,uncovered
SE,2002,CRF1A4A,1484.67,commercial,uncovered
SE,2003,CRF1A4A,1461.55,commercial,uncovered
SE,2004,CRF1A4A,1362.03,commercial,uncovered
SE,2005,CRF1A4A,1114.78,commercial,uncovered
SE,2006,CRF1A4A,1123.49,commercial,uncovered
SE,2007,CRF1A4A,1181.66,commercial,uncovered
SE,2008,CRF1A4A,903.3,commercial,uncovered
SE,2009,CRF1A4A,810.99,commercial,uncovered
SE,2010,CRF1A4A,993.07,commercial,uncovered
SE,2011,CRF1A4A,919.45,commercial,uncovered
SE,2012,CRF1A4A,779.33,commercial,uncovered
SE,2013,CRF1A4A,673.36,commercial,uncovered
SE,2014,CRF1A4A,706.64,commercial,uncovered
SE,2015,CRF1A4A,653.22,commercial,uncovered
SE,2016,CRF1A4A,638.83,commercial,uncovered
SE,2017,CRF1A4A,582.97,commercial,uncovered
SE,2018,CRF1A4A,581.32,commercial,uncovered
SE,2019,CRF1A4A,612.17,commercial,uncovered
SE,2020,CRF1A4A,594.38,commercial,uncovered
SE,2021,CRF1A4A,579.63,commercial,uncovered
SE,2022,CRF1A4A,523.43,commercial,uncovered
SE,2023,CRF1A4A,485.91,commercial,uncovered
SE,2024,CRF1A4A,553.05,commercial,uncovered
SI,1990,CRF1A4A,623.61,commercial,uncovered
SI,1991,CRF1A4A,773.08,commercial,uncovered
SI,1992,CRF1A4A,627.03,commercial,uncovered
SI,1993,CRF1A4A,653.89,commercial,uncovered
SI,1994,CRF1A4A,576.05,commercial,uncovered
SI,1995,CRF1A4A,571.97,commercial,uncovered
SI,1996,CRF1A4A,848.35,commercial,uncovered
SI,1997,CRF1A4A,878.63,commercial,uncovered
SI,1998,CRF1A4A,910.49,commercial,uncovered
SI,1999,CRF1A4A,977.58,commercial,uncovered
SI,2000,CRF1A4A,860.97,commercial,uncovered
SI,2001,CRF1A4A,886.08,commercial,uncovered
SI,2002,CRF1A4A,843.05,commercial,uncovered
SI,2003,CRF1A4A,819.71,commercial,uncovered
SI,2004,CRF1A4A,867.6,commercial,uncovered
SI,2005,CRF1A4A,771.33,commercial,uncovered
SI,2006,CRF1A4A,624.38,commercial,uncovered
SI,2007,CRF1A4A,481.75,commercial,uncovered
SI,2008,CRF1A4A,703.32,commercial,uncovered
SI,2009,CRF1A4A,684.45,commercial,uncovered
SI,2010,CRF1A4A,652.52,commercial,uncovered
SI,2011,CRF1A4A,577.91,commercial,uncovered
SI,2012,CRF1A4A,417.65,commercial,uncovered
SI,2013,CRF1A4A,455.45,commercial,uncovered
SI,2014,CRF1A4A,349.88,commercial,uncovered
SI,2015,CRF1A4A,394.83,commercial,uncovered
SI,2016,CRF1A4A,466.98,commercial,uncovered
SI,2017,CRF1A4A,366.63,commercial,uncovered
SI,2018,CRF1A4A,331.31,commercial,uncovered
SI,2019,CRF1A4A,342.89,commercial,uncovered
SI,2020,CRF1A4A,336.52,commercial,uncovered
SI,2021,CRF1A4A,251.9,commercial,uncovered
SI,2022,CRF1A4A,290.84,commercial,uncovered
SI,2023,CRF1A4A,338.21,commercial,uncovered
SI,2024,CRF1A4A,477.42,commercial,uncovered
SK,1990,CRF1A4A,4147.51,commercial,uncovered
SK,1991,CRF1A4A,3703.3,commercial,uncovered
SK,1992,CRF1A4A,3313.34,commercial,uncovered
SK,1993,CRF1A4A,3026.83,commercial,uncovered
SK,1994,CRF1A4A,2686.88,commercial,uncovered
SK,1995,CRF1A4A,2423.81,commercial,uncovered
SK,1996,CRF1A4A,2179.94,commercial,uncovered
SK,1997,CRF1A4A,2712.06,commercial,uncovered
SK,1998,CRF1A4A,2123.36,commercial,uncovered
SK,1999,CRF1A4A,1892.59,commercial,uncovered
SK,2000,CRF1A4A,1564.38,commercial,uncovered
SK,2001,CRF1A4A,1613.34,commercial,uncovered
SK,2002,CRF1A4A,1806.42,commercial,uncovered
SK,2003,CRF1A4A,1363.06,commercial,uncovered
SK,2004,CRF1A4A,1511.36,commercial,uncovered
SK,2005,CRF1A4A,2252.76,commercial,uncovered
SK,2006,CRF1A4A,2500.34,commercial,uncovered
SK,2007,CRF1A4A,2446.27,commercial,uncovered
SK,2008,CRF1A4A,2544.66,commercial,uncovered
SK,2009,CRF1A4A,2586.64,commercial,uncovered
SK,2010,CRF1A4A,2560.23,commercial,uncovered
SK,2011,CRF1A4A,1556.9,commercial,uncovered
SK,2012,CRF1A4A,1863.25,commercial,uncovered
SK,2013,CRF1A4A,2084.29,commercial,uncovered
SK,2014,CRF1A4A,1469.68,commercial,uncovered
SK,2015,CRF1A4A,1486.92,commercial,uncovered
SK,2016,CRF1A4A,1438.93,commercial,uncovered
SK,2017,CRF1A4A,1596.06,commercial,uncovered
SK,2018,CRF1A4A,1444.23,commercial,uncovered
SK,2019,CRF1A4A,1334.84,commercial,uncovered
SK,2020,CRF1A4A,1149.82,commercial,uncovered
SK,2021,CRF1A4A,1450.37,commercial,uncovered
SK,2022,CRF1A4A,1365.02,commercial,uncovered
SK,2023,CRF1A4A,1332.68,commercial,uncovered
SK,2024,CRF1A4A,1301.9,commercial,uncovered
TR,1990,CRF1A4A,9632.13,commercial,uncovered
TR,1991,CRF1A4A,10011.18,commercial,uncovered
TR,1992,CRF1A4A,10860.62,commercial,uncovered
TR,1993,CRF1A4A,11465.79,commercial,uncovered
TR,1994,CRF1A4A,10976.22,commercial,uncovered
TR,1995,CRF1A4A,12984.12,commercial,uncovered
TR,1996,CRF1A4A,12891.49,commercial,uncovered
TR,1997,CRF1A4A,12906.0,commercial,uncovered
TR,1998,CRF1A4A,12464.44,commercial,uncovered
TR,1999,CRF1A4A,12081.91,commercial,uncovered
TR,2000,CRF1A4A,13163.34,commercial,uncovered
TR,2001,CRF1A4A,10707.97,commercial,uncovered
TR,2002,CRF1A4A,10445.23,commercial,uncovered
TR,2003,CRF1A4A,10390.56,commercial,uncovered
TR,2004,CRF1A4A,11072.45,commercial,uncovered
TR,2005,CRF1A4A,11904.25,commercial,uncovered
TR,2006,CRF1A4A,9463.11,commercial,uncovered
TR,2007,CRF1A4A,8985.36,commercial,uncovered
TR,2008,CRF1A4A,8810.02,commercial,uncovered
TR,2009,CRF1A4A,8539.35,commercial,uncovered
TR,2010,CRF1A4A,7027.11,commercial,uncovered
TR,2011,CRF1A4A,9014.78,commercial,uncovered
TR,2012,CRF1A4A,7194.32,commercial,uncovered
TR,2013,CRF1A4A,8652.65,commercial,uncovered
TR,2014,CRF1A4A,8395.26,commercial,uncovered
TR,2015,CRF1A4A,23216.9,commercial,uncovered
TR,2016,CRF1A4A,22004.13,commercial,uncovered
TR,2017,CRF1A4A,20377.16,commercial,uncovered
TR,2018,CRF1A4A,13484.19,commercial,uncovered
TR,2019,CRF1A4A,14023.57,commercial,uncovered
TR,2020,CRF1A4A,13580.91,commercial,uncovered
TR,2021,CRF1A4A,13895.3,commercial,uncovered
TR,2022,CRF1A4A,14988.44,commercial,uncovered
TR,2023,CRF1A4A,14904.7,commercial,uncovered
TR,2024,CRF1A4A,13076.27,commercial,uncovered
AT,1990,CRF1A4B,10000.06,households,uncovered
AT,1991,CRF1A4B,11093.43,households,uncovered
AT,1992,CRF1A4B,10173.99,households,uncovered
AT,1993,CRF1A4B,10061.84,households,uncovered
AT,1994,CRF1A4B,9360.34,households,uncovered
AT,1995,CRF1A4B,9948.13,households,uncovered
AT,1996,CRF1A4B,10711.37,households,uncovered
AT,1997,CRF1A4B,9207.6,households,uncovered
AT,1998,CRF1A4B,9458.73,households,uncovered
AT,1999,CRF1A4B,9537.06,households,uncovered
AT,2000,CRF1A4B,9162.49,households,uncovered
AT,2001,CRF1A4B,9357.03,households,uncovered
AT,2002,CRF1A4B,8836.06,households,uncovered
AT,2003,CRF1A4B,8940.31,households,uncovered
AT,2004,CRF1A4B,8669.18,households,uncovered
AT,2005,CRF1A4B,8946.55,households,uncovered
AT,2006,CRF1A4B,8610.78,households,uncovered
AT,2007,CRF1A4B,7634.76,households,uncovered
AT,2008,CRF1A4B,7783.69,households,uncovered
AT,2009,CRF1A4B,7488.99,households,uncovered
AT,2010,CRF1A4B,8182.71,households,uncovered
AT,2011,CRF1A4B,7127.6,households,uncovered
AT,2012,CRF1A4B,6864.61,households,uncovered
AT,2013,CRF1A4B,7104.59,households,uncovered
AT,2014,CRF1A4B,6229.09,households,uncovered
AT,2015,CRF1A4B,6588.91,households,uncovered
AT,2016,CRF1A4B,6879.73,households,uncovered
AT,2017,CRF1A4B,6847.92,households,uncovered
AT,2018,CRF1A4B,6185.76,households,uncovered
AT,2019,CRF1A4B,6393.35,households,uncovered
AT,2020,CRF1A4B,6469.68,households,uncovered
AT,2021,CRF1A4B,6872.92,households,uncovered
AT,2022,CRF1A4B,5816.11,households,uncovered
AT,2023,CRF1A4B,5022.67,households,uncovered
AT,2024,CRF1A4B,4412.58,households,uncovered
BE,1990,CRF1A4B,20575.88,households,uncovered
BE,1991,CRF1A4B,22212.37,households,uncovered
BE,1992,CRF1A4B,22094.65,households,uncovered
BE,1993,CRF1A4B,22056.93,households,uncovered
BE,1994,CRF1A4B,21168.01,households,uncovered
BE,1995,CRF1A4B,22371.64,households,uncovered
BE,1996,CRF1A4B,26421.02,households,uncovered
BE,1997,CRF1A4B,22869.52,households,uncovered
BE,1998,CRF1A4B,23203.03,households,uncovered
BE,1999,CRF1A4B,22301.75,households,uncovered
BE,2000,CRF1A4B,21066.73,households,uncovered
BE,2001,CRF1A4B,23070.35,households,uncovered
BE,2002,CRF1A4B,22679.81,households,uncovered
BE,2003,CRF1A4B,22938.99,households,uncovered
BE,2004,CRF1A4B,21409.21,households,uncovered
BE,2005,CRF1A4B,20989.01,households,uncovered
BE,2006,CRF1A4B,20038.71,households,uncovered
BE,2007,CRF1A4B,18355.7,households,uncovered
BE,2008,CRF1A4B,19357.6,households,uncovered
BE,2009,CRF1A4B,18341.11,households,uncovered
BE,2010,CRF1A4B,20318.09,households,uncovered
BE,2011,CRF1A4B,16807.42,households,uncovered
BE,2012,CRF1A4B,17411.46,households,uncovered
BE,2013,CRF1A4B,19009.71,households,uncovered
BE,2014,CRF1A4B,15719.48,households,uncovered
BE,2015,CRF1A4B,16573.8,households,uncovered
BE,2016,CRF1A4B,16354.49,households,uncovered
BE,2017,CRF1A4B,16086.26,households,uncovered
BE,2018,CRF1A4B,16055.23,households,uncovered
BE,2019,CRF1A4B,15424.22,households,uncovered
BE,2020,CRF1A4B,15068.56,households,uncovered
BE,2021,CRF1A4B,15289.97,households,uncovered
BE,2022,CRF1A4B,12620.98,households,uncovered
BE,2023,CRF1A4B,12340.5,households,uncovered
BE,2024,CRF1A4B,12310.6,households,uncovered
BG,1990,CRF1A4B,2887.26,households,uncovered
BG,1991,CRF1A4B,3215.17,households,uncovered
BG,1992,CRF1A4B,4004.45,households,uncovered
BG,1993,CRF1A4B,4617.9,households,uncovered
BG,1994,CRF1A4B,3377.06,households,uncovered
BG,1995,CRF1A4B,2834.67,households,uncovered
BG,1996,CRF1A4B,3242.78,households,uncovered
BG,1997,CRF1A4B,2431.83,households,uncovered
BG,1998,CRF1A4B,2322.7,households,uncovered
BG,1999,CRF1A4B,1553.58,households,uncovered
BG,2000,CRF1A4B,1034.19,households,uncovered
BG,2001,CRF1A4B,685.05,households,uncovered
BG,2002,CRF1A4B,1234.24,households,uncovered
BG,2003,CRF1A4B,1476.38,households,uncovered
BG,2004,CRF1A4B,1137.39,households,uncovered
BG,2005,CRF1A4B,1047.81,households,uncovered
BG,2006,CRF1A4B,1147.4,households,uncovered
BG,2007,CRF1A4B,1022.59,households,uncovered
BG,2008,CRF1A4B,960.09,households,uncovered
BG,2009,CRF1A4B,745.24,households,uncovered
BG,2010,CRF1A4B,939.08,households,uncovered
BG,2011,CRF1A4B,1166.33,households,uncovered
BG,2012,CRF1A4B,1137.61,households,uncovered
BG,2013,CRF1A4B,933.84,households,uncovered
BG,2014,CRF1A4B,698.66,households,uncovered
BG,2015,CRF1A4B,743.14,households,uncovered
BG,2016,CRF1A4B,807.72,households,uncovered
BG,2017,CRF1A4B,833.23,households,uncovered
BG,2018,CRF1A4B,674.11,households,uncovered
BG,2019,CRF1A4B,622.68,households,uncovered
BG,2020,CRF1A4B,642.97,households,uncovered
BG,2021,CRF1A4B,842.91,households,uncovered
BG,2022,CRF1A4B,417.19,households,uncovered
BG,2023,CRF1A4B,252.1,households,uncovered
BG,2024,CRF1A4B,271.55,households,uncovered
CH,1990,CRF1A4B,11622.53,households,uncovered
CH,1991,CRF1A4B,12290.03,households,uncovered
CH,1992,CRF1A4B,12297.9,households,uncovered
CH,1993,CRF1A4B,11631.39,households,uncovered
CH,1994,CRF1A4B,10975.32,households,uncovered
CH,1995,CRF1A4B,11812.39,households,uncovered
CH,1996,CRF1A4B,12180.15,households,uncovered
CH,1997,CRF1A4B,11385.33,households,uncovered
CH,1998,CRF1A4B,11776.33,households,uncovered
CH,1999,CRF1A4B,11547.01,households,uncovered
CH,2000,CRF1A4B,10647.86,households,uncovered
CH,2001,CRF1A4B,11212.11,households,uncovered
CH,2002,CRF1A4B,10823.79,households,uncovered
CH,2003,CRF1A4B,11442.95,households,uncovered
CH,2004,CRF1A4B,11452.39,households,uncovered
CH,2005,CRF1A4B,11606.91,households,uncovered
CH,2006,CRF1A4B,11133.16,households,uncovered
CH,2007,CRF1A4B,9844.51,households,uncovered
CH,2008,CRF1A4B,10468.26,households,uncovered
CH,2009,CRF1A4B,10220.75,households,uncovered
CH,2010,CRF1A4B,11020.62,households,uncovered
CH,2011,CRF1A4B,8777.82,households,uncovered
CH,2012,CRF1A4B,9644.9,households,uncovered
CH,2013,CRF1A4B,10249.56,households,uncovered
CH,2014,CRF1A4B,7972.74,households,uncovered
CH,2015,CRF1A4B,8494.03,households,uncovered
CH,2016,CRF1A4B,8790.73,households,uncovered
CH,2017,CRF1A4B,8362.66,households,uncovered
CH,2018,CRF1A4B,7617.15,households,uncovered
CH,2019,CRF1A4B,7627.19,households,uncovered
CH,2020,CRF1A4B,7041.13,households,uncovered
CH,2021,CRF1A4B,7849.75,households,uncovered
CH,2022,CRF1A4B,6326.64,households,uncovered
CH,2023,CRF1A4B,6077.38,households,uncovered
CH,2024,CRF1A4B,5920.78,households,uncovered
CY,1990,CRF1A4B,299.7,households,uncovered
CY,1991,CRF1A4B,318.46,households,uncovered
CY,1992,CRF1A4B,385.04,households,uncovered
CY,1993,CRF1A4B,382.68,households,uncovered
CY,1994,CRF1A4B,390.71,households,uncovered
CY,1995,CRF1A4B,413.11,households,uncovered
CY,1996,CRF1A4B,429.9,households,uncovered
CY,1997,CRF1A4B,451.78,households,uncovered
CY,1998,CRF1A4B,469.82,households,uncovered
CY,1999,CRF1A4B,473.26,households,uncovered
CY,2000,CRF1A4B,503.83,households,uncovered
CY,2001,CRF1A4B,507.24,households,uncovered
CY,2002,CRF1A4B,517.58,households,uncovered
CY,2003,CRF1A4B,533.84,households,uncovered
CY,2004,CRF1A4B,475.53,households,uncovered
CY,2005,CRF1A4B,417.38,households,uncovered
CY,2006,CRF1A4B,467.11,households,uncovered
CY,2007,CRF1A4B,441.41,households,uncovered
CY,2008,CRF1A4B,394.1,households,uncovered
CY,2009,CRF1A4B,431.74,households,uncovered
CY,2010,CRF1A4B,368.61,households,uncovered
CY,2011,CRF1A4B,418.71,households,uncovered
CY,2012,CRF1A4B,406.13,households,uncovered
CY,2013,CRF1A4B,333.83,households,uncovered
CY,2014,CRF1A4B,302.49,households,uncovered
CY,2015,CRF1A4B,352.68,households,uncovered
CY,2016,CRF1A4B,355.66,households,uncovered
CY,2017,CRF1A4B,349.02,households,uncovered
CY,2018,CRF1A4B,284.48,households,uncovered
CY,2019,CRF1A4B,328.05,households,uncovered
CY,2020,CRF1A4B,323.96,households,uncovered
CY,2021,CRF1A4B,293.63,households,uncovered
CY,2022,CRF1A4B,315.91,households,uncovered
CY,2023,CRF1A4B,269.99,households,uncovered
CY,2024,CRF1A4B,267.02,households,uncovered
CZ,1990,CRF1A4B,18374.86,households,uncovered
CZ,1991,CRF1A4B,17111.75,households,uncovered
CZ,1992,CRF1A4B,15393.32,households,uncovered
CZ,1993,CRF1A4B,14687.31,households,uncovered
CZ,1994,CRF1A4B,14397.08,households,uncovered
CZ,1995,CRF1A4B,13828.88,households,uncovered
CZ,1996,CRF1A4B,15238.17,households,uncovered
CZ,1997,CRF1A4B,13835.27,households,uncovered
CZ,1998,CRF1A4B,11307.16,households,uncovered
CZ,1999,CRF1A4B,9681.66,households,uncovered
CZ,2000,CRF1A4B,9735.28,households,uncovered
CZ,2001,CRF1A4B,10636.3,households,uncovered
CZ,2002,CRF1A4B,9793.14,households,uncovered
CZ,2003,CRF1A4B,10071.57,households,uncovered
CZ,2004,CRF1A4B,9838.32,households,uncovered
CZ,2005,CRF1A4B,8937.71,households,uncovered
CZ,2006,CRF1A4B,9048.55,households,uncovered
CZ,2007,CRF1A4B,8158.03,households,uncovered
CZ,2008,CRF1A4B,8014.44,households,uncovered
CZ,2009,CRF1A4B,8297.04,households,uncovered
CZ,2010,CRF1A4B,9745.02,households,uncovered
CZ,2011,CRF1A4B,8824.34,households,uncovered
CZ,2012,CRF1A4B,8982.33,households,uncovered
CZ,2013,CRF1A4B,9147.68,households,uncovered
CZ,2014,CRF1A4B,7698.23,households,uncovered
CZ,2015,CRF1A4B,8045.48,households,uncovered
CZ,2016,CRF1A4B,8462.65,households,uncovered
CZ,2017,CRF1A4B,8761.54,households,uncovered
CZ,2018,CRF1A4B,8114.91,households,uncovered
CZ,2019,CRF1A4B,7347.78,households,uncovered
CZ,2020,CRF1A4B,7366.31,households,uncovered
CZ,2021,CRF1A4B,7847.61,households,uncovered
CZ,2022,CRF1A4B,7047.93,households,uncovered
CZ,2023,CRF1A4B,5602.71,households,uncovered
CZ,2024,CRF1A4B,5083.75,households,uncovered
DE,1990,CRF1A4B,128635.75,households,uncovered
DE,1991,CRF1A4B,131347.17,households,uncovered
DE,1992,CRF1A4B,123327.07,households,uncovered
DE,1993,CRF1A4B,133859.35,households,uncovered
DE,1994,CRF1A4B,128334.48,households,uncovered
DE,1995,CRF1A4B,128972.62,households,uncovered
DE,1996,CRF1A4B,142276.79,households,uncovered
DE,1997,CRF1A4B,138271.9,households,uncovered
DE,1998,CRF1A4B,131921.29,households,uncovered
DE,1999,CRF1A4B,119789.45,households,uncovered
DE,2000,CRF1A4B,117779.45,households,uncovered
DE,2001,CRF1A4B,131144.79,households,uncovered
DE,2002,CRF1A4B,121124.45,households,uncovered
DE,2003,CRF1A4B,120825.89,households,uncovered
DE,2004,CRF1A4B,113197.61,households,uncovered
DE,2005,CRF1A4B,110838.01,households,uncovered
DE,2006,CRF1A4B,112590.07,households,uncovered
DE,2007,CRF1A4B,86220.62,households,uncovered
DE,2008,CRF1A4B,106150.04,households,uncovered
DE,2009,CRF1A4B,98553.9,households,uncovered
DE,2010,CRF1A4B,105018.3,households,uncovered
DE,2011,CRF1A4B,87729.82,households,uncovered
DE,2012,CRF1A4B,93820.97,households,uncovered
DE,2013,CRF1A4B,99744.18,households,uncovered
DE,2014,CRF1A4B,83096.82,households,uncovered
DE,2015,CRF1A4B,87522.82,households,uncovered
DE,2016,CRF1A4B,90498.63,households,uncovered
DE,2017,CRF1A4B,88786.86,households,uncovered
DE,2018,CRF1A4B,88509.64,households,uncovered
DE,2019,CRF1A4B,95307.0,households,uncovered
DE,2020,CRF1A4B,94663.79,households,uncovered
DE,2021,CRF1A4B,90804.77,households,uncovered
DE,2022,CRF1A4B,83938.16,households,uncovered
DE,2023,CRF1A4B,78292.96,households,uncovered
DE,2024,CRF1A4B,76863.21,households,uncovered
DK,1990,CRF1A4B,4996.42,households,uncovered
DK,1991,CRF1A4B,5237.26,households,uncovered
DK,1992,CRF1A4B,4649.0,households,uncovered
DK,1993,CRF1A4B,5379.12,households,uncovered
DK,1994,CRF1A4B,4924.78,households,uncovered
DK,1995,CRF1A4B,4975.75,households,uncovered
DK,1996,CRF1A4B,5335.69,households,uncovered
DK,1997,CRF1A4B,4777.69,households,uncovered
DK,1998,CRF1A4B,4699.66,households,uncovered
DK,1999,CRF1A4B,4517.5,households,uncovered
DK,2000,CRF1A4B,4021.7,households,uncovered
DK,2001,CRF1A4B,4221.66,households,uncovered
DK,2002,CRF1A4B,3966.22,households,uncovered
DK,2003,CRF1A4B,3928.83,households,uncovered
DK,2004,CRF1A4B,3784.38,households,uncovered
DK,2005,CRF1A4B,3659.96,households,uncovered
DK,2006,CRF1A4B,3413.96,households,uncovered
DK,2007,CRF1A4B,3145.17,households,uncovered
DK,2008,CRF1A4B,3043.49,households,uncovered
DK,2009,CRF1A4B,2964.53,households,uncovered
DK,2010,CRF1A4B,3161.08,households,uncovered
DK,2011,CRF1A4B,2673.24,households,uncovered
DK,2012,CRF1A4B,2491.21,households,uncovered
DK,2013,CRF1A4B,2403.88,households,uncovered
DK,2014,CRF1A4B,1914.24,households,uncovered
DK,2015,CRF1A4B,2003.45,households,uncovered
DK,2016,CRF1A4B,2037.72,households,uncovered
DK,2017,CRF1A4B,1929.86,households,uncovered
DK,2018,CRF1A4B,1864.29,households,uncovered
DK,2019,CRF1A4B,1779.67,households,uncovered
DK,2020,CRF1A4B,1553.72,households,uncovered
DK,2021,CRF1A4B,1418.83,households,uncovered
DK,2022,CRF1A4B,1053.64,households,uncovered
DK,2023,CRF1A4B,929.58,households,uncovered
DK,2024,CRF1A4B,882.53,households,uncovered
EE,1990,CRF1A4B,1021.44,households,uncovered
EE,1991,CRF1A4B,1002.66,households,uncovered
EE,1992,CRF1A4B,525.01,households,uncovered
EE,1993,CRF1A4B,411.29,households,uncovered
EE,1994,CRF1A4B,325.42,households,uncovered
EE,1995,CRF1A4B,358.7,households,uncovered
EE,1996,CRF1A4B,415.46,households,uncovered
EE,1997,CRF1A4B,328.16,households,uncovered
EE,1998,CRF1A4B,273.85,households,uncovered
EE,1999,CRF1A4B,303.58,households,uncovered
EE,2000,CRF1A4B,278.05,households,uncovered
EE,2001,CRF1A4B,257.4,households,uncovered
EE,2002,CRF1A4B,237.91,households,uncovered
EE,2003,CRF1A4B,202.99,households,uncovered
EE,2004,CRF1A4B,223.68,households,uncovered
EE,2005,CRF1A4B,225.71,households,uncovered
EE,2006,CRF1A4B,210.18,households,uncovered
EE,2007,CRF1A4B,180.78,households,uncovered
EE,2008,CRF1A4B,191.64,households,uncovered
EE,2009,CRF1A4B,170.75,households,uncovered
EE,2010,CRF1A4B,185.85,households,uncovered
EE,2011,CRF1A4B,189.8,households,uncovered
EE,2012,CRF1A4B,192.14,households,uncovered
EE,2013,CRF1A4B,181.73,households,uncovered
EE,2014,CRF1A4B,177.55,households,uncovered
EE,2015,CRF1A4B,161.58,households,uncovered
EE,2016,CRF1A4B,171.23,households,uncovered
EE,2017,CRF1A4B,159.18,households,uncovered
EE,2018,CRF1A4B,154.99,households,uncovered
EE,2019,CRF1A4B,164.4,households,uncovered
EE,2020,CRF1A4B,151.71,households,uncovered
EE,2021,CRF1A4B,154.94,households,uncovered
EE,2022,CRF1A4B,121.55,households,uncovered
EE,2023,CRF1A4B,152.26,households,uncovered
EE,2024,CRF1A4B,151.9,households,uncovered
EL,1990,CRF1A4B,4653.85,households,uncovered
EL,1991,CRF1A4B,4730.01,households,uncovered
EL,1992,CRF1A4B,4633.94,households,uncovered
EL,1993,CRF1A4B,4600.5,households,uncovered
EL,1994,CRF1A4B,4628.25,households,uncovered
EL,1995,CRF1A4B,4852.72,households,uncovered
EL,1996,CRF1A4B,6579.47,households,uncovered
EL,1997,CRF1A4B,6883.49,households,uncovered
EL,1998,CRF1A4B,7218.44,households,uncovered
EL,1999,CRF1A4B,7059.94,households,uncovered
EL,2000,CRF1A4B,7652.64,households,uncovered
EL,2001,CRF1A4B,8236.39,households,uncovered
EL,2002,CRF1A4B,8531.26,households,uncovered
EL,2003,CRF1A4B,10136.92,households,uncovered
EL,2004,CRF1A4B,9698.12,households,uncovered
EL,2005,CRF1A4B,9960.07,households,uncovered
EL,2006,CRF1A4B,9630.61,households,uncovered
EL,2007,CRF1A4B,8676.28,households,uncovered
EL,2008,CRF1A4B,8465.9,households,uncovered
EL,2009,CRF1A4B,7475.99,households,uncovered
EL,2010,CRF1A4B,6742.16,households,uncovered
EL,2011,CRF1A4B,7979.01,households,uncovered
EL,2012,CRF1A4B,7013.87,households,uncovered
EL,2013,CRF1A4B,3588.4,households,uncovered
EL,2014,CRF1A4B,3781.04,households,uncovered
EL,2015,CRF1A4B,5050.4,households,uncovered
EL,2016,CRF1A4B,4687.47,households,uncovered
EL,2017,CRF1A4B,4695.81,households,uncovered
EL,2018,CRF1A4B,3973.09,households,uncovered
EL,2019,CRF1A4B,4461.08,households,uncovered
EL,2020,CRF1A4B,4998.72,households,uncovered
EL,2021,CRF1A4B,4548.73,households,uncovered
EL,2022,CRF1A4B,5023.14,households,uncovered
EL,2023,CRF1A4B,3594.67,households,uncovered
EL,2024,CRF1A4B,3609.43,households,uncovered
ES,1990,CRF1A4B,12801.79,households,uncovered
ES,1991,CRF1A4B,14215.77,households,uncovered
ES,1992,CRF1A4B,14350.5,households,uncovered
ES,1993,CRF1A4B,14202.83,households,uncovered
ES,1994,CRF1A4B,14819.6,households,uncovered
ES,1995,CRF1A4B,13953.12,households,uncovered
ES,1996,CRF1A4B,15129.41,households,uncovered
ES,1997,CRF1A4B,15007.81,households,uncovered
ES,1998,CRF1A4B,15425.86,households,uncovered
ES,1999,CRF1A4B,16291.77,households,uncovered
ES,2000,CRF1A4B,17140.69,households,uncovered
ES,2001,CRF1A4B,17446.95,households,uncovered
ES,2002,CRF1A4B,18024.03,households,uncovered
ES,2003,CRF1A4B,19666.62,households,uncovered
ES,2004,CRF1A4B,20787.97,households,uncovered
ES,2005,CRF1A4B,20844.38,households,uncovered
ES,2006,CRF1A4B,20505.17,households,uncovered
ES,2007,CRF1A4B,20415.36,households,uncovered
ES,2008,CRF1A4B,19696.99,households,uncovered
ES,2009,CRF1A4B,19202.59,households,uncovered
ES,2010,CRF1A4B,20564.71,households,uncovered
ES,2011,CRF1A4B,17003.21,households,uncovered
ES,2012,CRF1A4B,16639.69,households,uncovered
ES,2013,CRF1A4B,15904.04,households,uncovered
ES,2014,CRF1A4B,15477.66,households,uncovered
ES,2015,CRF1A4B,16887.9,households,uncovered
ES,2016,CRF1A4B,16134.06,households,uncovered
ES,2017,CRF1A4B,15767.67,households,uncovered
ES,2018,CRF1A4B,16842.85,households,uncovered
ES,2019,CRF1A4B,15226.99,households,uncovered
ES,2020,CRF1A4B,15379.05,households,uncovered
ES,2021,CRF1A4B,15534.91,households,uncovered
ES,2022,CRF1A4B,14263.33,households,uncovered
ES,2023,CRF1A4B,13270.59,households,uncovered
ES,2024,CRF1A4B,13336.99,households,uncovered
EU27_2020,1990,CRF1A4B,426436.69,households,uncovered
EU27_2020,1991,CRF1A4B,455633.42,households,uncovered
EU27_2020,1992,CRF1A4B,429786.62,households,uncovered
EU27_2020,1993,CRF1A4B,439720.83,households,uncovered
EU27_2020,1994,CRF1A4B,410436.73,households,uncovered
EU27_2020,1995,CRF1A4B,417191.1,households,uncovered
EU27_2020,1996,CRF1A4B,453861.84,households,uncovered
EU27_2020,1997,CRF1A4B,428109.13,households,uncovered
EU27_2020,1998,CRF1A4B,416024.47,households,uncovered
EU27_2020,1999,CRF1A4B,404269.9,households,uncovered
EU27_2020,2000,CRF1A4B,389346.94,households,uncovered
EU27_2020,2001,CRF1A4B,417925.32,households,uncovered
EU27_2020,2002,CRF1A4B,403159.21,households,uncovered
EU27_2020,2003,CRF1A4B,412911.78,households,uncovered
EU27_2020,2004,CRF1A4B,407210.27,households,uncovered
EU27_2020,2005,CRF1A4B,406768.75,households,uncovered
EU27_2020,2006,CRF1A4B,399740.34,households,uncovered
EU27_2020,2007,CRF1A4B,346336.56,households,uncovered
EU27_2020,2008,CRF1A4B,376460.66,households,uncovered
EU27_2020,2009,CRF1A4B,367665.63,households,uncovered
EU27_2020,2010,CRF1A4B,389370.86,households,uncovered
EU27_2020,2011,CRF1A4B,342007.53,households,uncovered
EU27_2020,2012,CRF1A4B,353669.09,households,uncovered
EU27_2020,2013,CRF1A4B,356198.47,households,uncovered
EU27_2020,2014,CRF1A4B,299939.94,households,uncovered
EU27_2020,2015,CRF1A4B,318295.89,households,uncovered
EU27_2020,2016,CRF1A4B,327004.23,households,uncovered
EU27_2020,2017,CRF1A4B,323905.98,households,uncovered
EU27_2020,2018,CRF1A4B,314999.51,households,uncovered
EU27_2020,2019,CRF1A4B,310573.33,households,uncovered
EU27_2020,2020,CRF1A4B,310553.95,households,uncovered
EU27_2020,2021,CRF1A4B,316196.62,households,uncovered
EU27_2020,2022,CRF1A4B,276750.51,households,uncovered
EU27_2020,2023,CRF1A4B,252498.25,households,uncovered
EU27_2020,2024,CRF1A4B,247894.67,households,uncovered
FI,1990,CRF1A4B,3147.71,households,uncovered
FI,1991,CRF1A4B,3022.63,households,uncovered
FI,1992,CRF1A4B,3047.74,households,uncovered
FI,1993,CRF1A4B,2971.64,households,uncovered
FI,1994,CRF1A4B,2748.52,households,uncovered
FI,1995,CRF1A4B,2692.89,households,uncovered
FI,1996,CRF1A4B,2738.5,households,uncovered
FI,1997,CRF1A4B,2735.94,households,uncovered
FI,1998,CRF1A4B,2770.15,households,uncovered
FI,1999,CRF1A4B,2722.63,households,uncovered
FI,2000,CRF1A4B,2532.8,households,uncovered
FI,2001,CRF1A4B,2697.4,households,uncovered
FI,2002,CRF1A4B,2646.89,households,uncovered
FI,2003,CRF1A4B,2576.91,households,uncovered
FI,2004,CRF1A4B,2527.71,households,uncovered
FI,2005,CRF1A4B,2313.48,households,uncovered
FI,2006,CRF1A4B,2271.46,households,uncovered
FI,2007,CRF1A4B,2129.29,households,uncovered
FI,2008,CRF1A4B,1840.36,households,uncovered
FI,2009,CRF1A4B,1832.13,households,uncovered
FI,2010,CRF1A4B,1981.51,households,uncovered
FI,2011,CRF1A4B,1541.93,households,uncovered
FI,2012,CRF1A4B,1638.98,households,uncovered
FI,2013,CRF1A4B,1437.75,households,uncovered
FI,2014,CRF1A4B,1393.56,households,uncovered
FI,2015,CRF1A4B,1259.13,households,uncovered
FI,2016,CRF1A4B,1286.85,households,uncovered
FI,2017,CRF1A4B,1204.59,households,uncovered
FI,2018,CRF1A4B,1110.9,households,uncovered
FI,2019,CRF1A4B,1024.13,households,uncovered
FI,2020,CRF1A4B,913.88,households,uncovered
FI,2021,CRF1A4B,841.03,households,uncovered
FI,2022,CRF1A4B,641.37,households,uncovered
FI,2023,CRF1A4B,384.72,households,uncovered
FI,2024,CRF1A4B,341.8,households,uncovered
FR,1990,CRF1A4B,53936.34,households,uncovered
FR,1991,CRF1A4B,60598.05,households,uncovered
FR,1992,CRF1A4B,59693.6,households,uncovered
FR,1993,CRF1A4B,58006.97,households,uncovered
FR,1994,CRF1A4B,54835.78,households,uncovered
FR,1995,CRF1A4B,54375.53,households,uncovered
FR,1996,CRF1A4B,60206.59,households,uncovered
FR,1997,CRF1A4B,56696.78,households,uncovered
FR,1998,CRF1A4B,58962.4,households,uncovered
FR,1999,CRF1A4B,60118.29,households,uncovered
FR,2000,CRF1A4B,58184.57,households,uncovered
FR,2001,CRF1A4B,62035.5,households,uncovered
FR,2002,CRF1A4B,59616.42,households,uncovered
FR,2003,CRF1A4B,60672.33,households,uncovered
FR,2004,CRF1A4B,64396.31,households,uncovered
FR,2005,CRF1A4B,63615.4,households,uncovered
FR,2006,CRF1A4B,61135.84,households,uncovered
FR,2007,CRF1A4B,53710.55,households,uncovered
FR,2008,CRF1A4B,58730.12,households,uncovered
FR,2009,CRF1A4B,58857.92,households,uncovered
FR,2010,CRF1A4B,56652.1,households,uncovered
FR,2011,CRF1A4B,51138.49,households,uncovered
FR,2012,CRF1A4B,56389.78,households,uncovered
FR,2013,CRF1A4B,57470.2,households,uncovered
FR,2014,CRF1A4B,43909.12,households,uncovered
FR,2015,CRF1A4B,46570.38,households,uncovered
FR,2016,CRF1A4B,48649.71,households,uncovered
FR,2017,CRF1A4B,47675.11,households,uncovered
FR,2018,CRF1A4B,44032.49,households,uncovered
FR,2019,CRF1A4B,42625.57,households,uncovered
FR,2020,CRF1A4B,41523.4,households,uncovered
FR,2021,CRF1A4B,42370.63,households,uncovered
FR,2022,CRF1A4B,34127.66,households,uncovered
FR,2023,CRF1A4B,30446.18,households,uncovered
FR,2024,CRF1A4B,30047.74,households,uncovered
HR,1990,CRF1A4B,2028.84,households,uncovered
HR,1991,CRF1A4B,1774.81,households,uncovered
HR,1992,CRF1A4B,1480.32,households,uncovered
HR,1993,CRF1A4B,1389.22,households,uncovered
HR,1994,CRF1A4B,1406.19,households,uncovered
HR,1995,CRF1A4B,1632.95,households,uncovered
HR,1996,CRF1A4B,1822.48,households,uncovered
HR,1997,CRF1A4B,1975.63,households,uncovered
HR,1998,CRF1A4B,1877.24,households,uncovered
HR,1999,CRF1A4B,2087.13,households,uncovered
HR,2000,CRF1A4B,1948.44,households,uncovered
HR,2001,CRF1A4B,2115.93,households,uncovered
HR,2002,CRF1A4B,2209.3,households,uncovered
HR,2003,CRF1A4B,2397.03,households,uncovered
HR,2004,CRF1A4B,2372.06,households,uncovered
HR,2005,CRF1A4B,2417.27,households,uncovered
HR,2006,CRF1A4B,2231.03,households,uncovered
HR,2007,CRF1A4B,2011.89,households,uncovered
HR,2008,CRF1A4B,2065.87,households,uncovered
HR,2009,CRF1A4B,2109.55,households,uncovered
HR,2010,CRF1A4B,2138.25,households,uncovered
HR,2011,CRF1A4B,1968.28,households,uncovered
HR,2012,CRF1A4B,1749.98,households,uncovered
HR,2013,CRF1A4B,1635.77,households,uncovered
HR,2014,CRF1A4B,1425.29,households,uncovered
HR,2015,CRF1A4B,1502.52,households,uncovered
HR,2016,CRF1A4B,1544.39,households,uncovered
HR,2017,CRF1A4B,1565.73,households,uncovered
HR,2018,CRF1A4B,1478.11,households,uncovered
HR,2019,CRF1A4B,1400.82,households,uncovered
HR,2020,CRF1A4B,1477.27,households,uncovered
HR,2021,CRF1A4B,1517.92,households,uncovered
HR,2022,CRF1A4B,1466.22,households,uncovered
HR,2023,CRF1A4B,1416.47,households,uncovered
HR,2024,CRF1A4B,1454.56,households,uncovered
HU,1990,CRF1A4B,15448.24,households,uncovered
HU,1991,CRF1A4B,15898.89,households,uncovered
HU,1992,CRF1A4B,12526.6,households,uncovered
HU,1993,CRF1A4B,12489.19,households,uncovered
HU,1994,CRF1A4B,11477.14,households,uncovered
HU,1995,CRF1A4B,10634.76,households,uncovered
HU,1996,CRF1A4B,10997.87,households,uncovered
HU,1997,CRF1A4B,10402.85,households,uncovered
HU,1998,CRF1A4B,8709.8,households,uncovered
HU,1999,CRF1A4B,9086.21,households,uncovered
HU,2000,CRF1A4B,8717.27,households,uncovered
HU,2001,CRF1A4B,9297.69,households,uncovered
HU,2002,CRF1A4B,9660.04,households,uncovered
HU,2003,CRF1A4B,10830.93,households,uncovered
HU,2004,CRF1A4B,9758.34,households,uncovered
HU,2005,CRF1A4B,10645.93,households,uncovered
HU,2006,CRF1A4B,9882.35,households,uncovered
HU,2007,CRF1A4B,8269.91,households,uncovered
HU,2008,CRF1A4B,8577.95,households,uncovered
HU,2009,CRF1A4B,8250.69,households,uncovered
HU,2010,CRF1A4B,8596.06,households,uncovered
HU,2011,CRF1A4B,7945.0,households,uncovered
HU,2012,CRF1A4B,7205.74,households,uncovered
HU,2013,CRF1A4B,6713.25,households,uncovered
HU,2014,CRF1A4B,6100.88,households,uncovered
HU,2015,CRF1A4B,6815.52,households,uncovered
HU,2016,CRF1A4B,7310.96,households,uncovered
HU,2017,CRF1A4B,7796.26,households,uncovered
HU,2018,CRF1A4B,7276.26,households,uncovered
HU,2019,CRF1A4B,7040.68,households,uncovered
HU,2020,CRF1A4B,7538.43,households,uncovered
HU,2021,CRF1A4B,8208.1,households,uncovered
HU,2022,CRF1A4B,7136.5,households,uncovered
HU,2023,CRF1A4B,6208.19,households,uncovered
HU,2024,CRF1A4B,6114.01,households,uncovered
IE,1990,CRF1A4B,7048.17,households,uncovered
IE,1991,CRF1A4B,7155.66,households,uncovered
IE,1992,CRF1A4B,6427.63,households,uncovered
IE,1993,CRF1A4B,6425.8,households,uncovered
IE,1994,CRF1A4B,6390.1,households,uncovered
IE,1995,CRF1A4B,6244.22,households,uncovered
IE,1996,CRF1A4B,6574.55,households,uncovered
IE,1997,CRF1A4B,6359.08,households,uncovered
IE,1998,CRF1A4B,6906.03,households,uncovered
IE,1999,CRF1A4B,6718.08,households,uncovered
IE,2000,CRF1A4B,6809.04,households,uncovered
IE,2001,CRF1A4B,7164.02,households,uncovered
IE,2002,CRF1A4B,7172.05,households,uncovered
IE,2003,CRF1A4B,7409.53,households,uncovered
IE,2004,CRF1A4B,7564.9,households,uncovered
IE,2005,CRF1A4B,7986.97,households,uncovered
IE,2006,CRF1A4B,7857.07,households,uncovered
IE,2007,CRF1A4B,7689.85,households,uncovered
IE,2008,CRF1A4B,8452.45,households,uncovered
IE,2009,CRF1A4B,8304.86,households,uncovered
IE,2010,CRF1A4B,8628.43,households,uncovered
IE,2011,CRF1A4B,7423.72,households,uncovered
IE,2012,CRF1A4B,6943.11,households,uncovered
IE,2013,CRF1A4B,6726.27,households,uncovered
IE,2014,CRF1A4B,6053.67,households,uncovered
IE,2015,CRF1A4B,6440.03,households,uncovered
IE,2016,CRF1A4B,6683.93,households,uncovered
IE,2017,CRF1A4B,6155.49,households,uncovered
IE,2018,CRF1A4B,6634.56,households,uncovered
IE,2019,CRF1A4B,6375.19,households,uncovered
IE,2020,CRF1A4B,7011.4,households,uncovered
IE,2021,CRF1A4B,6537.5,households,uncovered
IE,2022,CRF1A4B,5485.19,households,uncovered
IE,2023,CRF1A4B,5111.43,households,uncovered
IE,2024,CRF1A4B,5363.96,households,uncovered
IS,1990,CRF1A4B,27.94,households,uncovered
IS,1991,CRF1A4B,24.22,households,uncovered
IS,1992,CRF1A4B,24.47,households,uncovered
IS,1993,CRF1A4B,22.37,households,uncovered
IS,1994,CRF1A4B,21.65,households,uncovered
IS,1995,CRF1A4B,21.96,households,uncovered
IS,1996,CRF1A4B,29.92,households,uncovered
IS,1997,CRF1A4B,20.64,households,uncovered
IS,1998,CRF1A4B,27.9,households,uncovered
IS,1999,CRF1A4B,28.8,households,uncovered
IS,2000,CRF1A4B,21.22,households,uncovered
IS,2001,CRF1A4B,17.98,households,uncovered
IS,2002,CRF1A4B,16.12,households,uncovered
IS,2003,CRF1A4B,10.37,households,uncovered
IS,2004,CRF1A4B,13.2,households,uncovered
IS,2005,CRF1A4B,13.03,households,uncovered
IS,2006,CRF1A4B,9.7,households,uncovered
IS,2007,CRF1A4B,9.87,households,uncovered
IS,2008,CRF1A4B,7.13,households,uncovered
IS,2009,CRF1A4B,8.83,households,uncovered
IS,2010,CRF1A4B,8.46,households,uncovered
IS,2011,CRF1A4B,7.3,households,uncovered
IS,2012,CRF1A4B,6.33,households,uncovered
IS,2013,CRF1A4B,6.09,households,uncovered
IS,2014,CRF1A4B,11.19,households,uncovered
IS,2015,CRF1A4B,5.91,households,uncovered
IS,2016,CRF1A4B,5.72,households,uncovered
IS,2017,CRF1A4B,9.43,households,uncovered
IS,2018,CRF1A4B,5.95,households,uncovered
IS,2019,CRF1A4B,5.48,households,uncovered
IS,2020,CRF1A4B,6.66,households,uncovered
IS,2021,CRF1A4B,5.16,households,uncovered
IS,2022,CRF1A4B,4.64,households,uncovered
IS,2023,CRF1A4B,4.21,households,uncovered
IS,2024,CRF1A4B,4.4,households,uncovered
IT,1990,CRF1A4B,55787.7,households,uncovered
IT,1991,CRF1A4B,60376.06,households,uncovered
IT,1992,CRF1A4B,56046.07,households,uncovered
IT,1993,CRF1A4B,55036.48,households,uncovered
IT,1994,CRF1A4B,47271.68,households,uncovered
IT,1995,CRF1A4B,52756.05,households,uncovered
IT,1996,CRF1A4B,53996.87,households,uncovered
IT,1997,CRF1A4B,51702.2,households,uncovered
IT,1998,CRF1A4B,54699.44,households,uncovered
IT,1999,CRF1A4B,57047.92,households,uncovered
IT,2000,CRF1A4B,53824.0,households,uncovered
IT,2001,CRF1A4B,57048.16,households,uncovered
IT,2002,CRF1A4B,54216.7,households,uncovered
IT,2003,CRF1A4B,56622.65,households,uncovered
IT,2004,CRF1A4B,58559.86,households,uncovered
IT,2005,CRF1A4B,60440.96,households,uncovered
IT,2006,CRF1A4B,54674.65,households,uncovered
IT,2007,CRF1A4B,49602.87,households,uncovered
IT,2008,CRF1A4B,50512.92,households,uncovered
IT,2009,CRF1A4B,52141.79,households,uncovered
IT,2010,CRF1A4B,55267.19,households,uncovered
IT,2011,CRF1A4B,52435.78,households,uncovered
IT,2012,CRF1A4B,52113.1,households,uncovered
IT,2013,CRF1A4B,51466.71,households,uncovered
IT,2014,CRF1A4B,43046.97,households,uncovered
IT,2015,CRF1A4B,47982.06,households,uncovered
IT,2016,CRF1A4B,48338.25,households,uncovered
IT,2017,CRF1A4B,47997.59,households,uncovered
IT,2018,CRF1A4B,46401.32,households,uncovered
IT,2019,CRF1A4B,44735.14,households,uncovered
IT,2020,CRF1A4B,44068.8,households,uncovered
IT,2021,CRF1A4B,48073.49,households,uncovered
IT,2022,CRF1A4B,41775.24,households,uncovered
IT,2023,CRF1A4B,36519.21,households,uncovered
IT,2024,CRF1A4B,36812.27,households,uncovered
LT,1990,CRF1A4B,2361.46,households,uncovered
LT,1991,CRF1A4B,2721.59,households,uncovered
LT,1992,CRF1A4B,1344.45,households,uncovered
LT,1993,CRF1A4B,1224.95,households,uncovered
LT,1994,CRF1A4B,1028.01,households,uncovered
LT,1995,CRF1A4B,788.77,households,uncovered
LT,1996,CRF1A4B,787.86,households,uncovered
LT,1997,CRF1A4B,776.12,households,uncovered
LT,1998,CRF1A4B,613.55,households,uncovered
LT,1999,CRF1A4B,581.63,households,uncovered
LT,2000,CRF1A4B,539.99,households,uncovered
LT,2001,CRF1A4B,549.57,households,uncovered
LT,2002,CRF1A4B,575.01,households,uncovered
LT,2003,CRF1A4B,609.83,households,uncovered
LT,2004,CRF1A4B,597.96,households,uncovered
LT,2005,CRF1A4B,634.77,households,uncovered
LT,2006,CRF1A4B,665.94,households,uncovered
LT,2007,CRF1A4B,648.27,households,uncovered
LT,2008,CRF1A4B,653.7,households,uncovered
LT,2009,CRF1A4B,640.88,households,uncovered
LT,2010,CRF1A4B,758.87,households,uncovered
LT,2011,CRF1A4B,751.99,households,uncovered
LT,2012,CRF1A4B,743.63,households,uncovered
LT,2013,CRF1A4B,697.85,households,uncovered
LT,2014,CRF1A4B,643.6,households,uncovered
LT,2015,CRF1A4B,591.04,households,uncovered
LT,2016,CRF1A4B,684.07,households,uncovered
LT,2017,CRF1A4B,751.29,households,uncovered
LT,2018,CRF1A4B,771.32,households,uncovered
LT,2019,CRF1A4B,735.06,households,uncovered
LT,2020,CRF1A4B,703.51,households,uncovered
LT,2021,CRF1A4B,836.02,households,uncovered
LT,2022,CRF1A4B,801.2,households,uncovered
LT,2023,CRF1A4B,747.43,households,uncovered
LT,2024,CRF1A4B,711.97,households,uncovered
LU,1990,CRF1A4B,669.92,households,uncovered
LU,1991,CRF1A4B,803.85,households,uncovered
LU,1992,CRF1A4B,738.28,households,uncovered
LU,1993,CRF1A4B,732.76,households,uncovered
LU,1994,CRF1A4B,698.16,households,uncovered
LU,1995,CRF1A4B,707.82,households,uncovered
LU,1996,CRF1A4B,778.06,households,uncovered
LU,1997,CRF1A4B,753.72,households,uncovered
LU,1998,CRF1A4B,784.29,households,uncovered
LU,1999,CRF1A4B,703.63,households,uncovered
LU,2000,CRF1A4B,1070.14,households,uncovered
LU,2001,CRF1A4B,1162.01,households,uncovered
LU,2002,CRF1A4B,1106.23,households,uncovered
LU,2003,CRF1A4B,1148.9,households,uncovered
LU,2004,CRF1A4B,1228.5,households,uncovered
LU,2005,CRF1A4B,1203.09,households,uncovered
LU,2006,CRF1A4B,1191.14,households,uncovered
LU,2007,CRF1A4B,1152.25,households,uncovered
LU,2008,CRF1A4B,1184.47,households,uncovered
LU,2009,CRF1A4B,1170.63,households,uncovered
LU,2010,CRF1A4B,1148.62,households,uncovered
LU,2011,CRF1A4B,1053.37,households,uncovered
LU,2012,CRF1A4B,1071.13,households,uncovered
LU,2013,CRF1A4B,1063.14,households,uncovered
LU,2014,CRF1A4B,960.09,households,uncovered
LU,2015,CRF1A4B,1072.17,households,uncovered
LU,2016,CRF1A4B,1104.17,households,uncovered
LU,2017,CRF1A4B,1125.27,households,uncovered
LU,2018,CRF1A4B,1028.45,households,uncovered
LU,2019,CRF1A4B,940.88,households,uncovered
LU,2020,CRF1A4B,1029.28,households,uncovered
LU,2021,CRF1A4B,985.75,households,uncovered
LU,2022,CRF1A4B,906.5,households,uncovered
LU,2023,CRF1A4B,906.35,households,uncovered
LU,2024,CRF1A4B,882.09,households,uncovered
LV,1990,CRF1A4B,1182.21,households,uncovered
LV,1991,CRF1A4B,1349.81,households,uncovered
LV,1992,CRF1A4B,1065.62,households,uncovered
LV,1993,CRF1A4B,1046.4,households,uncovered
LV,1994,CRF1A4B,850.87,households,uncovered
LV,1995,CRF1A4B,513.51,households,uncovered
LV,1996,CRF1A4B,495.08,households,uncovered
LV,1997,CRF1A4B,431.95,households,uncovered
LV,1998,CRF1A4B,346.6,households,uncovered
LV,1999,CRF1A4B,315.28,households,uncovered
LV,2000,CRF1A4B,289.17,households,uncovered
LV,2001,CRF1A4B,382.9,households,uncovered
LV,2002,CRF1A4B,354.9,households,uncovered
LV,2003,CRF1A4B,367.98,households,uncovered
LV,2004,CRF1A4B,387.19,households,uncovered
LV,2005,CRF1A4B,424.06,households,uncovered
LV,2006,CRF1A4B,422.4,households,uncovered
LV,2007,CRF1A4B,425.42,households,uncovered
LV,2008,CRF1A4B,428.33,households,uncovered
LV,2009,CRF1A4B,455.4,households,uncovered
LV,2010,CRF1A4B,545.89,households,uncovered
LV,2011,CRF1A4B,492.31,households,uncovered
LV,2012,CRF1A4B,457.8,households,uncovered
LV,2013,CRF1A4B,439.0,households,uncovered
LV,2014,CRF1A4B,441.43,households,uncovered
LV,2015,CRF1A4B,416.77,households,uncovered
LV,2016,CRF1A4B,448.81,households,uncovered
LV,2017,CRF1A4B,462.01,households,uncovered
LV,2018,CRF1A4B,465.53,households,uncovered
LV,2019,CRF1A4B,434.59,households,uncovered
LV,2020,CRF1A4B,418.81,households,uncovered
LV,2021,CRF1A4B,431.1,households,uncovered
LV,2022,CRF1A4B,408.28,households,uncovered
LV,2023,CRF1A4B,385.04,households,uncovered
LV,2024,CRF1A4B,400.12,households,uncovered
MT,1990,CRF1A4B,95.16,households,uncovered
MT,1991,CRF1A4B,98.14,households,uncovered
MT,1992,CRF1A4B,104.11,households,uncovered
MT,1993,CRF1A4B,104.11,households,uncovered
MT,1994,CRF1A4B,104.11,households,uncovered
MT,1995,CRF1A4B,110.41,households,uncovered
MT,1996,CRF1A4B,110.57,households,uncovered
MT,1997,CRF1A4B,98.14,households,uncovered
MT,1998,CRF1A4B,63.34,households,uncovered
MT,1999,CRF1A4B,79.08,households,uncovered
MT,2000,CRF1A4B,79.25,households,uncovered
MT,2001,CRF1A4B,79.25,households,uncovered
MT,2002,CRF1A4B,88.53,households,uncovered
MT,2003,CRF1A4B,97.98,households,uncovered
MT,2004,CRF1A4B,101.13,households,uncovered
MT,2005,CRF1A4B,50.08,households,uncovered
MT,2006,CRF1A4B,44.03,households,uncovered
MT,2007,CRF1A4B,37.98,households,uncovered
MT,2008,CRF1A4B,40.88,households,uncovered
MT,2009,CRF1A4B,40.64,households,uncovered
MT,2010,CRF1A4B,37.73,households,uncovered
MT,2011,CRF1A4B,34.83,households,uncovered
MT,2012,CRF1A4B,37.73,households,uncovered
MT,2013,CRF1A4B,43.82,households,uncovered
MT,2014,CRF1A4B,40.92,households,uncovered
MT,2015,CRF1A4B,46.73,households,uncovered
MT,2016,CRF1A4B,37.73,households,uncovered
MT,2017,CRF1A4B,43.43,households,uncovered
MT,2018,CRF1A4B,32.98,households,uncovered
MT,2019,CRF1A4B,34.67,households,uncovered
MT,2020,CRF1A4B,36.77,households,uncovered
MT,2021,CRF1A4B,33.83,households,uncovered
MT,2022,CRF1A4B,32.2,households,uncovered
MT,2023,CRF1A4B,29.52,households,uncovered
MT,2024,CRF1A4B,28.16,households,uncovered
NL,1990,CRF1A4B,20792.92,households,uncovered
NL,1991,CRF1A4B,23867.33,households,uncovered
NL,1992,CRF1A4B,21942.82,households,uncovered
NL,1993,CRF1A4B,23061.77,households,uncovered
NL,1994,CRF1A4B,21561.15,households,uncovered
NL,1995,CRF1A4B,23386.65,households,uncovered
NL,1996,CRF1A4B,27248.57,households,uncovered
NL,1997,CRF1A4B,22845.93,households,uncovered
NL,1998,CRF1A4B,21722.24,households,uncovered
NL,1999,CRF1A4B,20600.81,households,uncovered
NL,2000,CRF1A4B,20550.36,households,uncovered
NL,2001,CRF1A4B,21803.52,households,uncovered
NL,2002,CRF1A4B,21026.78,households,uncovered
NL,2003,CRF1A4B,21509.72,households,uncovered
NL,2004,CRF1A4B,20552.5,households,uncovered
NL,2005,CRF1A4B,19749.36,households,uncovered
NL,2006,CRF1A4B,19894.08,households,uncovered
NL,2007,CRF1A4B,17752.15,households,uncovered
NL,2008,CRF1A4B,20091.81,households,uncovered
NL,2009,CRF1A4B,19973.9,households,uncovered
NL,2010,CRF1A4B,23239.46,households,uncovered
NL,2011,CRF1A4B,18049.47,households,uncovered
NL,2012,CRF1A4B,19287.17,households,uncovered
NL,2013,CRF1A4B,20467.7,households,uncovered
NL,2014,CRF1A4B,15257.2,households,uncovered
NL,2015,CRF1A4B,16264.16,households,uncovered
NL,2016,CRF1A4B,16940.33,households,uncovered
NL,2017,CRF1A4B,16457.35,households,uncovered
NL,2018,CRF1A4B,16341.46,households,uncovered
NL,2019,CRF1A4B,15771.66,households,uncovered
NL,2020,CRF1A4B,15022.41,households,uncovered
NL,2021,CRF1A4B,17008.97,households,uncovered
NL,2022,CRF1A4B,12704.2,households,uncovered
NL,2023,CRF1A4B,11336.93,households,uncovered
NL,2024,CRF1A4B,11061.03,households,uncovered
NO,1990,CRF1A4B,1412.21,households,uncovered
NO,1991,CRF1A4B,1297.17,households,uncovered
NO,1992,CRF1A4B,1228.88,households,uncovered
NO,1993,CRF1A4B,1224.37,households,uncovered
NO,1994,CRF1A4B,1235.8,households,uncovered
NO,1995,CRF1A4B,1313.32,households,uncovered
NO,1996,CRF1A4B,1588.15,households,uncovered
NO,1997,CRF1A4B,1383.08,households,uncovered
NO,1998,CRF1A4B,1231.53,households,uncovered
NO,1999,CRF1A4B,1308.27,households,uncovered
NO,2000,CRF1A4B,1019.92,households,uncovered
NO,2001,CRF1A4B,1039.33,households,uncovered
NO,2002,CRF1A4B,1111.23,households,uncovered
NO,2003,CRF1A4B,1334.37,households,uncovered
NO,2004,CRF1A4B,1230.54,households,uncovered
NO,2005,CRF1A4B,986.31,households,uncovered
NO,2006,CRF1A4B,1133.4,households,uncovered
NO,2007,CRF1A4B,974.64,households,uncovered
NO,2008,CRF1A4B,862.03,households,uncovered
NO,2009,CRF1A4B,853.41,households,uncovered
NO,2010,CRF1A4B,957.59,households,uncovered
NO,2011,CRF1A4B,746.56,households,uncovered
NO,2012,CRF1A4B,780.46,households,uncovered
NO,2013,CRF1A4B,744.94,households,uncovered
NO,2014,CRF1A4B,636.59,households,uncovered
NO,2015,CRF1A4B,608.3,households,uncovered
NO,2016,CRF1A4B,628.05,households,uncovered
NO,2017,CRF1A4B,571.66,households,uncovered
NO,2018,CRF1A4B,505.61,households,uncovered
NO,2019,CRF1A4B,385.04,households,uncovered
NO,2020,CRF1A4B,360.89,households,uncovered
NO,2021,CRF1A4B,342.03,households,uncovered
NO,2022,CRF1A4B,294.09,households,uncovered
NO,2023,CRF1A4B,265.62,households,uncovered
NO,2024,CRF1A4B,267.52,households,uncovered
PL,1990,CRF1A4B,35222.5,households,uncovered
PL,1991,CRF1A4B,43376.72,households,uncovered
PL,1992,CRF1A4B,44529.83,households,uncovered
PL,1993,CRF1A4B,47375.66,households,uncovered
PL,1994,CRF1A4B,41929.82,households,uncovered
PL,1995,CRF1A4B,42073.9,households,uncovered
PL,1996,CRF1A4B,43277.56,households,uncovered
PL,1997,CRF1A4B,39482.75,households,uncovered
PL,1998,CRF1A4B,31881.78,households,uncovered
PL,1999,CRF1A4B,32788.52,households,uncovered
PL,2000,CRF1A4B,26762.01,households,uncovered
PL,2001,CRF1A4B,29290.06,households,uncovered
PL,2002,CRF1A4B,31090.11,households,uncovered
PL,2003,CRF1A4B,31109.36,households,uncovered
PL,2004,CRF1A4B,31805.66,households,uncovered
PL,2005,CRF1A4B,34390.73,households,uncovered
PL,2006,CRF1A4B,37856.58,households,uncovered
PL,2007,CRF1A4B,34603.04,households,uncovered
PL,2008,CRF1A4B,36044.07,households,uncovered
PL,2009,CRF1A4B,36813.76,households,uncovered
PL,2010,CRF1A4B,41246.13,households,uncovered
PL,2011,CRF1A4B,36207.9,households,uncovered
PL,2012,CRF1A4B,37947.07,households,uncovered
PL,2013,CRF1A4B,36958.45,households,uncovered
PL,2014,CRF1A4B,33921.64,households,uncovered
PL,2015,CRF1A4B,33478.76,households,uncovered
PL,2016,CRF1A4B,35649.24,households,uncovered
PL,2017,CRF1A4B,35916.58,households,uncovered
PL,2018,CRF1A4B,34305.93,households,uncovered
PL,2019,CRF1A4B,29887.25,households,uncovered
PL,2020,CRF1A4B,31113.12,households,uncovered
PL,2021,CRF1A4B,31457.18,households,uncovered
PL,2022,CRF1A4B,28014.27,households,uncovered
PL,2023,CRF1A4B,27578.46,households,uncovered
PL,2024,CRF1A4B,25658.69,households,uncovered
PT,1990,CRF1A4B,1639.9,households,uncovered
PT,1991,CRF1A4B,1721.17,households,uncovered
PT,1992,CRF1A4B,1823.64,households,uncovered
PT,1993,CRF1A4B,1914.81,households,uncovered
PT,1994,CRF1A4B,1937.38,households,uncovered
PT,1995,CRF1A4B,1941.24,households,uncovered
PT,1996,CRF1A4B,2081.02,households,uncovered
PT,1997,CRF1A4B,2018.47,households,uncovered
PT,1998,CRF1A4B,2141.32,households,uncovered
PT,1999,CRF1A4B,2317.93,households,uncovered
PT,2000,CRF1A4B,2424.08,households,uncovered
PT,2001,CRF1A4B,2297.51,households,uncovered
PT,2002,CRF1A4B,2359.16,households,uncovered
PT,2003,CRF1A4B,2326.16,households,uncovered
PT,2004,CRF1A4B,2366.11,households,uncovered
PT,2005,CRF1A4B,2388.92,households,uncovered
PT,2006,CRF1A4B,2252.23,households,uncovered
PT,2007,CRF1A4B,2234.06,households,uncovered
PT,2008,CRF1A4B,2270.4,households,uncovered
PT,2009,CRF1A4B,2278.68,households,uncovered
PT,2010,CRF1A4B,2562.65,households,uncovered
PT,2011,CRF1A4B,2203.19,households,uncovered
PT,2012,CRF1A4B,2046.87,households,uncovered
PT,2013,CRF1A4B,1971.08,households,uncovered
PT,2014,CRF1A4B,1874.76,households,uncovered
PT,2015,CRF1A4B,1791.91,households,uncovered
PT,2016,CRF1A4B,1754.41,households,uncovered
PT,2017,CRF1A4B,1747.53,households,uncovered
PT,2018,CRF1A4B,1784.28,households,uncovered
PT,2019,CRF1A4B,1801.55,households,uncovered
PT,2020,CRF1A4B,1907.93,households,uncovered
PT,2021,CRF1A4B,1729.98,households,uncovered
PT,2022,CRF1A4B,1587.47,households,uncovered
PT,2023,CRF1A4B,1287.6,households,uncovered
PT,2024,CRF1A4B,1505.43,households,uncovered
RO,1990,CRF1A4B,8870.88,households,uncovered
RO,1991,CRF1A4B,8856.73,households,uncovered
RO,1992,CRF1A4B,6241.02,households,uncovered
RO,1993,CRF1A4B,5542.69,households,uncovered
RO,1994,CRF1A4B,4644.2,households,uncovered
RO,1995,CRF1A4B,5218.18,households,uncovered
RO,1996,CRF1A4B,5035.93,households,uncovered
RO,1997,CRF1A4B,6425.16,households,uncovered
RO,1998,CRF1A4B,6513.19,households,uncovered
RO,1999,CRF1A4B,6070.32,households,uncovered
RO,2000,CRF1A4B,6529.68,households,uncovered
RO,2001,CRF1A4B,5637.14,households,uncovered
RO,2002,CRF1A4B,6412.19,households,uncovered
RO,2003,CRF1A4B,7211.46,households,uncovered
RO,2004,CRF1A4B,7213.31,households,uncovered
RO,2005,CRF1A4B,7234.65,households,uncovered
RO,2006,CRF1A4B,7233.35,households,uncovered
RO,2007,CRF1A4B,6471.51,households,uncovered
RO,2008,CRF1A4B,6113.98,households,uncovered
RO,2009,CRF1A4B,5860.02,households,uncovered
RO,2010,CRF1A4B,5786.18,households,uncovered
RO,2011,CRF1A4B,6113.05,households,uncovered
RO,2012,CRF1A4B,6538.62,households,uncovered
RO,2013,CRF1A4B,6309.96,households,uncovered
RO,2014,CRF1A4B,5897.98,households,uncovered
RO,2015,CRF1A4B,6155.19,households,uncovered
RO,2016,CRF1A4B,6222.56,households,uncovered
RO,2017,CRF1A4B,6528.23,households,uncovered
RO,2018,CRF1A4B,6765.57,households,uncovered
RO,2019,CRF1A4B,6821.51,households,uncovered
RO,2020,CRF1A4B,7217.22,households,uncovered
RO,2021,CRF1A4B,8325.89,households,uncovered
RO,2022,CRF1A4B,7196.57,households,uncovered
RO,2023,CRF1A4B,6902.71,households,uncovered
RO,2024,CRF1A4B,6964.62,households,uncovered
SE,1990,CRF1A4B,6286.45,households,uncovered
SE,1991,CRF1A4B,6271.13,households,uncovered
SE,1992,CRF1A4B,6063.8,households,uncovered
SE,1993,CRF1A4B,5952.6,households,uncovered
SE,1994,CRF1A4B,6077.7,households,uncovered
SE,1995,CRF1A4B,5917.46,households,uncovered
SE,1996,CRF1A4B,5801.52,households,uncovered
SE,1997,CRF1A4B,5195.31,households,uncovered
SE,1998,CRF1A4B,5190.28,households,uncovered
SE,1999,CRF1A4B,4738.18,households,uncovered
SE,2000,CRF1A4B,4688.66,households,uncovered
SE,2001,CRF1A4B,4001.76,households,uncovered
SE,2002,CRF1A4B,3554.16,households,uncovered
SE,2003,CRF1A4B,3241.85,households,uncovered
SE,2004,CRF1A4B,3051.45,households,uncovered
SE,2005,CRF1A4B,2270.43,households,uncovered
SE,2006,CRF1A4B,1656.07,households,uncovered
SE,2007,CRF1A4B,1354.24,households,uncovered
SE,2008,CRF1A4B,1115.77,households,uncovered
SE,2009,CRF1A4B,1013.72,households,uncovered
SE,2010,CRF1A4B,942.03,households,uncovered
SE,2011,CRF1A4B,677.47,households,uncovered
SE,2012,CRF1A4B,648.94,households,uncovered
SE,2013,CRF1A4B,629.98,households,uncovered
SE,2014,CRF1A4B,554.45,households,uncovered
SE,2015,CRF1A4B,546.5,households,uncovered
SE,2016,CRF1A4B,472.44,households,uncovered
SE,2017,CRF1A4B,484.21,households,uncovered
SE,2018,CRF1A4B,464.02,households,uncovered
SE,2019,CRF1A4B,420.03,households,uncovered
SE,2020,CRF1A4B,407.04,households,uncovered
SE,2021,CRF1A4B,438.99,households,uncovered
SE,2022,CRF1A4B,364.44,households,uncovered
SE,2023,CRF1A4B,334.33,households,uncovered
SE,2024,CRF1A4B,345.01,households,uncovered
SI,1990,CRF1A4B,897.92,households,uncovered
SI,1991,CRF1A4B,995.74,households,uncovered
SI,1992,CRF1A4B,924.85,households,uncovered
SI,1993,CRF1A4B,1207.0,households,uncovered
SI,1994,CRF1A4B,1169.41,households,uncovered
SI,1995,CRF1A4B,1341.31,households,uncovered
SI,1996,CRF1A4B,1688.83,households,uncovered
SI,1997,CRF1A4B,1791.26,households,uncovered
SI,1998,CRF1A4B,1833.59,households,uncovered
SI,1999,CRF1A4B,1986.53,households,uncovered
SI,2000,CRF1A4B,1477.42,households,uncovered
SI,2001,CRF1A4B,1845.19,households,uncovered
SI,2002,CRF1A4B,1762.82,households,uncovered
SI,2003,CRF1A4B,1712.17,households,uncovered
SI,2004,CRF1A4B,1624.67,households,uncovered
SI,2005,CRF1A4B,1464.43,households,uncovered
SI,2006,CRF1A4B,1385.42,households,uncovered
SI,2007,CRF1A4B,1081.49,households,uncovered
SI,2008,CRF1A4B,1215.2,households,uncovered
SI,2009,CRF1A4B,1162.37,households,uncovered
SI,2010,CRF1A4B,1214.29,households,uncovered
SI,2011,CRF1A4B,1038.22,households,uncovered
SI,2012,CRF1A4B,946.93,households,uncovered
SI,2013,CRF1A4B,825.47,households,uncovered
SI,2014,CRF1A4B,660.83,households,uncovered
SI,2015,CRF1A4B,709.94,households,uncovered
SI,2016,CRF1A4B,704.6,households,uncovered
SI,2017,CRF1A4B,685.89,households,uncovered
SI,2018,CRF1A4B,638.09,households,uncovered
SI,2019,CRF1A4B,628.36,households,uncovered
SI,2020,CRF1A4B,652.19,households,uncovered
SI,2021,CRF1A4B,617.98,households,uncovered
SI,2022,CRF1A4B,615.82,households,uncovered
SI,2023,CRF1A4B,564.21,households,uncovered
SI,2024,CRF1A4B,507.69,households,uncovered
SK,1990,CRF1A4B,6773.36,households,uncovered
SK,1991,CRF1A4B,6261.05,households,uncovered
SK,1992,CRF1A4B,6249.3,households,uncovered
SK,1993,CRF1A4B,4979.04,households,uncovered
SK,1994,CRF1A4B,4580.78,households,uncovered
SK,1995,CRF1A4B,4346.13,households,uncovered
SK,1996,CRF1A4B,4439.89,households,uncovered
SK,1997,CRF1A4B,4352.78,households,uncovered
SK,1998,CRF1A4B,4708.67,households,uncovered
SK,1999,CRF1A4B,4798.17,households,uncovered
SK,2000,CRF1A4B,4545.0,households,uncovered
SK,2001,CRF1A4B,4954.56,households,uncovered
SK,2002,CRF1A4B,4363.22,households,uncovered
SK,2003,CRF1A4B,4344.68,households,uncovered
SK,2004,CRF1A4B,3881.24,households,uncovered
SK,2005,CRF1A4B,3671.63,households,uncovered
SK,2006,CRF1A4B,3424.2,households,uncovered
SK,2007,CRF1A4B,2911.09,households,uncovered
SK,2008,CRF1A4B,3064.39,households,uncovered
SK,2009,CRF1A4B,3086.83,households,uncovered
SK,2010,CRF1A4B,3399.84,households,uncovered
SK,2011,CRF1A4B,3013.04,households,uncovered
SK,2012,CRF1A4B,2942.47,households,uncovered
SK,2013,CRF1A4B,2990.2,households,uncovered
SK,2014,CRF1A4B,2662.28,households,uncovered
SK,2015,CRF1A4B,2722.92,households,uncovered
SK,2016,CRF1A4B,2782.42,households,uncovered
SK,2017,CRF1A4B,3092.09,households,uncovered
SK,2018,CRF1A4B,2808.9,households,uncovered
SK,2019,CRF1A4B,2841.01,households,uncovered
SK,2020,CRF1A4B,2894.03,households,uncovered
SK,2021,CRF1A4B,3173.04,households,uncovered
SK,2022,CRF1A4B,2869.42,households,uncovered
SK,2023,CRF1A4B,2611.44,households,uncovered
SK,2024,CRF1A4B,2505.96,households,uncovered
TR,1990,CRF1A4B,13875.1,households,uncovered
TR,1991,CRF1A4B,14624.29,households,uncovered
TR,1992,CRF1A4B,15866.1,households,uncovered
TR,1993,CRF1A4B,14606.27,households,uncovered
TR,1994,CRF1A4B,11307.61,households,uncovered
TR,1995,CRF1A4B,12973.38,households,uncovered
TR,1996,CRF1A4B,13638.95,households,uncovered
TR,1997,CRF1A4B,16027.57,households,uncovered
TR,1998,CRF1A4B,13020.52,households,uncovered
TR,1999,CRF1A4B,11410.18,households,uncovered
TR,2000,CRF1A4B,12027.92,households,uncovered
TR,2001,CRF1A4B,8843.4,households,uncovered
TR,2002,CRF1A4B,10470.27,households,uncovered
TR,2003,CRF1A4B,13649.04,households,uncovered
TR,2004,CRF1A4B,15559.4,households,uncovered
TR,2005,CRF1A4B,17827.08,households,uncovered
TR,2006,CRF1A4B,19193.88,households,uncovered
TR,2007,CRF1A4B,21708.46,households,uncovered
TR,2008,CRF1A4B,36680.0,households,uncovered
TR,2009,CRF1A4B,43326.82,households,uncovered
TR,2010,CRF1A4B,42092.12,households,uncovered
TR,2011,CRF1A4B,45152.81,households,uncovered
TR,2012,CRF1A4B,47262.72,households,uncovered
TR,2013,CRF1A4B,41996.21,households,uncovered
TR,2014,CRF1A4B,41228.2,households,uncovered
TR,2015,CRF1A4B,33739.74,households,uncovered
TR,2016,CRF1A4B,34736.1,households,uncovered
TR,2017,CRF1A4B,43490.48,households,uncovered
TR,2018,CRF1A4B,39639.42,households,uncovered
TR,2019,CRF1A4B,43836.41,households,uncovered
TR,2020,CRF1A4B,50049.69,households,uncovered
TR,2021,CRF1A4B,49822.63,households,uncovered
TR,2022,CRF1A4B,48593.34,households,uncovered
TR,2023,CRF1A4B,46975.84,households,uncovered
TR,2024,CRF1A4B,50956.33,households,uncovered
